gene,target_herb_degree,N_database_herbs,target_idf,network_degree_unweighted,network_degree_weighted,in_STRING,Z_meta_equal,Z_meta_neff_weighted,measured_in_CAP_primary,degree_bin,ubiquity_bin,matched_stratum
ABCB1,28,172,2.7859957645113047,21.0,16.63,True,-9.244803810105765,-9.19129903144752,True,D2,U3,D2_U3
ABCB11,18,172,3.2088526153313386,18.0,15.145999999999999,True,,,False,D1,U3,D1_U3
ABCC1,60,172,2.042417730324468,4.0,3.299,True,-1.5812475234293173,-1.532257832016933,True,D1,U3,D1_U3
ABCG2,63,172,1.9944085111381071,27.0,21.456999999999997,True,,,False,D2,U3,D2_U3
ACHE,95,172,1.5889434030299427,30.0,24.661000000000005,True,,,False,D2,U4,D2_U4
ACP1,24,172,2.9344157696295783,17.0,13.466,True,-4.322366262742755,-4.376414048412243,True,D1,U3,D1_U3
ADORA1,31,172,2.6875556916980523,18.0,14.756999999999998,True,,,False,D1,U3,D1_U3
ADORA2A,35,172,2.569772656041669,33.0,28.406,True,4.208253074992976,4.177132630379586,True,D2,U3,D2_U3
ADORA2B,31,172,2.6875556916980523,8.0,6.59,True,6.194930504803826,6.141220148509846,True,D1,U3,D1_U3
ADORA3,74,172,1.8358034809614685,5.0,4.574,True,0.3497821693270508,0.1605965360148251,True,D1,U4,D1_U4
ADRA1A,2,172,5.054679305829669,12.0,10.276,True,,,False,D1,U1,D1_U1
ADRA1B,2,172,5.054679305829669,13.0,10.910000000000002,True,,,False,D1,U1,D1_U1
ADRA1D,1,172,5.460144413937834,19.0,15.749,True,,,False,D2,U1,D2_U1
ADRA2A,2,172,5.054679305829669,18.0,14.803999999999998,True,-0.5922268373153505,-0.6452710657257782,True,D1,U1,D1_U1
ADRA2B,13,172,3.5142342648825204,5.0,4.398000000000001,True,,,False,D1,U2,D1_U2
ADRA2C,2,172,5.054679305829669,9.0,7.438,True,,,False,D1,U1,D1_U1
ADRB1,1,172,5.460144413937834,28.0,24.29,True,,,False,D2,U1,D2_U1
ADRB2,25,172,2.8951950564762967,64.0,53.324000000000005,True,-5.584192512554655,-5.593526583613897,True,D3,U3,D3_U3
AGTR1,1,172,5.460144413937834,46.0,38.625,True,,,False,D3,U1,D3_U1
AKR1B1,113,172,1.4170931461032836,42.0,37.897,True,-4.081977169265002,-4.035663362049816,True,D3,U4,D3_U4
AKR1B10,87,172,1.6759547800195724,40.0,35.381,True,,,False,D3,U4,D3_U4
AKR1C2,44,172,2.3466291047274592,29.0,26.800000000000004,True,,,False,D2,U3,D2_U3
AKR1C3,45,172,2.324650198008684,61.0,56.412,True,-4.992401538846224,-4.9913450445643415,True,D3,U3,D3_U3
AKR1C4,44,172,2.3466291047274592,30.0,27.675,True,,,False,D2,U3,D2_U3
AKT1,67,172,1.9337838893216723,435.0,367.50600000000003,True,-1.7440732459487165,-1.7973252879180277,True,D4,U4,D4_U4
ALDH2,2,172,5.054679305829669,67.0,59.902,True,2.3419342157906966,2.3540135874730908,True,D3,U1,D3_U1
ALK,51,172,2.2020478759163518,66.0,56.75900000000001,True,,,False,D3,U3,D3_U3
ALOX12,79,172,1.7712649598238974,30.0,25.554000000000002,True,1.4542277060112994,1.4168962729796477,True,D2,U4,D2_U4
ALOX15,116,172,1.391117659700023,44.0,37.713,True,-4.2244541453378535,-4.2678701031942365,True,D3,U4,D3_U4
ALOX5,105,172,1.4898525003857117,44.0,38.684,True,9.021832479512788,8.954887612598704,True,D3,U4,D3_U4
ALPI,46,172,2.3031439927877204,7.0,5.943999999999999,True,,,False,D1,U3,D1_U3
ALPL,46,172,2.3031439927877204,24.0,19.775999999999996,True,9.99672616508083,9.98321476629745,True,D2,U3,D2_U3
AMY1A,83,172,1.7224747956544653,2.0,1.9020000000000001,True,,,False,D1,U4,D1_U4
ANPEP,2,172,5.054679305829669,59.0,50.354000000000006,True,8.848331678022056,8.779235998483605,True,D3,U1,D3_U1
AOC3,5,172,4.361532125269724,38.0,32.681000000000004,True,2.5635597985384377,2.452977906360096,True,D3,U2,D3_U2
AOX1,5,172,4.361532125269724,88.0,80.817,True,,,False,D4,U2,D4_U2
APEX1,91,172,1.6315030174487386,84.0,70.339,True,-5.2414174329799454,-5.289194315727436,True,D4,U4,D4_U4
APOBEC3G,10,172,3.755396321699408,28.0,23.294000000000004,True,-0.8721796337723124,-0.9106266938928904,True,D2,U2,D2_U2
APP,94,172,1.599414702897238,212.0,178.41299999999998,True,3.407337841223016,3.3843115447552976,True,D4,U4,D4_U4
AR,71,172,1.8766254754817235,140.0,118.24,True,-1.3336668796787785,-1.2853218211229074,True,D4,U4,D4_U4
ATR,3,172,4.7669972333778885,106.0,89.698,True,-4.566839099445882,-4.4570360253030925,True,D4,U1,D4_U1
AURKA,11,172,3.6683849447097785,122.0,104.144,True,6.362200615838401,6.278219926571151,True,D4,U2,D4_U2
AURKB,59,172,2.058947032275678,158.0,133.927,True,6.689665913304518,6.634581888658855,True,D4,U3,D4_U3
AVPR2,49,172,2.241268589069633,26.0,22.086000000000002,True,,,False,D2,U3,D2_U3
AXL,51,172,2.2020478759163518,32.0,26.95,True,-6.015778224812396,-5.786072796300369,True,D2,U3,D2_U3
BACE1,96,172,1.578580615994396,41.0,33.926,True,,,False,D3,U4,D3_U4
BBOX1,1,172,5.460144413937834,51.0,41.60199999999999,True,,,False,D3,U1,D3_U1
BCHE,79,172,1.7712649598238974,20.0,15.821000000000003,True,,,False,D2,U4,D2_U4
BCL2,51,172,2.2020478759163518,277.0,232.608,True,-5.780873706615038,-5.717451898924142,True,D4,U3,D4_U3
BCL2L1,43,172,2.369101960579518,139.0,118.73299999999999,True,-1.60672107932677,-1.7233494895038055,True,D4,U3,D4_U3
BCR,8,172,3.95606701716156,23.0,19.337999999999997,True,1.5582726487324583,1.6053290041709607,True,D2,U2,D2_U2
BRAF,11,172,3.6683849447097785,94.0,81.59299999999998,True,0.8840279126077919,0.871655246174134,True,D4,U2,D4_U2
CA1,117,172,1.3826069700321142,12.0,9.564,True,2.411233113262115,2.3001861376450914,True,D1,U4,D1_U4
CA12,113,172,1.4170931461032836,2.0,1.545,True,,,False,D1,U4,D1_U4
CA13,52,172,2.182999680945657,1.0,0.854,True,-1.864251497219108,-1.805315458419587,True,D1,U3,D1_U3
CA14,99,172,1.5481214085096875,1.0,0.85,True,,,False,D1,U4,D1_U4
CA2,117,172,1.3826069700321142,21.0,17.167,True,0.3178661903218973,0.2201939918603021,True,D2,U4,D2_U4
CA3,97,172,1.568324115827207,4.0,3.096,True,,,False,D1,U4,D1_U4
CA4,111,172,1.4347927232026845,7.0,5.308999999999999,True,8.855560966591357,8.80577468050861,True,D1,U4,D1_U4
CA5A,97,172,1.568324115827207,2.0,1.583,True,,,False,D1,U4,D1_U4
CA5B,97,172,1.568324115827207,2.0,1.609,True,-7.797463299108372,-7.714644014583456,True,D1,U4,D1_U4
CA6,100,172,1.5381710776565196,6.0,4.981,True,-3.9082288950882655,-3.779159027751786,True,D1,U4,D1_U4
CA7,113,172,1.4170931461032836,5.0,3.808,True,,,False,D1,U4,D1_U4
CA9,103,172,1.5089006953564064,14.0,11.239999999999998,True,,,False,D1,U4,D1_U4
CACNA1C,2,172,5.054679305829669,121.0,103.215,True,,,False,D4,U1,D4_U1
CACNA1D,1,172,5.460144413937834,97.0,82.534,True,1.8528425583995385,1.728895716787843,True,D4,U1,D4_U1
CAMK2B,50,172,2.221465961773453,81.0,69.56099999999999,True,,,False,D4,U3,D4_U3
CARM1,10,172,3.755396321699408,63.0,56.17399999999999,True,-1.952849450998261,-2.007781843061649,True,D3,U2,D3_U2
CBR1,23,172,2.975237764149833,37.0,34.451,True,1.4650999820657578,1.4453748202826115,True,D3,U3,D3_U3
CCR4,49,172,2.241268589069633,20.0,15.860999999999999,True,-2.6207776266780702,-2.540628125060889,True,D2,U3,D2_U3
CD38,67,172,1.9337838893216723,99.0,82.366,True,2.2261423043995325,2.2435042933306737,True,D4,U4,D4_U4
CDC25B,32,172,2.6567840330312986,41.0,36.07,True,-5.30776168915212,-5.283278106451162,True,D3,U3,D3_U3
CDK6,69,172,1.90479635244842,64.0,55.172000000000004,True,-3.5328012994464384,-3.484744668210094,True,D3,U4,D3_U4
CES1,13,172,3.5142342648825204,34.0,28.137,True,4.881546353699304,4.909737554545007,True,D2,U2,D2_U2
CES2,12,172,3.588342237036242,24.0,19.915000000000003,True,-0.8889126599783478,-0.9526430223893968,True,D2,U2,D2_U2
CHRM1,6,172,4.207381445442466,37.0,30.544000000000004,True,,,False,D3,U2,D3_U2
CHRM2,6,172,4.207381445442466,27.0,21.977999999999994,True,,,False,D2,U2,D2_U2
CHRM3,4,172,4.543853682063679,9.0,7.875,True,,,False,D1,U1,D1_U1
CHRM4,6,172,4.207381445442466,8.0,6.57,True,,,False,D1,U2,D1_U2
CHRM5,5,172,4.361532125269724,7.0,6.402,True,,,False,D1,U2,D1_U2
CHRNA3,3,172,4.7669972333778885,18.0,15.431999999999999,True,,,False,D1,U1,D1_U1
CHRNA7,10,172,3.755396321699408,13.0,11.094,True,2.4982435086335006,2.420806349434594,True,D1,U2,D1_U2
CLK1,1,172,5.460144413937834,10.0,8.269,True,-0.8980011408784694,-1.0530179201287992,True,D1,U1,D1_U1
CNR1,16,172,3.3200782504415627,40.0,34.199,True,1.7746309628518888,1.836843864701154,True,D3,U2,D3_U2
CNR2,16,172,3.3200782504415627,10.0,8.564,True,-5.767700255497101,-5.67893410700588,True,D1,U2,D1_U2
CSNK1D,1,172,5.460144413937834,83.0,71.60600000000001,True,6.590724192704918,6.596136756041306,True,D4,U1,D4_U1
CSNK2A1,49,172,2.241268589069633,74.0,61.39800000000001,True,-2.768573447526141,-2.748573654602653,True,D3,U3,D3_U3
CTBP2,8,172,3.95606701716156,54.0,46.076,True,5.0176015404803564,4.970713752101844,True,D3,U2,D3_U2
CTSD,12,172,3.588342237036242,41.0,33.330999999999996,True,11.211974798231353,11.08505015047866,True,D3,U2,D3_U2
CTSL,39,172,2.4644121403838426,24.0,20.576000000000004,True,3.613217406348844,3.63986061367774,True,D2,U3,D2_U3
CXCL8,94,172,1.599414702897238,211.0,174.51399999999998,True,-0.9900714197639008,-1.1552114268430882,True,D4,U4,D4_U4
CXCR1,49,172,2.241268589069633,75.0,64.64699999999999,True,6.949492877891695,6.91875870293462,True,D3,U3,D3_U3
CYP19A1,115,172,1.3997014033914144,65.0,57.426,True,2.843194812265676,2.7031059490522558,True,D3,U4,D3_U4
CYP1A1,79,172,1.7712649598238974,101.0,93.85399999999998,True,,,False,D4,U4,D4_U4
CYP1A2,86,172,1.6873834758431951,91.0,83.499,True,,,False,D4,U4,D4_U4
CYP1B1,78,172,1.7838437420307574,68.0,61.660000000000004,True,8.476596914117073,8.466340080369326,True,D3,U4,D3_U4
CYP2A13,10,172,3.755396321699408,52.0,48.011,True,,,False,D3,U2,D3_U2
CYP2A6,66,172,1.948598975106813,84.0,77.206,True,,,False,D4,U4,D4_U4
CYP2B6,14,172,3.445241393395569,84.0,73.36799999999998,True,,,False,D4,U2,D4_U2
CYP2C19,105,172,1.4898525003857117,60.0,51.43999999999999,True,,,False,D3,U4,D3_U4
CYP2C8,51,172,2.2020478759163518,70.0,62.368999999999986,True,,,False,D3,U3,D3_U3
CYP2C9,106,172,1.4804627600358728,89.0,81.19600000000001,True,,,False,D4,U4,D4_U4
CYP2D6,105,172,1.4898525003857117,48.0,43.664,True,-2.839741328725197,-2.8188011225496763,True,D3,U4,D3_U4
CYP2E1,4,172,4.543853682063679,109.0,99.743,True,-5.775080361622667,-5.637704569645429,True,D4,U1,D4_U1
CYP2J2,51,172,2.2020478759163518,33.0,29.669,True,-3.631365226288877,-3.5298638256593398,True,D2,U3,D2_U3
CYP3A4,134,172,1.2480168160593494,117.0,107.55499999999999,True,,,False,D4,U4,D4_U4
CYP3A5,1,172,5.460144413937834,81.0,72.753,True,,,False,D4,U1,D4_U1
DAO,29,172,2.7520942128356234,23.0,20.528999999999996,True,,,False,D2,U3,D2_U3
DAPK1,82,172,1.734450986701181,25.0,22.162,True,2.159051727431104,2.1915435773116574,True,D2,U4,D2_U4
DHFR,11,172,3.6683849447097785,44.0,39.083000000000006,True,7.066766448827854,7.095033672886977,True,D3,U2,D3_U2
DNMT1,8,172,3.95606701716156,128.0,111.362,True,-4.1684828193914,-4.128425874770548,True,D4,U2,D4_U2
DNMT3B,2,172,5.054679305829669,91.0,79.14200000000001,True,-0.3323985810152821,-0.4022985157239747,True,D4,U1,D4_U1
DPP4,82,172,1.734450986701181,51.0,43.902,True,-6.380240653937316,-6.258942554195417,True,D3,U4,D3_U4
DRD1,74,172,1.8358034809614685,32.0,27.140000000000004,True,,,False,D2,U4,D2_U4
DRD2,11,172,3.6683849447097785,67.0,57.809000000000005,True,,,False,D3,U2,D3_U2
DRD3,4,172,4.543853682063679,21.0,16.906000000000002,True,,,False,D2,U1,D2_U1
DRD4,2,172,5.054679305829669,32.0,25.142,True,-3.352598425011793,-3.329808595838317,True,D2,U1,D2_U1
DRD5,2,172,5.054679305829669,21.0,18.168,True,,,False,D2,U1,D2_U1
DUSP3,75,172,1.822558254211448,13.0,12.047999999999998,True,7.581376307314052,7.571909744333662,True,D1,U4,D1_U4
DYRK1A,11,172,3.6683849447097785,31.0,24.544999999999998,True,2.6761675772553914,2.660650953715918,True,D2,U2,D2_U2
DYRK1B,1,172,5.460144413937834,9.0,7.327,True,-2.653862519082846,-2.6863166493101343,True,D1,U1,D1_U1
EBP,2,172,5.054679305829669,15.0,12.859000000000002,True,0.1141884149878733,0.0556659866429012,True,D1,U1,D1_U1
EDNRA,1,172,5.460144413937834,23.0,19.941999999999997,True,,,False,D2,U1,D2_U1
EGFR,97,172,1.568324115827207,506.0,428.06200000000007,True,,,False,D4,U4,D4_U4
EGLN1,23,172,2.975237764149833,35.0,29.538999999999998,True,4.995698260205372,4.992497550197405,True,D2,U3,D2_U3
EHMT2,138,172,1.2188176613670871,101.0,86.722,True,-2.3677495286164345,-2.292137138243844,True,D4,U4,D4_U4
ENPP2,1,172,5.460144413937834,8.0,6.714,True,-4.344658446263556,-4.30737797298366,True,D1,U1,D1_U1
EP300,7,172,4.073850052817943,390.0,338.03700000000003,True,6.953264094236429,6.967902140470647,True,D4,U2,D4_U2
EPHB4,11,172,3.6683849447097785,22.0,18.684,True,1.3131085470560244,1.3373026256891714,True,D2,U2,D2_U2
EPHX2,73,172,1.849226501293609,52.0,43.11000000000001,True,-9.578015104069204,-9.513143911958943,True,D3,U4,D3_U4
ERBB2,41,172,2.4156219762144104,229.0,190.97500000000002,True,-7.653680365880861,-7.599368438152401,True,D4,U3,D4_U3
ERN1,4,172,4.543853682063679,65.0,51.351,True,,,False,D3,U1,D3_U1
ESR1,117,172,1.3826069700321142,256.0,218.70499999999998,True,-1.8768301969543448,-1.821262654499636,True,D4,U4,D4_U4
ESR2,43,172,2.369101960579518,59.0,51.397999999999996,True,-1.8456425486263568,-1.7949034086562756,True,D3,U3,D3_U3
ESRRA,39,172,2.4644121403838426,23.0,19.002000000000002,True,5.928154596728167,5.913710563524324,True,D2,U3,D2_U3
ESRRB,4,172,4.543853682063679,23.0,18.432,True,,,False,D2,U1,D2_U1
F10,5,172,4.361532125269724,31.0,26.27,True,,,False,D2,U2,D2_U2
F2,59,172,2.058947032275678,88.0,77.32799999999999,True,,,False,D4,U3,D4_U3
F3,60,172,2.042417730324468,57.0,47.352,True,,,False,D3,U3,D3_U3
FABP2,63,172,1.9944085111381071,6.0,4.918,True,,,False,D1,U3,D1_U3
FABP3,70,172,1.8906117174564636,9.0,7.167,True,,,False,D1,U4,D1_U4
FABP4,73,172,1.849226501293609,32.0,26.402,True,,,False,D2,U4,D2_U4
FABP5,63,172,1.9944085111381071,12.0,9.649999999999999,True,3.770009936787962,3.783764224487868,True,D1,U3,D1_U3
FASN,51,172,2.2020478759163518,78.0,64.767,True,-1.6192161308849082,-1.5877503519463474,True,D3,U3,D3_U3
FDPS,3,172,4.7669972333778885,32.0,28.755,True,2.450906140760815,2.399664136250276,True,D2,U1,D2_U1
FLT3,76,172,1.8094861726440952,96.0,78.057,True,3.015094603400984,2.967366787657084,True,D4,U4,D4_U4
FLT4,11,172,3.6683849447097785,75.0,63.114999999999995,True,-4.601762940880709,-4.375308371112841,True,D3,U2,D3_U2
FOLH1,5,172,4.361532125269724,23.0,18.802000000000007,True,,,False,D2,U2,D2_U2
FUCA1,1,172,5.460144413937834,7.0,5.457,True,0.0375691642084063,0.0959233060824122,True,D1,U1,D1_U1
FUT7,26,172,2.85745472849345,11.0,9.043,True,8.436325742267826,8.359202671893087,True,D1,U3,D1_U3
FYN,6,172,4.207381445442466,175.0,153.58500000000004,True,-6.3648172398840845,-6.319278033241917,True,D4,U2,D4_U2
GAA,108,172,1.4619437122686354,12.0,11.084,True,4.485763384093747,4.463107101368841,True,D1,U4,D1_U4
GABRR1,16,172,3.3200782504415627,8.0,6.106999999999999,True,,,False,D1,U2,D1_U2
GBA,97,172,1.568324115827207,57.0,49.833000000000006,True,,,False,D3,U4,D3_U4
GBA2,3,172,4.7669972333778885,31.0,28.819,True,5.438194405433518,5.368215219719856,True,D2,U1,D2_U1
GLO1,74,172,1.8358034809614685,21.0,17.227,True,-2.907573447480508,-2.913808120988457,True,D2,U4,D2_U4
GLRA1,13,172,3.5142342648825204,7.0,5.806,True,,,False,D1,U2,D1_U2
GLRA2,2,172,5.054679305829669,2.0,1.5619999999999998,True,,,False,D1,U1,D1_U1
GPBAR1,3,172,4.7669972333778885,24.0,19.283,True,-2.3795300043762517,-2.363293268858773,True,D2,U1,D2_U1
GPR35,70,172,1.8906117174564636,2.0,1.805,True,-1.418493101954256,-1.3615056412161577,True,D1,U4,D1_U4
GRIA1,5,172,4.361532125269724,79.0,68.036,True,,,False,D3,U2,D3_U2
GRIA2,5,172,4.361532125269724,66.0,56.599999999999994,True,,,False,D3,U2,D3_U2
GRIA4,5,172,4.361532125269724,46.0,39.918,True,,,False,D3,U2,D3_U2
GRIK2,5,172,4.361532125269724,30.0,24.987000000000002,True,,,False,D2,U2,D2_U2
GRIK5,5,172,4.361532125269724,12.0,10.273,True,1.024885907907631,0.9912924127834152,True,D1,U2,D1_U2
GRK6,7,172,4.073850052817943,13.0,11.231000000000002,True,7.813995614827874,7.749130013248091,True,D1,U2,D1_U2
GRM1,5,172,4.361532125269724,46.0,40.019999999999996,True,,,False,D3,U2,D3_U2
GRM2,5,172,4.361532125269724,18.0,15.54,True,-4.065128909672421,-3.9722505812138342,True,D1,U2,D1_U2
GRM3,5,172,4.361532125269724,17.0,13.956,True,,,False,D1,U2,D1_U2
GRM4,5,172,4.361532125269724,12.0,10.181,True,,,False,D1,U2,D1_U2
GRM5,21,172,3.0622491411394632,51.0,42.406,True,,,False,D3,U3,D3_U3
GRM8,5,172,4.361532125269724,4.0,3.407,True,,,False,D1,U2,D1_U2
GSK3B,86,172,1.6873834758431951,193.0,168.907,True,5.03921309607063,5.078503546331328,True,D4,U4,D4_U4
GSTP1,10,172,3.755396321699408,73.0,60.245000000000005,True,-1.0526649516805533,-1.0253144596669248,True,D3,U2,D3_U2
HCAR2,63,172,1.9944085111381071,7.0,5.556,True,5.282998631903989,5.279202998710369,True,D1,U3,D1_U3
HDAC1,5,172,4.361532125269724,339.0,297.95300000000003,True,-0.5066796147825338,-0.5496831041356931,True,D4,U2,D4_U2
HDAC10,1,172,5.460144413937834,26.0,19.378999999999998,True,,,False,D2,U1,D2_U1
HDAC2,5,172,4.361532125269724,237.0,207.34300000000002,True,0.3323394648615353,0.2475373213540354,True,D4,U2,D4_U2
HDAC3,5,172,4.361532125269724,112.0,91.82599999999998,True,0.6948595756683236,0.6567316140109923,True,D4,U2,D4_U2
HDAC6,5,172,4.361532125269724,101.0,81.79899999999999,True,-0.5486838057343507,-0.5426412436824294,True,D4,U2,D4_U2
HDAC8,5,172,4.361532125269724,69.0,55.091,True,-3.773220283508206,-3.661867719171612,True,D3,U2,D3_U2
HIF1A,101,172,1.5283187812135075,191.0,160.465,True,5.79732261472079,5.71707884457236,True,D4,U4,D4_U4
HKDC1,7,172,4.073850052817943,55.0,49.115,True,-5.231866975289558,-5.157378693289807,True,D3,U2,D3_U2
HMGCR,6,172,4.207381445442466,70.0,59.829,True,7.060877664669711,7.020778659595758,True,D3,U2,D3_U2
HRH1,2,172,5.054679305829669,8.0,6.503,True,,,False,D1,U1,D1_U1
HRH3,2,172,5.054679305829669,5.0,3.7689999999999997,True,,,False,D1,U1,D1_U1
HRH4,1,172,5.460144413937834,2.0,1.463,True,,,False,D1,U1,D1_U1
HSD11B1,57,172,2.0928485839513598,25.0,22.029999999999998,True,,,False,D2,U3,D2_U3
HSD11B2,5,172,4.361532125269724,23.0,19.876000000000005,True,,,False,D2,U2,D2_U2
HSD17B1,70,172,1.8906117174564636,35.0,29.495,True,,,False,D2,U4,D2_U4
HSD17B2,70,172,1.8906117174564636,32.0,28.866,True,,,False,D2,U4,D2_U4
HSD17B3,12,172,3.588342237036242,42.0,38.18300000000001,True,,,False,D3,U2,D3_U2
HSP90AA1,3,172,4.7669972333778885,360.0,306.643,True,1.7148068103164067,1.60270804795342,True,D4,U1,D4_U1
HSP90AB1,24,172,2.9344157696295783,306.0,261.081,True,-1.852809616675148,-1.841937128225144,True,D4,U3,D4_U3
HSPA1A,12,172,3.588342237036242,51.0,43.149,True,6.833934156170928,6.73655450626916,True,D3,U2,D3_U2
HSPA8,39,172,2.4644121403838426,203.0,175.42600000000002,True,-4.606829220770813,-4.701515031460038,True,D4,U3,D4_U3
HTR1A,53,172,2.1643075479335048,36.0,28.774999999999995,True,,,False,D2,U3,D2_U3
HTR1B,1,172,5.460144413937834,32.0,25.380999999999997,True,,,False,D2,U1,D2_U1
HTR1D,1,172,5.460144413937834,21.0,16.686999999999998,True,,,False,D2,U1,D2_U1
HTR1E,2,172,5.054679305829669,20.0,15.457,True,,,False,D2,U1,D2_U1
HTR2A,6,172,4.207381445442466,29.0,24.971999999999998,True,,,False,D2,U2,D2_U2
HTR2B,2,172,5.054679305829669,19.0,16.302,True,,,False,D2,U1,D2_U1
HTR2C,3,172,4.7669972333778885,22.0,18.963,True,,,False,D2,U1,D2_U1
HTR3A,3,172,4.7669972333778885,38.0,30.176,True,,,False,D3,U1,D3_U1
HTR4,1,172,5.460144413937834,4.0,3.564,True,,,False,D1,U1,D1_U1
HTR5A,2,172,5.054679305829669,14.0,11.208,True,,,False,D1,U1,D1_U1
HTR6,3,172,4.7669972333778885,14.0,12.336000000000002,True,,,False,D1,U1,D1_U1
HTR7,57,172,2.0928485839513598,25.0,22.216,True,,,False,D2,U3,D2_U3
IDH1,97,172,1.568324115827207,87.0,72.00400000000002,True,8.658981587476042,8.624348766208904,True,D4,U4,D4_U4
IDO1,47,172,2.282090583589888,58.0,48.634,True,-3.062888338070816,-3.112454383566199,True,D3,U3,D3_U3
IGF1R,59,172,2.058947032275678,151.0,129.654,True,3.5317601659932008,3.524182806752468,True,D4,U3,D4_U3
INSR,42,172,2.3920914788042165,79.0,68.16799999999999,True,0.4618508694319702,0.4079640893585715,True,D3,U3,D3_U3
JAK2,1,172,5.460144413937834,210.0,183.557,True,8.807769715419894,8.802965223697257,True,D4,U1,D4_U1
KAT2B,4,172,4.543853682063679,171.0,150.77200000000002,True,2.399676573892402,2.384981353296037,True,D4,U1,D4_U1
KCNA3,1,172,5.460144413937834,19.0,16.046,True,-4.922428200085983,-4.834516422855495,True,D2,U1,D2_U1
KCNA5,1,172,5.460144413937834,23.0,18.999,True,,,False,D2,U1,D2_U1
KCNH2,44,172,2.3466291047274592,35.0,29.212999999999997,True,-1.105942489598427,-1.1015336982974695,True,D2,U3,D2_U3
KDM2A,1,172,5.460144413937834,12.0,9.288,True,6.634614642840275,6.653390117050489,True,D1,U1,D1_U1
KDM4E,132,172,1.2629424662760251,,,False,,,False,NO_STRING,U4,NO_STRING_U4
KDM5C,1,172,5.460144413937834,34.0,27.465,True,3.88109699995408,3.84854616763628,True,D2,U1,D2_U1
KDM7A,1,172,5.460144413937834,8.0,6.108,True,7.608320670793933,7.66003884626188,True,D1,U1,D1_U1
KDR,59,172,2.058947032275678,155.0,134.25700000000003,True,,,False,D4,U3,D4_U3
KIT,6,172,4.207381445442466,173.0,142.006,True,-6.683795079181286,-6.647545771412173,True,D4,U2,D4_U2
KMT2A,100,172,1.5381710776565196,125.0,110.949,True,-5.954776715314525,-5.860910842468268,True,D4,U4,D4_U4
LDHA,6,172,4.207381445442466,73.0,63.38100000000001,True,8.8002229806558,8.761470365189773,True,D3,U2,D3_U2
LIMK1,1,172,5.460144413937834,30.0,26.435999999999996,True,6.002404240608286,5.905097038897295,True,D2,U1,D2_U1
MAN1B1,1,172,5.460144413937834,17.0,14.476,True,-1.564862123041237,-1.5559509165612218,True,D1,U1,D1_U1
MAOA,38,172,2.489729948368133,58.0,51.863,True,,,False,D3,U3,D3_U3
MAOB,30,172,2.719304390012633,56.0,50.373000000000005,True,,,False,D3,U3,D3_U3
MAP2K1,58,172,2.07575415059206,82.0,71.711,True,3.337184676844667,3.288685057215732,True,D4,U3,D4_U3
MAP2K7,1,172,5.460144413937834,39.0,36.033,True,-0.7291174506508413,-0.7793795704477835,True,D3,U1,D3_U1
MAP3K7,1,172,5.460144413937834,121.0,103.87299999999999,True,1.405167218157566,1.4081556682500622,True,D4,U1,D4_U1
MAP3K8,10,172,3.755396321699408,16.0,14.76,True,4.738432540246925,4.662070350007047,True,D1,U2,D1_U2
MAPK1,120,172,1.3575010489010375,230.0,204.362,True,5.901195882560853,5.89035754473838,True,D4,U4,D4_U4
MAPK14,55,172,2.1279399037626296,144.0,124.14499999999998,True,10.443131718931946,10.436325664882943,True,D4,U3,D4_U3
MAPK9,17,172,3.2629198366016143,148.0,132.40099999999998,True,-3.104280348866961,-3.046128961304659,True,D4,U3,D4_U3
MAPKAPK2,50,172,2.221465961773453,27.0,23.753999999999998,True,7.059532770072961,6.972362914071806,True,D2,U3,D2_U3
MAPT,135,172,1.240636708761727,116.0,99.056,True,-3.688724528309841,-3.5590501698059427,True,D4,U4,D4_U4
MCL1,23,172,2.975237764149833,79.0,65.401,True,6.637293654607583,6.608228587153837,True,D3,U3,D3_U3
MERTK,1,172,5.460144413937834,18.0,14.454999999999998,True,5.2187743703089,5.214628787121121,True,D1,U1,D1_U1
MET,65,172,1.9636368524713528,126.0,107.123,True,,,False,D4,U4,D4_U4
MGAM,1,172,5.460144413937834,33.0,28.824,True,9.560287137877864,9.51620450681538,True,D2,U1,D2_U1
MGLL,25,172,2.8951950564762967,75.0,67.161,True,1.8863264792495864,1.8543430384022648,True,D3,U3,D3_U3
MIF,9,172,3.850706501503733,22.0,18.514000000000003,True,-2.1577471943737674,-2.1700625503922546,True,D2,U2,D2_U2
MMP1,67,172,1.9337838893216723,45.0,36.199999999999996,True,,,False,D3,U4,D3_U4
MMP12,65,172,1.9636368524713528,16.0,12.245,True,,,False,D1,U4,D1_U4
MMP13,67,172,1.9337838893216723,31.0,25.31,True,,,False,D2,U4,D2_U4
MMP14,2,172,5.054679305829669,35.0,29.804000000000006,True,0.8249424636771492,0.752292873918529,True,D2,U1,D2_U1
MMP2,88,172,1.6646552247656392,91.0,75.099,True,,,False,D4,U4,D4_U4
MMP3,84,172,1.7106403380074624,53.0,44.187,True,,,False,D3,U4,D3_U4
MMP9,92,172,1.620692101344523,163.0,133.21599999999998,True,11.38441496215716,11.309923861552218,True,D4,U4,D4_U4
MPG,65,172,1.9636368524713528,10.0,7.95,True,2.1781150864414465,2.1693975586796985,True,D1,U4,D1_U4
MPO,2,172,5.054679305829669,76.0,62.386,True,6.599150252240168,6.593634842630181,True,D3,U1,D3_U1
MTNR1A,2,172,5.054679305829669,14.0,11.878,True,,,False,D1,U1,D1_U1
MTNR1B,2,172,5.054679305829669,36.0,31.176000000000002,True,,,False,D2,U1,D2_U1
MYLK,1,172,5.460144413937834,42.0,36.315000000000005,True,2.295942517837012,2.3186966280961623,True,D3,U1,D3_U1
NEK2,51,172,2.2020478759163518,93.0,79.732,True,5.673148596503959,5.636348334934235,True,D4,U3,D4_U3
NEK6,51,172,2.2020478759163518,7.0,5.7509999999999994,True,2.830837924157839,2.7315882868015944,True,D1,U3,D1_U3
NFKB1,102,172,1.518562606268143,240.0,202.792,True,7.552469280388262,7.597251872578671,True,D4,U4,D4_U4
NOS2,22,172,3.017797378568629,34.0,29.873,True,,,False,D2,U3,D2_U3
NQO1,4,172,4.543853682063679,34.0,27.721999999999998,True,-0.2641474922531057,-0.2363572002092703,True,D2,U1,D2_U1
NQO2,9,172,3.850706501503733,,,False,8.654648113870152,8.59527381884484,True,NO_STRING,U2,NO_STRING_U2
NR1H4,40,172,2.439719527793472,46.0,38.949,True,,,False,D3,U3,D3_U3
NR1I2,39,172,2.4644121403838426,43.0,34.839,True,,,False,D3,U3,D3_U3
NR3C1,6,172,4.207381445442466,89.0,75.465,True,0.7701821235692285,0.6741241856695822,True,D4,U2,D4_U2
NR3C2,1,172,5.460144413937834,24.0,19.866999999999997,True,-7.366043700647282,-7.246475157176031,True,D2,U1,D2_U1
NT5E,2,172,5.054679305829669,122.0,103.113,True,-7.461736924343431,-7.323849833253858,True,D4,U1,D4_U1
NUAK1,59,172,2.058947032275678,3.0,2.543,True,-4.604455952919585,-4.523900744900921,True,D1,U3,D1_U3
ODC1,13,172,3.5142342648825204,24.0,21.121999999999996,True,-3.720103074496836,-3.761143471985114,True,D2,U2,D2_U2
OPRD1,9,172,3.850706501503733,15.0,13.218,True,,,False,D1,U2,D1_U2
OPRK1,8,172,3.95606701716156,,,False,,,False,NO_STRING,U2,NO_STRING_U2
OPRM1,9,172,3.850706501503733,46.0,38.205,True,,,False,D3,U2,D3_U2
OXER1,2,172,5.054679305829669,,,False,4.041596832670729,3.943071212865081,True,NO_STRING,U1,NO_STRING_U1
OXTR,1,172,5.460144413937834,26.0,21.112000000000002,True,-0.5956984117191482,-0.6400809923002585,True,D2,U1,D2_U1
PARP1,45,172,2.324650198008684,158.0,131.22699999999998,True,-2.4659847570357925,-2.37554207196467,True,D4,U3,D4_U3
PCNA,1,172,5.460144413937834,152.0,133.97,True,3.381222286333229,3.301975818336511,True,D4,U1,D4_U1
PDE4B,3,172,4.7669972333778885,35.0,28.542,True,0.4691640529785575,0.4057467548517798,True,D2,U1,D2_U1
PDE4D,3,172,4.7669972333778885,36.0,30.516000000000002,True,-1.6561778156561155,-1.719663276442347,True,D2,U1,D2_U1
PDE5A,72,172,1.862832153349388,34.0,27.962999999999997,True,1.6485397955862475,1.6788728111144913,True,D2,U4,D2_U4
PDGFRB,11,172,3.6683849447097785,151.0,126.837,True,,,False,D4,U2,D4_U2
PDPK1,7,172,4.073850052817943,47.0,41.127,True,4.157831038323178,4.121036306405381,True,D3,U2,D3_U2
PGR,1,172,5.460144413937834,73.0,62.239,True,,,False,D3,U1,D3_U1
PHF8,1,172,5.460144413937834,41.0,35.586999999999996,True,0.7367585087142349,0.6849724296311959,True,D3,U1,D3_U1
PIK3CA,11,172,3.6683849447097785,196.0,171.49,True,4.255011427305268,4.260285184096403,True,D4,U2,D4_U2
PIK3CB,10,172,3.755396321699408,154.0,137.429,True,6.610542125891412,6.57104166625583,True,D4,U2,D4_U2
PIK3CG,51,172,2.2020478759163518,85.0,73.089,True,6.213084091256363,6.221776376578281,True,D4,U3,D4_U3
PIM1,79,172,1.7712649598238974,11.0,9.272,True,-0.06872709694195,-0.1915288360254607,True,D1,U4,D1_U4
PIM3,1,172,5.460144413937834,1.0,0.705,True,7.7880809460643645,7.744596011742944,True,D1,U1,D1_U1
PKN1,51,172,2.2020478759163518,22.0,19.196999999999996,True,2.527029023192576,2.525675885013666,True,D2,U3,D2_U3
PLA2G2A,5,172,4.361532125269724,34.0,27.45,True,,,False,D2,U2,D2_U2
PLG,67,172,1.9337838893216723,107.0,92.678,True,,,False,D4,U4,D4_U4
PLK1,59,172,2.058947032275678,267.0,228.95,True,4.526551873387975,4.453340112029598,True,D4,U3,D4_U3
PLK4,11,172,3.6683849447097785,72.0,59.699000000000005,True,2.576577153305466,2.5484508265324384,True,D3,U2,D3_U2
PNP,32,172,2.6567840330312986,59.0,52.839999999999996,True,1.526582699771623,1.4060131191856056,True,D3,U3,D3_U3
POLA1,5,172,4.361532125269724,81.0,71.08699999999999,True,-3.8485183625517143,-3.79306612216414,True,D4,U2,D4_U2
POLB,110,172,1.443761393185445,31.0,26.99,True,0.8499730427402369,0.7633478871584094,True,D2,U4,D2_U4
PPARA,101,172,1.5283187812135075,122.0,100.01799999999999,True,-4.149047958812504,-4.068495443842454,True,D4,U4,D4_U4
PPARD,98,172,1.558171744363189,34.0,26.888,True,-4.830811773960327,-4.768653979147826,True,D2,U4,D2_U4
PPARG,103,172,1.5089006953564064,169.0,143.717,True,8.73955768121418,8.71548191016433,True,D4,U4,D4_U4
PRKCA,60,172,2.042417730324468,148.0,127.10000000000002,True,-4.9722402935643615,-4.896309243890218,True,D4,U3,D4_U3
PRKCD,1,172,5.460144413937834,69.0,61.88999999999999,True,9.782232300818103,9.738533775385193,True,D3,U1,D3_U1
PRKCE,1,172,5.460144413937834,60.0,52.715,True,-0.3281262872935231,-0.3808048106985983,True,D3,U1,D3_U1
PRMT1,4,172,4.543853682063679,75.0,63.477,True,-2.704612489671792,-2.691338870856578,True,D3,U1,D3_U1
PTAFR,3,172,4.7669972333778885,12.0,9.183000000000002,True,5.73103237181907,5.696781060152868,True,D1,U1,D1_U1
PTGES,12,172,3.588342237036242,21.0,18.064999999999998,True,,,False,D2,U2,D2_U2
PTGS1,71,172,1.8766254754817235,57.0,48.494,True,3.07679513272364,3.0515150483452724,True,D3,U4,D3_U4
PTGS2,89,172,1.6534819241675138,106.0,87.70999999999998,True,2.0268123518699994,1.908291229853157,True,D4,U4,D4_U4
PTK2,59,172,2.058947032275678,158.0,139.677,True,1.048861535110396,1.1410358023380716,True,D4,U3,D4_U3
PTK2B,5,172,4.361532125269724,57.0,50.344,True,9.625556247812332,9.575748911005087,True,D3,U2,D3_U2
PTPN1,90,172,1.6424320879809289,35.0,30.333,True,6.321739459296797,6.289285982635646,True,D2,U4,D2_U4
PTPN11,31,172,2.6875556916980523,173.0,152.384,True,-0.5131117096196629,-0.592923862866662,True,D4,U3,D4_U3
PTPN2,35,172,2.569772656041669,19.0,16.578,True,2.311998820996356,2.2968226956951057,True,D2,U3,D2_U3
PTPN6,38,172,2.489729948368133,82.0,73.61999999999999,True,6.603334290305119,6.552280439346567,True,D4,U3,D4_U3
PTPRF,35,172,2.569772656041669,17.0,14.934999999999999,True,-0.6431338632525161,-0.6935181257707418,True,D1,U3,D1_U3
PTPRS,46,172,2.3031439927877204,25.0,21.340999999999998,True,-5.285499760740807,-5.039373365203312,True,D2,U3,D2_U3
PYGL,49,172,2.241268589069633,46.0,39.906,True,9.824895092824327,9.767685516929616,True,D3,U3,D3_U3
RELA,24,172,2.9344157696295783,198.0,169.79200000000003,True,2.8798811629185077,2.8129955436452705,True,D4,U3,D4_U3
RORB,3,172,4.7669972333778885,16.0,13.974,True,,,False,D1,U1,D1_U1
RORC,111,172,1.4347927232026845,36.0,30.413999999999994,True,-7.795590779077749,-7.675594970978321,True,D2,U4,D2_U4
RXRA,7,172,4.073850052817943,67.0,58.204,True,6.540856369625618,6.495989229245451,True,D3,U2,D3_U2
SAE1,3,172,4.7669972333778885,22.0,18.495,True,-2.548500502621025,-2.5747405224695243,True,D2,U1,D2_U1
SENP6,1,172,5.460144413937834,11.0,8.928999999999998,True,2.765674184981997,2.7834461167347677,True,D1,U1,D1_U1
SENP7,1,172,5.460144413937834,7.0,5.9559999999999995,True,-2.7324245348801623,-2.730797618947084,True,D1,U1,D1_U1
SENP8,3,172,4.7669972333778885,17.0,14.641000000000002,True,,,False,D1,U1,D1_U1
SHBG,22,172,3.017797378568629,20.0,15.725999999999997,True,,,False,D2,U3,D2_U3
SIGMAR1,1,172,5.460144413937834,31.0,26.253999999999998,True,-3.0691063559686143,-3.034979223624104,True,D2,U1,D2_U1
SIRT2,6,172,4.207381445442466,53.0,45.153,True,3.065567957524462,2.99181342296511,True,D3,U2,D3_U2
SIRT3,2,172,5.054679305829669,53.0,47.016,True,,,False,D3,U1,D3_U1
SLC15A2,2,172,5.054679305829669,,,False,1.9711736960403197,1.9101608615218264,True,NO_STRING,U1,NO_STRING_U1
SLC1A1,5,172,4.361532125269724,10.0,7.850999999999999,True,,,False,D1,U2,D1_U2
SLC22A1,28,172,2.7859957645113047,15.0,11.719000000000001,True,4.786671231463516,4.748616987401816,True,D1,U3,D1_U3
SLC22A12,4,172,4.543853682063679,12.0,10.215,True,,,False,D1,U1,D1_U1
SLC28A1,31,172,2.6875556916980523,6.0,4.814000000000001,True,,,False,D1,U3,D1_U3
SLC28A2,31,172,2.6875556916980523,9.0,7.11,True,,,False,D1,U3,D1_U3
SLC28A3,33,172,2.6269310698816177,5.0,3.9539999999999997,True,,,False,D1,U3,D1_U3
SLC47A1,9,172,3.850706501503733,16.0,12.276000000000002,True,,,False,D1,U2,D1_U2
SLC5A1,11,172,3.6683849447097785,20.0,16.554,True,,,False,D2,U2,D2_U2
SLC5A2,10,172,3.755396321699408,16.0,13.217999999999998,True,,,False,D1,U2,D1_U2
SLC6A15,1,172,5.460144413937834,,,False,,,False,NO_STRING,U1,NO_STRING_U1
SLC6A2,2,172,5.054679305829669,16.0,12.665,True,,,False,D1,U1,D1_U1
SLC6A3,2,172,5.054679305829669,41.0,34.881,True,,,False,D3,U1,D3_U1
SLC6A4,2,172,5.054679305829669,31.0,25.977999999999998,True,,,False,D2,U1,D2_U1
SLCO1B1,81,172,1.746572347233526,35.0,28.55,True,,,False,D2,U4,D2_U4
SLCO1B3,82,172,1.734450986701181,17.0,13.575,True,,,False,D1,U4,D1_U4
SLCO2B1,81,172,1.746572347233526,10.0,7.3790000000000004,True,,,False,D1,U4,D1_U4
SMAD3,12,172,3.588342237036242,194.0,170.077,True,-6.460064852574141,-6.420954042008506,True,D4,U2,D4_U2
SOAT1,52,172,2.182999680945657,13.0,11.006,True,4.830223690713539,4.836910781390149,True,D1,U3,D1_U3
SOAT2,2,172,5.054679305829669,16.0,13.381,True,-5.186215531401684,-5.026336256140996,True,D1,U1,D1_U1
SRC,66,172,1.948598975106813,407.0,350.792,True,-1.1204492866407774,-1.0395695194857624,True,D4,U4,D4_U4
STAT3,19,172,3.157559320943788,324.0,276.914,True,9.263149471649829,9.24721832307509,True,D4,U3,D4_U3
SYK,69,172,1.90479635244842,144.0,127.54900000000002,True,7.988888768549974,7.958127352006417,True,D4,U4,D4_U4
TAS2R31,2,172,5.054679305829669,5.0,3.8209999999999997,True,,,False,D1,U1,D1_U1
TBXAS1,16,172,3.3200782504415627,3.0,2.556,True,6.671715904736223,6.628798844416046,True,D1,U2,D1_U2
TEK,11,172,3.6683849447097785,75.0,61.166,True,,,False,D3,U2,D3_U2
TERT,67,172,1.9337838893216723,87.0,75.00499999999998,True,,,False,D4,U4,D4_U4
TGM2,4,172,4.543853682063679,5.0,4.289,True,-1.6695317315701406,-1.846076135655211,True,D1,U1,D1_U1
THRA,1,172,5.460144413937834,29.0,25.253,True,-4.165620376075705,-4.099857600920941,True,D2,U1,D2_U1
THRB,104,172,1.4993312443402556,29.0,24.858999999999995,True,,,False,D2,U4,D2_U4
TLR2,63,172,1.9944085111381071,142.0,120.90199999999999,True,7.758485339040539,7.719444683845212,True,D4,U3,D4_U3
TNKS,42,172,2.3920914788042165,29.0,24.611,True,-1.3234256823701926,-1.279382387232179,True,D2,U3,D2_U3
TNKS2,42,172,2.3920914788042165,21.0,18.846,True,,,False,D2,U3,D2_U3
TOP1,50,172,2.221465961773453,55.0,44.23800000000001,True,5.649820280135493,5.57319794340656,True,D3,U3,D3_U3
TOP2A,83,172,1.7224747956544653,137.0,116.97500000000001,True,5.2501016444263335,5.211966216239463,True,D4,U4,D4_U4
TRPV1,37,172,2.515705434771393,53.0,44.499,True,-3.049921275272325,-2.892499185390516,True,D3,U3,D3_U3
TTR,64,172,1.9789043246021416,52.0,43.791,True,,,False,D3,U4,D3_U4
TUBB3,1,172,5.460144413937834,39.0,32.553,True,,,False,D3,U1,D3_U1
TYR,77,172,1.7965827678081872,37.0,32.139,True,,,False,D3,U4,D3_U4
UBE2N,14,172,3.445241393395569,117.0,101.08500000000001,True,-1.694799222077935,-1.7849474693102334,True,D4,U2,D4_U2
UGT1A1,109,172,1.4528112287053627,71.0,60.75,True,,,False,D3,U4,D3_U4
VCP,4,172,4.543853682063679,186.0,157.872,True,5.023882193029381,4.932148160263809,True,D4,U1,D4_U1
VDR,3,172,4.7669972333778885,,,False,8.26112645395708,8.232161942789789,True,NO_STRING,U1,NO_STRING_U1
XDH,73,172,1.849226501293609,43.0,37.22599999999999,True,,,False,D3,U4,D3_U4
XIAP,2,172,5.054679305829669,87.0,74.72899999999998,True,4.389811795150285,4.398561068169099,True,D4,U1,D4_U1
XPO1,11,172,3.6683849447097785,96.0,80.62199999999999,True,1.0126041095678593,1.056830080546682,True,D4,U2,D4_U2
