matched_stratum,n_genes,n_CAP_measured,n_in_STRING,degree_min,degree_median,degree_max,target_herb_degree_min,target_herb_degree_median,target_herb_degree_max
D1_U1,34,16,34,1.0,11.5,18.0,1.0,2.0,4.0
D1_U2,19,7,19,3.0,12.0,18.0,5.0,9.0,16.0
D1_U3,19,12,19,1.0,8.0,18.0,18.0,35.0,63.0
D1_U4,21,10,21,1.0,7.0,17.0,65.0,97.0,117.0
D2_U1,32,17,32,19.0,27.0,36.0,1.0,2.0,4.0
D2_U2,17,8,17,20.0,24.0,34.0,5.0,9.0,13.0
D2_U3,26,15,26,19.0,25.5,36.0,22.0,44.0,63.0
D2_U4,18,9,18,20.0,31.5,36.0,67.0,80.0,117.0
D3_U1,17,9,17,38.0,53.0,76.0,1.0,1.0,4.0
D3_U2,28,18,28,37.0,54.5,79.0,5.0,7.5,16.0
D3_U3,24,16,24,37.0,58.5,79.0,21.0,41.0,60.0
D3_U4,20,10,20,37.0,51.5,71.0,64.0,85.5,116.0
D4_U1,15,13,15,81.0,121.0,360.0,1.0,2.0,4.0
D4_U2,20,17,20,81.0,125.0,390.0,5.0,7.5,14.0
D4_U3,24,21,24,81.0,153.0,324.0,17.0,51.0,63.0
D4_U4,33,23,33,84.0,125.0,506.0,65.0,91.0,138.0
NO_STRING_U1,4,3,0,,,,1.0,2.0,3.0
NO_STRING_U2,2,1,0,,,,8.0,8.5,9.0
NO_STRING_U4,1,0,0,,,,132.0,132.0,132.0
