filename,bytes,sha256
CAP_alignment_RAW_gene_contributions_v1_0_1.csv,138041,f856d48cb220aa18cd4ca997bb972320bb59daac282fa89e6cf95fd3fcb43989
CAP_alignment_full_matched_null_distribution_v1_0_1.csv.gz,1390047,7062555f8443581a46c3d328d77afa8d1a08095db411ea60e4e68f6cdf744f09
CAP_alignment_matched_null_summary_v1_0_1.csv,2259,f2e67bc857e7d7d5055ac3b1a9062571b15e5cc07e028a6d0bd43644578a040a
CAP_alignment_neff_metaZ_sensitivity_v1_0_1.csv,1021,46a4d605c5ec9cd03a969adedfb68775af69fb6de0b542628f3cd843c81d4b1e
CAP_alignment_observed_RAW_primary_v1_0_1.csv,750,4e7689a56fdff4512f1bcdde1d884bbef90a4aa53bada6b0eafa6fe085d3df6e
CAP_alignment_observed_RWR_secondary_v1_0_1.csv,504,add68d920ff8bb9d7e80b289546ec2137f3d873b2abb5afed71c20117cbfc24e
CAP_alignment_paired_syndrome_difference_null_v1_0_1.csv,1886,5b99a442258df7cdd40e50cb76bac86ee90dbf798e02d21d767d6d2b14ea47cb
RWR_alignment_adjoint_crosscheck_QA_v1_0_1.csv,770,3b449c8df7f5cf173e1a1497af3e1c19f14a0ec1d1d202dcb7f5f2b5d44f95d8
SYNDROME_DISEASE_ALIGNMENT_FINAL_AUDIT_v1_0_1.csv,1451,f7f72c12c18b4df209977f8fbde090d416bb019de9bd0a6b1227dab2e1185477
SYNDROME_DISEASE_ALIGNMENT_FINAL_FREEZE_STATEMENT_v1_0_1.txt,4932,d39728c16d4c51f4d3b56d01652111e3cefce5edbfb784cdd64307346621136b
SYNDROME_DISEASE_ALIGNMENT_FREEZE_CANDIDATE_v1_0_1.txt,1795,aec3abee82376d777c480f7c4ddb66a5aaba829f15b1c5a15028e1b2f8e0d4da
alignment_target_coverage_QA_v1_0_1.csv,575,da6f3399939512ba2f44111c0d39dc0620ad53ca3d0d79f66a4f8027901d4b89
matched_null_strata_QA_v1_0_1.csv,992,34044ff058694d1581e5a599e715e5ce9a9c725ca1f97d5af107b544231eed3b
matched_null_target_universe_and_strata_v1_0_1.csv,35635,a3871d4da3b3f4005833875f4e8d7c11e529214f6f93a95255f5acc5fffef297
matched_null_weight_invariant_QA_v1_0_1.csv,4005,ed1b8d79a8a8c8c589ef0ee25f09b2b0f86e6712c81da9e6f0936fd69b8a2c75
syndrome_disease_alignment_matched_null_run_metadata_v1_0_1.json,4332,f427a71e2c8d3d27d6356ecdc7309ac18cecc7a60541c870e868df13aa61eea8
