syndrome,hallmark,n_measured,O_raw,eligible,O_l2
Blood_Heat,HALLMARK_ADIPOGENESIS,187,0.4970574179551508,True,0.13913835453119971
Blood_Heat,HALLMARK_ALLOGRAFT_REJECTION,189,0.5171099027701707,True,0.14475152846370398
Blood_Heat,HALLMARK_ANDROGEN_RESPONSE,92,0.5663745050045168,True,0.15854187831849575
Blood_Heat,HALLMARK_ANGIOGENESIS,34,0.323942488551263,True,0.09067931227178995
Blood_Heat,HALLMARK_APICAL_JUNCTION,186,0.4807749001847767,True,0.13458048526226288
Blood_Heat,HALLMARK_APICAL_SURFACE,43,0.5202042562787572,True,0.14561771261058543
Blood_Heat,HALLMARK_APOPTOSIS,156,0.5060722655253688,True,0.14166182769941
Blood_Heat,HALLMARK_BILE_ACID_METABOLISM,109,0.44112834572413195,True,0.12348245885481181
Blood_Heat,HALLMARK_CHOLESTEROL_HOMEOSTASIS,69,0.4910376197521982,True,0.1374532678866538
Blood_Heat,HALLMARK_COAGULATION,136,0.5174108378018735,True,0.14483576743413154
Blood_Heat,HALLMARK_COMPLEMENT,194,0.5232046709787587,True,0.1464576010202321
Blood_Heat,HALLMARK_DNA_REPAIR,141,0.48397880366931867,True,0.13547733508848592
Blood_Heat,HALLMARK_E2F_TARGETS,183,0.494501069591443,True,0.13842277099479844
Blood_Heat,HALLMARK_EPITHELIAL_MESENCHYMAL_TRANSITION,193,0.47063283211912327,True,0.13174147590192822
Blood_Heat,HALLMARK_ESTROGEN_RESPONSE_EARLY,188,0.47310501333343796,True,0.13243349902408133
Blood_Heat,HALLMARK_ESTROGEN_RESPONSE_LATE,190,0.5084433392806003,True,0.1423255484062294
Blood_Heat,HALLMARK_FATTY_ACID_METABOLISM,154,0.4695428614546939,True,0.1314363668355353
Blood_Heat,HALLMARK_G2M_CHECKPOINT,182,0.5175209436352242,True,0.14486658871135888
Blood_Heat,HALLMARK_GLYCOLYSIS,192,0.49129739452268967,True,0.13752598510766137
Blood_Heat,HALLMARK_HEDGEHOG_SIGNALING,34,0.550097379171165,True,0.1539855183827223
Blood_Heat,HALLMARK_HEME_METABOLISM,189,0.5260137317554217,True,0.14724392485350457
Blood_Heat,HALLMARK_HYPOXIA,192,0.4852477102848886,True,0.13583253264145773
Blood_Heat,HALLMARK_IL2_STAT5_SIGNALING,189,0.493405814271152,True,0.13811618262582537
Blood_Heat,HALLMARK_IL6_JAK_STAT3_SIGNALING,85,0.5668348165605817,True,0.1586707306204009
Blood_Heat,HALLMARK_INFLAMMATORY_RESPONSE,197,0.5508941416273148,True,0.15420855140284495
Blood_Heat,HALLMARK_INTERFERON_ALPHA_RESPONSE,91,0.6224552775586359,True,0.17424023857256737
Blood_Heat,HALLMARK_INTERFERON_GAMMA_RESPONSE,190,0.5766016535389936,True,0.16140470375320573
Blood_Heat,HALLMARK_KRAS_SIGNALING_DN,190,0.4552045982335715,True,0.12742274128774758
Blood_Heat,HALLMARK_KRAS_SIGNALING_UP,194,0.5092967005175081,True,0.14256442478959078
Blood_Heat,HALLMARK_MITOTIC_SPINDLE,195,0.5281437797346679,True,0.14784017663488644
Blood_Heat,HALLMARK_MTORC1_SIGNALING,192,0.5379276266671936,True,0.15057891126393
Blood_Heat,HALLMARK_MYC_TARGETS_V1,177,0.5448188269628955,True,0.152507924362323
Blood_Heat,HALLMARK_MYC_TARGETS_V2,52,0.45615670412774534,True,0.1276892586812507
Blood_Heat,HALLMARK_MYOGENESIS,190,0.4659173757505448,True,0.1304215059823829
Blood_Heat,HALLMARK_NOTCH_SIGNALING,31,0.47439597676259954,True,0.13279487081093133
Blood_Heat,HALLMARK_OXIDATIVE_PHOSPHORYLATION,176,0.4912652366539667,True,0.13751698334493193
Blood_Heat,HALLMARK_P53_PATHWAY,187,0.48729547573475074,True,0.13640575155916707
Blood_Heat,HALLMARK_PANCREAS_BETA_CELLS,39,0.4936173605361101,True,0.13817539952542338
Blood_Heat,HALLMARK_PEROXISOME,99,0.43823646405957567,True,0.12267295145834115
Blood_Heat,HALLMARK_PI3K_AKT_MTOR_SIGNALING,101,0.5382150354532956,True,0.15065936391211812
Blood_Heat,HALLMARK_PROTEIN_SECRETION,94,0.49457944517312163,True,0.13844471020961804
Blood_Heat,HALLMARK_REACTIVE_OXYGEN_SPECIES_PATHWAY,46,0.48178548372221713,True,0.13486337195791714
Blood_Heat,HALLMARK_SPERMATOGENESIS,130,0.4981052241127866,True,0.1394316607356235
Blood_Heat,HALLMARK_TGF_BETA_SIGNALING,53,0.5565250961219841,True,0.1557847913190533
Blood_Heat,HALLMARK_TNFA_SIGNALING_VIA_NFKB,191,0.5306207983380941,True,0.14853355385887343
Blood_Heat,HALLMARK_UNFOLDED_PROTEIN_RESPONSE,97,0.5248172572057714,True,0.14690900278200295
Blood_Heat,HALLMARK_UV_RESPONSE_DN,134,0.508133532938724,True,0.14223882614221145
Blood_Heat,HALLMARK_UV_RESPONSE_UP,153,0.4857125118177248,True,0.1359626417961072
Blood_Heat,HALLMARK_WNT_BETA_CATENIN_SIGNALING,41,0.4937179078909272,True,0.1382035451540698
Blood_Heat,HALLMARK_XENOBIOTIC_METABOLISM,192,0.5060281375300281,True,0.14164947520965998
Blood_Stasis,HALLMARK_ADIPOGENESIS,187,0.6729702151416351,True,0.1521657163519795
Blood_Stasis,HALLMARK_ALLOGRAFT_REJECTION,189,0.6649402462369354,True,0.15035005505943538
Blood_Stasis,HALLMARK_ANDROGEN_RESPONSE,92,0.6929216433534987,True,0.15667694626646297
Blood_Stasis,HALLMARK_ANGIOGENESIS,34,0.5546571113920068,True,0.12541386644715236
Blood_Stasis,HALLMARK_APICAL_JUNCTION,186,0.6092508308431768,True,0.13775808650577398
Blood_Stasis,HALLMARK_APICAL_SURFACE,43,0.5220781783369585,True,0.11804742351288183
Blood_Stasis,HALLMARK_APOPTOSIS,156,0.6244349505209046,True,0.14119137730520315
Blood_Stasis,HALLMARK_BILE_ACID_METABOLISM,109,0.5855530786179824,True,0.1323997729249575
Blood_Stasis,HALLMARK_CHOLESTEROL_HOMEOSTASIS,69,0.6503221492374983,True,0.1470447480018951
Blood_Stasis,HALLMARK_COAGULATION,136,0.5516717016051095,True,0.12473883357258177
Blood_Stasis,HALLMARK_COMPLEMENT,194,0.6292424192827417,True,0.142278397074467
Blood_Stasis,HALLMARK_DNA_REPAIR,141,0.6805431786329356,True,0.15387804386459997
Blood_Stasis,HALLMARK_E2F_TARGETS,183,0.6415480245585942,True,0.14506082518170604
Blood_Stasis,HALLMARK_EPITHELIAL_MESENCHYMAL_TRANSITION,193,0.5741322569562082,True,0.12981740379421322
Blood_Stasis,HALLMARK_ESTROGEN_RESPONSE_EARLY,188,0.5763373313557666,True,0.13031599454617926
Blood_Stasis,HALLMARK_ESTROGEN_RESPONSE_LATE,190,0.5756924359224169,True,0.1301701768363017
Blood_Stasis,HALLMARK_FATTY_ACID_METABOLISM,154,0.6322275239944309,True,0.14295336096829142
Blood_Stasis,HALLMARK_G2M_CHECKPOINT,182,0.6532353958474827,True,0.14770346401538903
Blood_Stasis,HALLMARK_GLYCOLYSIS,192,0.5821537540129028,True,0.13163114951190497
Blood_Stasis,HALLMARK_HEDGEHOG_SIGNALING,34,0.5704884923627296,True,0.12899350990246355
Blood_Stasis,HALLMARK_HEME_METABOLISM,189,0.6873568737444049,True,0.15541869272886286
Blood_Stasis,HALLMARK_HYPOXIA,192,0.5764143698150661,True,0.1303334137604063
Blood_Stasis,HALLMARK_IL2_STAT5_SIGNALING,189,0.6404337340293389,True,0.14480887225304237
Blood_Stasis,HALLMARK_IL6_JAK_STAT3_SIGNALING,85,0.6230179095524588,True,0.14087096928533516
Blood_Stasis,HALLMARK_INFLAMMATORY_RESPONSE,197,0.539797667239124,True,0.12205398823376105
Blood_Stasis,HALLMARK_INTERFERON_ALPHA_RESPONSE,91,0.7035280630885432,True,0.1590751704680692
Blood_Stasis,HALLMARK_INTERFERON_GAMMA_RESPONSE,190,0.6572197578701897,True,0.1486043706049373
Blood_Stasis,HALLMARK_KRAS_SIGNALING_DN,190,0.49875814686582726,True,0.11277451660806649
Blood_Stasis,HALLMARK_KRAS_SIGNALING_UP,194,0.5750342585437868,True,0.13002135593746764
Blood_Stasis,HALLMARK_MITOTIC_SPINDLE,195,0.6888121807793486,True,0.15574775311296568
Blood_Stasis,HALLMARK_MTORC1_SIGNALING,192,0.6817639781864973,True,0.154154079615381
Blood_Stasis,HALLMARK_MYC_TARGETS_V1,177,0.7009244200574388,True,0.15848645911348205
Blood_Stasis,HALLMARK_MYC_TARGETS_V2,52,0.6355951527951896,True,0.1437148176232002
Blood_Stasis,HALLMARK_MYOGENESIS,190,0.5431446364689737,True,0.1228107735401671
Blood_Stasis,HALLMARK_NOTCH_SIGNALING,31,0.5791130296638534,True,0.1309436094270817
Blood_Stasis,HALLMARK_OXIDATIVE_PHOSPHORYLATION,176,0.7066167831062233,True,0.15977356288355238
Blood_Stasis,HALLMARK_P53_PATHWAY,187,0.6240881469085081,True,0.1411129613234458
Blood_Stasis,HALLMARK_PANCREAS_BETA_CELLS,39,0.5304034709180887,True,0.11992986062665645
Blood_Stasis,HALLMARK_PEROXISOME,99,0.6714368357824966,True,0.15181900298581139
Blood_Stasis,HALLMARK_PI3K_AKT_MTOR_SIGNALING,101,0.6850732213575239,True,0.15490233465902536
Blood_Stasis,HALLMARK_PROTEIN_SECRETION,94,0.7264094297526986,True,0.16424889059895306
Blood_Stasis,HALLMARK_REACTIVE_OXYGEN_SPECIES_PATHWAY,46,0.6892691452194879,True,0.15585107762839992
Blood_Stasis,HALLMARK_SPERMATOGENESIS,130,0.5374381405738041,True,0.12152047418335922
Blood_Stasis,HALLMARK_TGF_BETA_SIGNALING,53,0.6678528361050257,True,0.1510086225766088
Blood_Stasis,HALLMARK_TNFA_SIGNALING_VIA_NFKB,191,0.6052590136876427,True,0.13685549423147825
Blood_Stasis,HALLMARK_UNFOLDED_PROTEIN_RESPONSE,97,0.696455108302364,True,0.1574759002365663
Blood_Stasis,HALLMARK_UV_RESPONSE_DN,134,0.6343571663559385,True,0.14343489573494395
Blood_Stasis,HALLMARK_UV_RESPONSE_UP,153,0.5974387172557855,True,0.13508724211293846
Blood_Stasis,HALLMARK_WNT_BETA_CATENIN_SIGNALING,41,0.5728929308107062,True,0.12953717898413847
Blood_Stasis,HALLMARK_XENOBIOTIC_METABOLISM,192,0.6210839201723298,True,0.14043367373670154
Blood_Dryness,HALLMARK_ADIPOGENESIS,187,0.6788884225560639,True,0.15218490845914226
Blood_Dryness,HALLMARK_ALLOGRAFT_REJECTION,189,0.6390875778103878,True,0.14326284157308186
Blood_Dryness,HALLMARK_ANDROGEN_RESPONSE,92,0.7095070351940143,True,0.1590486147864771
Blood_Dryness,HALLMARK_ANGIOGENESIS,34,0.5173802251694738,True,0.11597997489710395
Blood_Dryness,HALLMARK_APICAL_JUNCTION,186,0.6126414955078013,True,0.13733448209514468
Blood_Dryness,HALLMARK_APICAL_SURFACE,43,0.5829395880741836,True,0.13067627153555342
Blood_Dryness,HALLMARK_APOPTOSIS,156,0.6308388727691503,True,0.14141374770154286
Blood_Dryness,HALLMARK_BILE_ACID_METABOLISM,109,0.6027441105380029,True,0.13511580730917236
Blood_Dryness,HALLMARK_CHOLESTEROL_HOMEOSTASIS,69,0.6901031836093126,True,0.1546988965131054
Blood_Dryness,HALLMARK_COAGULATION,136,0.5479212666344782,True,0.12282629226704661
Blood_Dryness,HALLMARK_COMPLEMENT,194,0.6472035534079459,True,0.1450821817802998
Blood_Dryness,HALLMARK_DNA_REPAIR,141,0.668568920638596,True,0.14987160865541185
Blood_Dryness,HALLMARK_E2F_TARGETS,183,0.6325485967016425,True,0.1417970127146316
Blood_Dryness,HALLMARK_EPITHELIAL_MESENCHYMAL_TRANSITION,193,0.544442914560165,True,0.1220465578152129
Blood_Dryness,HALLMARK_ESTROGEN_RESPONSE_EARLY,188,0.6148938552935838,True,0.13783938858114098
Blood_Dryness,HALLMARK_ESTROGEN_RESPONSE_LATE,190,0.644129090595159,True,0.1443929862863431
Blood_Dryness,HALLMARK_FATTY_ACID_METABOLISM,154,0.6464037142025574,True,0.14490288360373674
Blood_Dryness,HALLMARK_G2M_CHECKPOINT,182,0.642014228771979,True,0.14391890241295402
Blood_Dryness,HALLMARK_GLYCOLYSIS,192,0.5929892776994593,True,0.13292908811755821
Blood_Dryness,HALLMARK_HEDGEHOG_SIGNALING,34,0.5460964243670354,True,0.12241722143272964
Blood_Dryness,HALLMARK_HEME_METABOLISM,189,0.6436271168883387,True,0.14428045995641436
Blood_Dryness,HALLMARK_HYPOXIA,192,0.5780124630549444,True,0.129571768873398
Blood_Dryness,HALLMARK_IL2_STAT5_SIGNALING,189,0.6391128822849089,True,0.1432685140208813
Blood_Dryness,HALLMARK_IL6_JAK_STAT3_SIGNALING,85,0.644640968072187,True,0.1445077327224224
Blood_Dryness,HALLMARK_INFLAMMATORY_RESPONSE,197,0.6154316566657729,True,0.13795994631916758
Blood_Dryness,HALLMARK_INTERFERON_ALPHA_RESPONSE,91,0.7588166829810551,True,0.17010224891146272
Blood_Dryness,HALLMARK_INTERFERON_GAMMA_RESPONSE,190,0.716883558152968,True,0.16070219353956364
Blood_Dryness,HALLMARK_KRAS_SIGNALING_DN,190,0.5146380430463784,True,0.11536526602666787
Blood_Dryness,HALLMARK_KRAS_SIGNALING_UP,194,0.596059544194642,True,0.13361734293232636
Blood_Dryness,HALLMARK_MITOTIC_SPINDLE,195,0.6690986470567767,True,0.14999035624894969
Blood_Dryness,HALLMARK_MTORC1_SIGNALING,192,0.6915097462484026,True,0.15501420253300482
Blood_Dryness,HALLMARK_MYC_TARGETS_V1,177,0.6740512488874706,True,0.15110056999129184
Blood_Dryness,HALLMARK_MYC_TARGETS_V2,52,0.6795147119780525,True,0.15232530236657615
Blood_Dryness,HALLMARK_MYOGENESIS,190,0.5498592695887093,True,0.12326073008095538
Blood_Dryness,HALLMARK_NOTCH_SIGNALING,31,0.6014511262761212,True,0.13482596190159754
Blood_Dryness,HALLMARK_OXIDATIVE_PHOSPHORYLATION,176,0.6788488533508362,True,0.152176038318372
Blood_Dryness,HALLMARK_P53_PATHWAY,187,0.6368319497527282,True,0.1427572024458445
Blood_Dryness,HALLMARK_PANCREAS_BETA_CELLS,39,0.4975195421566352,True,0.11152784973806092
Blood_Dryness,HALLMARK_PEROXISOME,99,0.6454152997545048,True,0.14468131293424405
Blood_Dryness,HALLMARK_PI3K_AKT_MTOR_SIGNALING,101,0.676429992638926,True,0.15163380768991103
Blood_Dryness,HALLMARK_PROTEIN_SECRETION,94,0.6876030002127631,True,0.15413843595921586
Blood_Dryness,HALLMARK_REACTIVE_OXYGEN_SPECIES_PATHWAY,46,0.6667065737233228,True,0.14945413048756667
Blood_Dryness,HALLMARK_SPERMATOGENESIS,130,0.5260688771709707,True,0.11792769070068573
Blood_Dryness,HALLMARK_TGF_BETA_SIGNALING,53,0.6936403999947299,True,0.1554918264466991
Blood_Dryness,HALLMARK_TNFA_SIGNALING_VIA_NFKB,191,0.6917269816406617,True,0.15506289970795528
Blood_Dryness,HALLMARK_UNFOLDED_PROTEIN_RESPONSE,97,0.6802310443188543,True,0.1524858809949475
Blood_Dryness,HALLMARK_UV_RESPONSE_DN,134,0.5840982568219756,True,0.13093600773292927
Blood_Dryness,HALLMARK_UV_RESPONSE_UP,153,0.6317043710102935,True,0.1416077645181856
Blood_Dryness,HALLMARK_WNT_BETA_CATENIN_SIGNALING,41,0.5581008765911692,True,0.12510823280092112
Blood_Dryness,HALLMARK_XENOBIOTIC_METABOLISM,192,0.590185049164921,True,0.1323004704410033
