syndrome_id,target_id,target_weight
BH,ABCB1,0.00198835136852657
BH,ABCB11,0.0031252842238861126
BH,ABCC1,0.0014576634110231462
BH,ABCG2,0.0014233994692443841
BH,ACHE,0.001134021031248783
BH,ACP1,0.002094277990545468
BH,ADORA1,0.0009617339960459398
BH,ADORA2A,0.0009195856789345407
BH,ADORA2B,0.0009617339960459398
BH,ADORA3,0.0013102038453227393
BH,ADRA1A,0.006999278481062132
BH,ADRA1B,0.006999278481062132
BH,ADRA1D,0.0
BH,ADRA2A,0.008797975744351844
BH,ADRA2B,0.004866204714359439
BH,ADRA2C,0.006999278481062132
BH,ADRB1,0.0
BH,ADRB2,0.004009013278824789
BH,AGTR1,0.0
BH,AKR1B1,0.004353826871684396
BH,AKR1B10,0.0011961206197401027
BH,AKR1C2,0.0016747775611308507
BH,AKR1C3,0.0016590913243426698
BH,AKR1C4,0.0016747775611308507
BH,AKT1,0.003263554186316509
BH,ALDH2,0.0
BH,ALK,0.0015715906547357345
BH,ALOX12,0.0029892787951277915
BH,ALOX15,0.0023477224559800007
BH,ALOX5,0.00251435250416398
BH,ALPI,0.0016437424522705625
BH,ALPL,0.0016437424522705625
BH,AMY1A,0.0029069379785528456
BH,ANPEP,0.0
BH,AOC3,0.0
BH,AOX1,0.001552042260806717
BH,APEX1,0.005012572178572076
BH,APOBEC3G,0.005200144870123695
BH,APP,0.0011414943460637613
BH,AR,0.0039379253745214495
BH,ATR,0.0
BH,AURKA,0.0035728489180419957
BH,AURKB,0.003474786010831998
BH,AVPR2,0.0015995822833183406
BH,AXL,0.0015715906547357345
BH,BACE1,0.0026640946830794694
BH,BBOX1,0.0
BH,BCHE,0.001264143022667799
BH,BCL2,0.0015715906547357345
BH,BCL2L1,0.00169081632696723
BH,BCR,0.0
BH,BRAF,0.0035728489180419957
BH,CA1,0.010058588842191263
BH,CA12,0.01030947884445362
BH,CA13,0.00290296361398529
BH,CA14,0.011262721122859138
BH,CA2,0.010058588842191263
BH,CA3,0.0026467852803884954
BH,CA4,0.0024214307628486384
BH,CA5A,0.0026467852803884954
BH,CA5B,0.0026467852803884954
BH,CA6,0.002595897446181424
BH,CA7,0.01030947884445362
BH,CA9,0.010977386941665754
BH,CACNA1C,0.0
BH,CACNA1D,0.0
BH,CAMK2B,0.0015854492463674794
BH,CARM1,0.0036575942511573394
BH,CBR1,0.0010646801898623072
BH,CCR4,0.0015995822833183406
BH,CD38,0.001380131977135954
BH,CDC25B,0.0009454111488049819
BH,CDK6,0.0013594437157443374
BH,CES1,0.001250533055086783
BH,CES2,0.00127690422497428
BH,CHRM1,0.0
BH,CHRM2,0.0
BH,CHRM3,0.0
BH,CHRM4,0.0
BH,CHRM5,0.0
BH,CHRNA3,0.0
BH,CHRNA7,0.0
BH,CLK1,0.0
BH,CNR1,0.0011814430355827927
BH,CNR2,0.0011814430355827927
BH,CSNK1D,0.0
BH,CSNK2A1,0.002984930514608805
BH,CTBP2,0.0
BH,CTSD,0.0025609820691899886
BH,CTSL,0.001758838729894926
BH,CXCL8,0.004344836734177143
BH,CXCR1,0.0015995822833183406
BH,CYP19A1,0.00430039309637289
BH,CYP1A1,0.001264143022667799
BH,CYP1A2,0.0012042772233038415
BH,CYP1B1,0.0012731204371829263
BH,CYP2A13,0.0
BH,CYP2A6,0.0006973004819246909
BH,CYP2B6,0.002458851706353579
BH,CYP2C19,0.00251435250416398
BH,CYP2C8,0.0015715906547357345
BH,CYP2C9,0.0024985058903844583
BH,CYP2D6,0.00251435250416398
BH,CYP2E1,0.0
BH,CYP2J2,0.0015715906547357345
BH,CYP3A4,0.07007990950729386
BH,CYP3A5,0.0
BH,DAO,0.006491280942474241
BH,DAPK1,0.0029271496209408413
BH,DHFR,0.0
BH,DNMT1,0.0014077583337388823
BH,DNMT3B,0.0
BH,DPP4,0.0029271496209408413
BH,DRD1,0.014109700649936772
BH,DRD2,0.00507965911391188
BH,DRD3,0.0
BH,DRD4,0.0
BH,DRD5,0.0
BH,DUSP3,0.013259273616730752
BH,DYRK1A,0.0035728489180419957
BH,DYRK1B,0.0
BH,EBP,0.0018088023040947086
BH,EDNRA,0.0
BH,EGFR,0.0026467852803884954
BH,EGLN1,0.00105873225584073
BH,EHMT2,0.010554719293507037
BH,ENPP2,0.0
BH,EP300,0.0
BH,EPHB4,0.0035728489180419957
BH,EPHX2,0.00312085074401005
BH,ERBB2,0.0032171350563366145
BH,ERN1,0.0
BH,ESR1,0.002333359373813726
BH,ESR2,0.00169081632696723
BH,ESRRA,0.001758838729894926
BH,ESRRB,0.001616921012830764
BH,F10,0.004247944414134592
BH,F2,0.003474786010831998
BH,F3,0.0034468903018659443
BH,FABP2,0.005417844006592916
BH,FABP3,0.005808648586028375
BH,FABP4,0.0056814981113289705
BH,FABP5,0.005417844006592916
BH,FASN,0.0015715906547357345
BH,FDPS,0.0
BH,FLT3,0.00305378290015951
BH,FLT4,0.0035728489180419957
BH,FOLH1,0.0
BH,FUCA1,0.0
BH,FUT7,0.0038055696915530748
BH,FYN,0.0014971880575697766
BH,GAA,0.0024672521829763555
BH,GABRR1,0.023148082786801985
BH,GBA,0.004818463555324751
BH,GBA2,0.0
BH,GLO1,0.0030981973573312852
BH,GLRA1,0.0
BH,GLRA2,0.0
BH,GPBAR1,0.008306777580485836
BH,GPR35,0.0031906945855094604
BH,GRIA1,0.0
BH,GRIA2,0.0
BH,GRIA4,0.0
BH,GRIK2,0.0
BH,GRIK5,0.0
BH,GRK6,0.0039677544676619105
BH,GRM1,0.0
BH,GRM2,0.0
BH,GRM3,0.0
BH,GRM4,0.0
BH,GRM5,0.0029824987550647435
BH,GRM8,0.0
BH,GSK3B,0.002847716043616976
BH,GSTP1,0.0036575942511573394
BH,HCAR2,0.0014233994692443841
BH,HDAC1,0.0
BH,HDAC10,0.0
BH,HDAC2,0.0
BH,HDAC3,0.0
BH,HDAC6,0.0
BH,HDAC8,0.0
BH,HIF1A,0.004695552579902423
BH,HKDC1,0.0
BH,HMGCR,0.0
BH,HRH1,0.0
BH,HRH3,0.00179869726328971
BH,HRH4,0.0
BH,HSD11B1,0.001493655661299443
BH,HSD11B2,0.0
BH,HSD17B1,0.0013493202120557907
BH,HSD17B2,0.0013493202120557907
BH,HSD17B3,0.0034948907686604917
BH,HSP90AA1,0.02663529716048638
BH,HSP90AB1,0.0
BH,HSPA1A,0.0034948907686604917
BH,HSPA8,0.003282113993065731
BH,HTR1A,0.001544655569711835
BH,HTR1B,0.0
BH,HTR1D,0.0
BH,HTR1E,0.0
BH,HTR2A,0.0
BH,HTR2B,0.0
BH,HTR2C,0.0
BH,HTR3A,0.0016963261878745518
BH,HTR4,0.0
BH,HTR5A,0.0
BH,HTR6,0.0
BH,HTR7,0.0035320000312324923
BH,IDH1,0.0026467852803884954
BH,IDO1,0.0030392974109749765
BH,IGF1R,0.003474786010831998
BH,INSR,0.0031857970453163615
BH,JAK2,0.0
BH,KAT2B,0.0
BH,KCNA3,0.0
BH,KCNA5,0.0
BH,KCNH2,0.0008350431537291077
BH,KDM2A,0.0
BH,KDM4E,0.0021314073385613995
BH,KDM5C,0.0
BH,KDM7A,0.0
BH,KDR,0.003474786010831998
BH,KIT,0.0
BH,KMT2A,0.013320256560645689
BH,LDHA,0.0
BH,LIMK1,0.0
BH,MAN1B1,0.0
BH,MAOA,0.0
BH,MAOB,0.0
BH,MAP2K1,0.0014814554489383477
BH,MAP2K7,0.0
BH,MAP3K7,0.0
BH,MAP3K8,0.0036575942511573394
BH,MAPK1,0.07622777949693678
BH,MAPK14,0.001518700162320923
BH,MAPK9,0.0
BH,MAPKAPK2,0.0015854492463674794
BH,MAPT,0.0038116883533435776
BH,MCL1,0.003956485677790129
BH,MERTK,0.0
BH,MET,0.0033139355983238593
BH,MGAM,0.0
BH,MGLL,0.0010302492224912865
BH,MIF,0.0
BH,MMP1,0.003263554186316509
BH,MMP12,0.012373135274202848
BH,MMP13,0.012185027808750713
BH,MMP14,0.0
BH,MMP2,0.012110515014642323
BH,MMP3,0.01244506080891845
BH,MMP9,0.01179067937639059
BH,MPG,0.0014014378889716282
BH,MPO,0.0
BH,MTNR1A,0.0
BH,MTNR1B,0.0
BH,MYLK,0.0
BH,NEK2,0.0015715906547357345
BH,NEK6,0.0015715906547357345
BH,NFKB1,0.004665578052992329
BH,NOS2,0.0010738770073373215
BH,NQO1,0.0
BH,NQO2,0.0
BH,NR1H4,0.0074957080052846445
BH,NR1I2,0.005171341446489259
BH,NR3C1,0.003002787284002305
BH,NR3C2,0.001953896815022475
BH,NT5E,0.0
BH,NUAK1,0.003474786010831998
BH,ODC1,0.001250533055086783
BH,OPRD1,0.0013702660103477706
BH,OPRK1,0.0014077583337388823
BH,OPRM1,0.0
BH,OXER1,0.0
BH,OXTR,0.0
BH,PARP1,0.0016590913243426698
BH,PCNA,0.007560731153782621
BH,PDE4B,0.0
BH,PDE4D,0.0
BH,PDE5A,0.0013294940748401567
BH,PDGFRB,0.0035728489180419957
BH,PDPK1,0.0
BH,PGR,0.001953896815022475
BH,PHF8,0.0
BH,PIK3CA,0.0
BH,PIK3CB,0.0
BH,PIK3CG,0.0015715906547357345
BH,PIM1,0.0029892787951277915
BH,PIM3,0.0
BH,PKN1,0.0015715906547357345
BH,PLA2G2A,0.001560761599350575
BH,PLG,0.001380131977135954
BH,PLK1,0.003474786010831998
BH,PLK4,0.0035728489180419957
BH,PNP,0.015795336099682523
BH,POLA1,0.0
BH,POLB,0.002436566756394534
BH,PPARA,0.004695552579902423
BH,PPARD,0.004787271768240812
BH,PPARG,0.004635893139565845
BH,PRKCA,0.0014576634110231462
BH,PRKCD,0.0
BH,PRKCE,0.0
BH,PRMT1,0.0
BH,PTAFR,0.0
BH,PTGES,0.0
BH,PTGS1,0.003167090676717196
BH,PTGS2,0.0011800818539037237
BH,PTK2,0.003474786010831998
BH,PTK2B,0.0
BH,PTPN1,0.0011721956405851457
BH,PTPN11,0.0009563611804255715
BH,PTPN2,0.001834034007707436
BH,PTPN6,0.0017769079239672604
BH,PTPRF,0.001834034007707436
BH,PTPRS,0.003886905491796542
BH,PYGL,0.0015995822833183406
BH,RELA,0.0
BH,RORB,0.0
BH,RORC,0.004408206426482698
BH,RXRA,0.0
BH,SAE1,0.0
BH,SENP6,0.0
BH,SENP7,0.0
BH,SENP8,0.0
BH,SHBG,0.0021537870315697966
BH,SIGMAR1,0.0
BH,SIRT2,0.0
BH,SIRT3,0.0
BH,SLC15A2,0.006999278481062132
BH,SLC1A1,0.0
BH,SLC22A1,0.0048547641257119314
BH,SLC22A12,0.0
BH,SLC28A1,0.0009617339960459398
BH,SLC28A2,0.0009617339960459398
BH,SLC28A3,0.0009400396512632815
BH,SLC47A1,0.0
BH,SLC5A1,0.0013053872583237234
BH,SLC5A2,0.00133635007835581
BH,SLC6A15,0.0
BH,SLC6A2,0.00179869726328971
BH,SLC6A3,0.00179869726328971
BH,SLC6A4,0.00179869726328971
BH,SLCO1B1,0.005366107118389792
BH,SLCO1B3,0.0053288658789185425
BH,SLCO2B1,0.005366107118389792
BH,SMAD3,0.0034948907686604917
BH,SOAT1,0.0036841437074837035
BH,SOAT2,0.0
BH,SRC,0.0032885568949964808
BH,STAT3,0.002253534437122053
BH,SYK,0.0013594437157443374
BH,TAS2R31,0.0
BH,TBXAS1,0.0023695233915902074
BH,TEK,0.0035728489180419957
BH,TERT,0.003263554186316509
BH,TGM2,0.0
BH,THRA,0.007560731153782621
BH,THRB,0.012983911304867268
BH,TLR2,0.005417844006592916
BH,TNKS,0.0017072238321781592
BH,TNKS2,0.0017072238321781592
BH,TOP1,0.0015854492463674794
BH,TOP2A,0.0012293217243253215
BH,TRPV1,0.0009002378808859323
BH,TTR,0.0014123342081591485
BH,TUBB3,0.0
BH,TYR,0.0030320064435955165
BH,UBE2N,0.0
BH,UGT1A1,0.004463565845629473
BH,VCP,0.0
BH,VDR,0.0066009214702074945
BH,XDH,0.0013197837884034687
BH,XIAP,0.0
BH,XPO1,0.0
BS,ABCB1,0.002377880385054296
BS,ABCB11,0.0022217053593226264
BS,ABCC1,0.002047709017987999
BS,ABCG2,0.0019995754214103515
BS,ACHE,0.003885760916240635
BS,ACP1,0.0010101719757063087
BS,ADORA1,0.004998774352219755
BS,ADORA2A,0.004779701378370526
BS,ADORA2B,0.004998774352219755
BS,ADORA3,0.0040465152913558185
BS,ADRA1A,0.0
BS,ADRA1B,0.0
BS,ADRA1D,0.0
BS,ADRA2A,0.0017400722262259076
BS,ADRA2B,0.0
BS,ADRA2C,0.0
BS,ADRB1,0.0
BS,ADRB2,0.003912367882755402
BS,AGTR1,0.0
BS,AKR1B1,0.006361612826335887
BS,AKR1B10,0.00409854722903809
BS,AKR1C2,0.005738681215878952
BS,AKR1C3,0.00568493180193088
BS,AKR1C4,0.005738681215878952
BS,AKT1,0.004262485696028546
BS,ALDH2,0.0
BS,ALK,0.002207752717089313
BS,ALOX12,0.0050714577210261595
BS,ALOX15,0.006245003704396592
BS,ALOX5,0.006688244031004259
BS,ALPI,0.0023091107434751214
BS,ALPL,0.0023091107434751214
BS,AMY1A,0.0017269372077759768
BS,ANPEP,0.0
BS,AOC3,0.004072131923904535
BS,AOX1,0.0015014564635625661
BS,APEX1,0.01337556840083293
BS,APOBEC3G,0.0
BS,APP,0.005018751286153707
BS,AR,0.004417430107701526
BS,ATR,0.0
BS,AURKA,0.0
BS,AURKB,0.0020642811423698037
BS,AVPR2,0.0022470750392683
BS,AXL,0.002207752717089313
BS,BACE1,0.009334671370981887
BS,BBOX1,0.0
BS,BCHE,0.0017758537725293532
BS,BCL2,0.0007580544912676438
BS,BCL2L1,0.0008155628227387844
BS,BCR,0.0
BS,BRAF,0.0
BS,CA1,0.00620679752670022
BS,CA12,0.006361612826335887
BS,CA13,0.0018632160852588406
BS,CA14,0.006949824742418592
BS,CA2,0.00620679752670022
BS,CA3,0.007040518711513885
BS,CA4,0.006441069746303279
BS,CA5A,0.007040518711513885
BS,CA5B,0.007040518711513885
BS,CA6,0.006905155729265956
BS,CA7,0.006361612826335887
BS,CA9,0.006773755164677676
BS,CACNA1C,0.0
BS,CACNA1D,0.0
BS,CAMK2B,0.002227221109343886
BS,CARM1,0.0
BS,CBR1,0.004020532104039982
BS,CCR4,0.0022470750392683
BS,CD38,0.0019387937395034358
BS,CDC25B,0.0009145973121630916
BS,CDK6,0.004483742156482115
BS,CES1,0.0012097743636714812
BS,CES2,0.0012352860165943263
BS,CHRM1,0.0
BS,CHRM2,0.0
BS,CHRM3,0.0
BS,CHRM4,0.0
BS,CHRM5,0.0
BS,CHRNA3,0.0
BS,CHRNA7,0.003506214974298766
BS,CLK1,0.0
BS,CNR1,0.001142936198905265
BS,CNR2,0.001142936198905265
BS,CSNK1D,0.0
BS,CSNK2A1,0.0
BS,CTBP2,0.0
BS,CTSD,0.0012352860165943263
BS,CTSL,0.006110575205789731
BS,CXCL8,0.0066294923815810244
BS,CXCR1,0.0022470750392683
BS,CYP19A1,0.006283537836126247
BS,CYP1A1,0.004169419665495221
BS,CYP1A2,0.005999579116670798
BS,CYP1B1,0.00419902913843736
BS,CYP2A13,0.001912480895072054
BS,CYP2A6,0.004908392895533129
BS,CYP2B6,0.005841686332130508
BS,CYP2C19,0.004265722033490942
BS,CYP2C8,0.002207752717089313
BS,CYP2C9,0.004238837477946889
BS,CYP2D6,0.004265722033490942
BS,CYP2E1,0.0
BS,CYP2J2,0.002207752717089313
BS,CYP3A4,0.011095715750378321
BS,CYP3A5,0.0
BS,DAO,0.015420283564243688
BS,DAPK1,0.01171691255280375
BS,DHFR,0.0
BS,DNMT1,0.0013618751903235323
BS,DNMT3B,0.0
BS,DPP4,0.0061669300829804196
BS,DRD1,0.0040465152913558185
BS,DRD2,0.0
BS,DRD3,0.0
BS,DRD4,0.0
BS,DRD5,0.0
BS,DUSP3,0.00818182629604705
BS,DYRK1A,0.0
BS,DYRK1B,0.0
BS,EBP,0.0
BS,EDNRA,0.002780644433092765
BS,EGFR,0.004921193145940075
BS,EGLN1,0.0045993586951573115
BS,EHMT2,0.010836115465792684
BS,ENPP2,0.0
BS,EP300,0.0
BS,EPHB4,0.0
BS,EPHX2,0.0035805422929101826
BS,ERBB2,0.004492985658551942
BS,ERN1,0.004242355921002969
BS,ESR1,0.012292313482127499
BS,ESR2,0.002375239588446502
BS,ESRRA,0.002470796688149298
BS,ESRRB,0.001564220618917296
BS,F10,0.019197193355549952
BS,F2,0.011126693879955128
BS,F3,0.009168819188559519
BS,FABP2,0.005571614801705546
BS,FABP3,0.00848733182039916
BS,FABP4,0.008301545358382706
BS,FABP5,0.005571614801705546
BS,FASN,0.0007580544912676438
BS,FDPS,0.0
BS,FLT3,0.004259389421565739
BS,FLT4,0.0
BS,FOLH1,0.0
BS,FUCA1,0.0
BS,FUT7,0.0038595882488856813
BS,FYN,0.0014483901263348227
BS,GAA,0.004587385543562773
BS,GABRR1,0.003989504291656507
BS,GBA,0.0044904007173913645
BS,GBA2,0.0
BS,GLO1,0.004321338314210386
BS,GLRA1,0.001789666207414836
BS,GLRA2,0.0
BS,GPBAR1,0.0
BS,GPR35,0.004450352631241795
BS,GRIA1,0.0
BS,GRIA2,0.0
BS,GRIA4,0.0
BS,GRIK2,0.0
BS,GRIK5,0.0
BS,GRK6,0.0055051213458497455
BS,GRM1,0.0
BS,GRM2,0.0
BS,GRM3,0.0
BS,GRM4,0.0
BS,GRM5,0.015598628073081051
BS,GRM8,0.0
BS,GSK3B,0.0037193649038101653
BS,GSTP1,0.0
BS,HCAR2,0.006258189487853781
BS,HDAC1,0.0022211628675842922
BS,HDAC10,0.0
BS,HDAC2,0.0022211628675842922
BS,HDAC3,0.0022211628675842922
BS,HDAC6,0.0022211628675842922
BS,HDAC8,0.0022211628675842922
BS,HIF1A,0.005434016377813816
BS,HKDC1,0.0
BS,HMGCR,0.0
BS,HRH1,0.0
BS,HRH3,0.0017400722262259076
BS,HRH4,0.0
BS,HSD11B1,0.0020982705227298396
BS,HSD11B2,0.0
BS,HSD17B1,0.004450352631241795
BS,HSD17B2,0.004450352631241795
BS,HSD17B3,0.007211391938980149
BS,HSP90AA1,0.003300514099859398
BS,HSP90AB1,0.005457926819259951
BS,HSPA1A,0.0
BS,HSPA8,0.004583733925478703
BS,HTR1A,0.002169914615311758
BS,HTR1B,0.0
BS,HTR1D,0.0
BS,HTR1E,0.0
BS,HTR2A,0.0
BS,HTR2B,0.0
BS,HTR2C,0.0
BS,HTR3A,0.0016410377368016003
BS,HTR4,0.0
BS,HTR5A,0.0
BS,HTR6,0.0
BS,HTR7,0.009395213315267489
BS,IDH1,0.005576257411662889
BS,IDO1,0.007328481784584102
BS,IGF1R,0.0020642811423698037
BS,INSR,0.0
BS,JAK2,0.0
BS,KAT2B,0.0
BS,KCNA3,0.0
BS,KCNA5,0.0
BS,KCNH2,0.010534484520186412
BS,KDM2A,0.0
BS,KDM4E,0.011228414901593868
BS,KDM5C,0.0
BS,KDM7A,0.0
BS,KDR,0.0020642811423698037
BS,KIT,0.0
BS,KMT2A,0.006905155729265956
BS,LDHA,0.0021426597736688697
BS,LIMK1,0.0
BS,MAN1B1,0.0
BS,MAOA,0.0012679250210236304
BS,MAOB,0.0013848385758207593
BS,MAP2K1,0.004575419427283664
BS,MAP2K7,0.0
BS,MAP3K7,0.0
BS,MAP3K8,0.0
BS,MAPK1,0.012069104819441822
BS,MAPK14,0.004690448323560205
BS,MAPK9,0.006068934698892828
BS,MAPKAPK2,0.002227221109343886
BS,MAPT,0.011030101592197123
BS,MCL1,0.0010242249382358835
BS,MERTK,0.0
BS,MET,0.00432828820328504
BS,MGAM,0.0
BS,MGLL,0.000996670253930985
BS,MIF,0.0
BS,MMP1,0.00868114028177921
BS,MMP12,0.003328282439975493
BS,MMP13,0.0032776829144536184
BS,MMP14,0.0
BS,MMP2,0.007472968208488042
BS,MMP3,0.007679404522871549
BS,MMP9,0.007275609008346108
BS,MPG,0.004802073705377392
BS,MPO,0.0
BS,MTNR1A,0.0
BS,MTNR1B,0.0
BS,MYLK,0.0
BS,NEK2,0.002207752717089313
BS,NEK6,0.002207752717089313
BS,NFKB1,0.006817129403380357
BS,NOS2,0.0010388760760288627
BS,NQO1,0.0
BS,NQO2,0.0
BS,NR1H4,0.000839872904537826
BS,NR1I2,0.0037258283099342706
BS,NR3C1,0.0014483901263348227
BS,NR3C2,0.0
BS,NT5E,0.0
BS,NUAK1,0.0020642811423698037
BS,ODC1,0.002999440571086317
BS,OPRD1,0.0013256048562539542
BS,OPRK1,0.003376550058653386
BS,OPRM1,0.0
BS,OXER1,0.0033277022275046736
BS,OXTR,0.0
BS,PARP1,0.0008002603133655216
BS,PCNA,0.0
BS,PDE4B,0.0
BS,PDE4D,0.0
BS,PDE5A,0.0018676581890060022
BS,PDGFRB,0.0
BS,PDPK1,0.0
BS,PGR,0.0
BS,PHF8,0.0
BS,PIK3CA,0.0
BS,PIK3CB,0.0
BS,PIK3CG,0.002207752717089313
BS,PIM1,0.004169419665495221
BS,PIM3,0.0
BS,PKN1,0.002207752717089313
BS,PLA2G2A,0.0
BS,PLG,0.0019387937395034358
BS,PLK1,0.0020642811423698037
BS,PLK4,0.0
BS,PNP,0.004941539974307593
BS,POLA1,0.0
BS,POLB,0.012836017771569898
BS,PPARA,0.0068609268120680455
BS,PPARD,0.006994942697896983
BS,PPARG,0.006773755164677676
BS,PRKCA,0.004501938613149231
BS,PRKCD,0.0
BS,PRKCE,0.0
BS,PRMT1,0.0
BS,PTAFR,0.0
BS,PTGES,0.0
BS,PTGS1,0.004136495960181733
BS,PTGS2,0.005879040398372329
BS,PTK2,0.0020642811423698037
BS,PTK2B,0.0
BS,PTPN1,0.004016567489367981
BS,PTPN11,0.0009251904488115763
BS,PTPN2,0.0008846436649968495
BS,PTPN6,0.0008570889806919512
BS,PTPRF,0.0008846436649968495
BS,PTPRS,0.005421421455179146
BS,PYGL,0.0022470750392683
BS,RELA,0.0014943866417473494
BS,RORB,0.0
BS,RORC,0.006441069746303279
BS,RXRA,0.0026819821941319265
BS,SAE1,0.003138309347088531
BS,SENP6,0.0
BS,SENP7,0.0
BS,SENP8,0.0
BS,SHBG,0.003025615580400299
BS,SIGMAR1,0.0
BS,SIRT2,0.0
BS,SIRT3,0.0
BS,SLC15A2,0.0
BS,SLC1A1,0.0
BS,SLC22A1,0.0033477349690708234
BS,SLC22A12,0.0
BS,SLC28A1,0.004998774352219755
BS,SLC28A2,0.004998774352219755
BS,SLC28A3,0.004886014342972265
BS,SLC47A1,0.00196101875429304
BS,SLC5A1,0.0012628407008992248
BS,SLC5A2,0.0012927943480654667
BS,SLC6A15,0.0
BS,SLC6A2,0.0017400722262259076
BS,SLC6A3,0.0017400722262259076
BS,SLC6A4,0.0017400722262259076
BS,SLCO1B1,0.005000758224556587
BS,SLCO1B3,0.004966052537459828
BS,SLCO2B1,0.005000758224556587
BS,SMAD3,0.0
BS,SOAT1,0.009799919510145501
BS,SOAT2,0.0
BS,SRC,0.0019536472067026647
BS,STAT3,0.0010869890935906131
BS,SYK,0.0019097311046744733
BS,TAS2R31,0.0
BS,TBXAS1,0.001142936198905265
BS,TEK,0.0
BS,TERT,0.00868114028177921
BS,TGM2,0.0
BS,THRA,0.0
BS,THRB,0.006730795996825698
BS,TLR2,0.005571614801705546
BS,TNKS,0.0008234769592718332
BS,TNKS2,0.0008234769592718332
BS,TOP1,0.0007647391630028898
BS,TOP2A,0.0017269372077759768
BS,TRPV1,0.0036299344943121026
BS,TTR,0.004839410306783386
BS,TUBB3,0.0
BS,TYR,0.005637438533162114
BS,UBE2N,0.0
BS,UGT1A1,0.006521958399270405
BS,VCP,0.0
BS,VDR,0.0
BS,XDH,0.004076102585199351
BS,XIAP,0.0
BS,XPO1,0.0
BD,ABCB1,0.003199665274795269
BD,ABCB11,0.0011805743874495126
BD,ABCC1,0.0020766298066777684
BD,ABCG2,0.0026941959087639356
BD,ACHE,0.0031497694338705248
BD,ACP1,0.00486493690745579
BD,ADORA1,0.010265797519011997
BD,ADORA2A,0.009815895476439237
BD,ADORA2B,0.010265797519011997
BD,ADORA3,0.007348135049732306
BD,ADRA1A,0.0
BD,ADRA1B,0.0
BD,ADRA1D,0.0
BD,ADRA2A,0.000924643177356735
BD,ADRA2B,0.0
BD,ADRA2C,0.0
BD,ADRB1,0.0
BD,ADRB2,0.0031351259773690705
BD,AGTR1,0.0
BD,AKR1B1,0.006756201973303084
BD,AKR1B10,0.006651684910638037
BD,AKR1C2,0.00360414866883996
BD,AKR1C3,0.003570391631039037
BD,AKR1C4,0.00360414866883996
BD,AKT1,0.002692151833270473
BD,ALDH2,0.0
BD,ALK,0.0008650227473139063
BD,ALOX12,0.005180552366642825
BD,ALOX15,0.004580515303743133
BD,ALOX5,0.006340843944282158
BD,ALPI,0.0016369153028820062
BD,ALPL,0.0016369153028820062
BD,AMY1A,0.002326847544765568
BD,ANPEP,0.0
BD,AOC3,0.0
BD,AOX1,0.000797847040029164
BD,APEX1,0.00775292759612959
BD,APOBEC3G,0.0
BD,APP,0.004577274158478993
BD,AR,0.004303751153066691
BD,ATR,0.0
BD,AURKA,0.0
BD,AURKB,0.0008088089445792671
BD,AVPR2,0.0008804296825647322
BD,AXL,0.0008650227473139063
BD,BACE1,0.006821317613480948
BD,BBOX1,0.0
BD,BCHE,0.0023927569409394702
BD,BCL2,0.0010766872616587318
BD,BCL2L1,0.001158368049316467
BD,BCR,0.0
BD,BRAF,0.0
BD,CA1,0.008523744608006173
BD,CA12,0.008736351200992287
BD,CA13,0.0017777429545609554
BD,CA14,0.008578227312006302
BD,CA2,0.008523744608006173
BD,CA3,0.0041854852393389385
BD,CA4,0.004724323626044954
BD,CA5A,0.0041854852393389385
BD,CA5B,0.0041854852393389385
BD,CA6,0.004105013929288293
BD,CA7,0.008736351200992287
BD,CA9,0.008840589129138156
BD,CACNA1C,0.0
BD,CACNA1D,0.0
BD,CAMK2B,0.0008726506859066117
BD,CARM1,0.0
BD,CBR1,0.0032218019930540668
BD,CCR4,0.0008804296825647322
BD,CD38,0.0013514180985301882
BD,CDC25B,0.004404654184047268
BD,CDK6,0.0033938111036904152
BD,CES1,0.0006428524027052056
BD,CES2,0.0006564088375834089
BD,CHRM1,0.0
BD,CHRM2,0.0
BD,CHRM3,0.0
BD,CHRM4,0.0
BD,CHRM5,0.0
BD,CHRNA3,0.0
BD,CHRNA7,0.0011938565468549676
BD,CLK1,0.0
BD,CNR1,0.0006073358005167034
BD,CNR2,0.0006073358005167034
BD,CSNK1D,0.0
BD,CSNK2A1,0.0021472432487279177
BD,CTBP2,0.0
BD,CTSD,0.0006564088375834089
BD,CTSL,0.002913599438070269
BD,CXCL8,0.00497379432415085
BD,CXCR1,0.0008804296825647322
BD,CYP19A1,0.004608778886674218
BD,CYP1A1,0.0031558957368335687
BD,CYP1A2,0.0046927146907431725
BD,CYP1B1,0.003178307587144848
BD,CYP2A13,0.0023712687886568366
BD,CYP2A6,0.003726336758381347
BD,CYP2B6,0.0032657305090818627
BD,CYP2C19,0.0035952350452696335
BD,CYP2C8,0.0008650227473139063
BD,CYP2C9,0.0035725762092016448
BD,CYP2D6,0.004357484098589799
BD,CYP2E1,0.0
BD,CYP2J2,0.0008650227473139063
BD,CYP3A4,0.008869051024998
BD,CYP3A5,0.0
BD,DAO,0.010595110707079077
BD,DAPK1,0.007146954066224538
BD,DHFR,0.0
BD,DNMT1,0.0007236760544562449
BD,DNMT3B,0.0
BD,DPP4,0.005131483057150407
BD,DRD1,0.008974114534474666
BD,DRD2,0.0
BD,DRD3,0.0
BD,DRD4,0.0
BD,DRD5,0.0
BD,DUSP3,0.010303565203821823
BD,DYRK1A,0.0
BD,DYRK1B,0.0
BD,EBP,0.0
BD,EDNRA,0.00344769737231641
BD,EGFR,0.006801515114511002
BD,EGLN1,0.0035175330196199318
BD,EHMT2,0.012162348231301034
BD,ENPP2,0.0
BD,EP300,0.0
BD,EPHB4,0.0
BD,EPHX2,0.0018802024751688226
BD,ERBB2,0.009227078034846114
BD,ERN1,0.0
BD,ESR1,0.007786226315707534
BD,ESR2,0.002895890647021657
BD,ESRRA,0.0009680863815467536
BD,ESRRB,0.0008311987866731417
BD,F10,0.010201044297515739
BD,F2,0.005624412562581708
BD,F3,0.006725042705880752
BD,FABP2,0.0030220469082916685
BD,FABP3,0.005257904624534555
BD,FABP4,0.006088924420015835
BD,FABP5,0.0030220469082916685
BD,FASN,0.0010766872616587318
BD,FDPS,0.0
BD,FLT3,0.0032239951828971682
BD,FLT4,0.0
BD,FOLH1,0.0
BD,FUCA1,0.0
BD,FUT7,0.0016510659891513704
BD,FYN,0.0007696485400327768
BD,GAA,0.0029474132670893657
BD,GABRR1,0.013870139553861285
BD,GBA,0.003784598691550823
BD,GBA2,0.0
BD,GLO1,0.002687275445241789
BD,GLRA1,0.0022189919024507513
BD,GLRA2,0.0
BD,GPBAR1,0.0
BD,GPR35,0.002767504527307189
BD,GRIA1,0.0
BD,GRIA2,0.0
BD,GRIA4,0.0
BD,GRIK2,0.0
BD,GRIK5,0.0
BD,GRK6,0.0031163642497580493
BD,GRM1,0.0
BD,GRM2,0.0
BD,GRM3,0.0
BD,GRM4,0.0
BD,GRM5,0.009855561170806763
BD,GRM8,0.0
BD,GSK3B,0.003965715724933675
BD,GSTP1,0.0
BD,HCAR2,0.004463324626814833
BD,HDAC1,0.0027540009398251855
BD,HDAC10,0.0
BD,HDAC2,0.0027540009398251855
BD,HDAC3,0.0027540009398251855
BD,HDAC6,0.0027540009398251855
BD,HDAC8,0.0027540009398251855
BD,HIF1A,0.004250346230962974
BD,HKDC1,0.0
BD,HMGCR,0.0
BD,HRH1,0.0
BD,HRH3,0.000924643177356735
BD,HRH4,0.0
BD,HSD11B1,0.0008221263722743842
BD,HSD11B2,0.0
BD,HSD17B1,0.003368538075591838
BD,HSD17B2,0.003368538075591838
BD,HSD17B3,0.003498153451308272
BD,HSP90AA1,0.01544604686468598
BD,HSP90AB1,0.0035484121317716152
BD,HSPA1A,0.0
BD,HSPA8,0.009413444385441172
BD,HTR1A,0.0008501973465797534
BD,HTR1B,0.0
BD,HTR1D,0.0
BD,HTR1E,0.0
BD,HTR2A,0.0
BD,HTR2B,0.0
BD,HTR2C,0.0
BD,HTR3A,0.0008720180256020832
BD,HTR4,0.0
BD,HTR5A,0.0
BD,HTR6,0.0
BD,HTR7,0.006891095731811442
BD,IDH1,0.024595026409775848
BD,IDO1,0.0037428195267832968
BD,IGF1R,0.0008088089445792671
BD,INSR,0.0022917388407848495
BD,JAK2,0.0
BD,KAT2B,0.0
BD,KCNA3,0.0
BD,KCNA5,0.0
BD,KCNH2,0.0062625967304337895
BD,KDM2A,0.0
BD,KDM4E,0.008975120391732134
BD,KDM5C,0.0
BD,KDM7A,0.0
BD,KDR,0.0008088089445792671
BD,KIT,0.0
BD,KMT2A,0.009482794252846323
BD,LDHA,0.0026566656216558382
BD,LIMK1,0.0
BD,MAN1B1,0.0
BD,MAOA,0.0015720894448972378
BD,MAOB,0.0017170495666823536
BD,MAP2K1,0.0028897982720786017
BD,MAP2K7,0.0
BD,MAP3K7,0.0
BD,MAP3K8,0.0
BD,MAPK1,0.009647102438256772
BD,MAPK14,0.002962449601859838
BD,MAPK9,0.003945652300886108
BD,MAPKAPK2,0.0008726506859066117
BD,MAPT,0.006986713071299625
BD,MCL1,0.0005442547653740217
BD,MERTK,0.0
BD,MET,0.0027337121699325803
BD,MGAM,0.0
BD,MGLL,0.005767267111068742
BD,MIF,0.0
BD,MMP1,0.006969343836857568
BD,MMP12,0.00773486610571862
BD,MMP13,0.007617273755314767
BD,MMP14,0.0
BD,MMP2,0.010780783556061416
BD,MMP3,0.011078596307486184
BD,MMP9,0.011011290737564976
BD,MPG,0.002011267217738887
BD,MPO,0.0
BD,MTNR1A,0.0
BD,MTNR1B,0.0
BD,MYLK,0.0
BD,NEK2,0.0008650227473139063
BD,NEK6,0.0008650227473139063
BD,NFKB1,0.004223213723061239
BD,NOS2,0.005003174396133764
BD,NQO1,0.0
BD,NQO2,0.0
BD,NR1H4,0.0040447852337234915
BD,NR1I2,0.004539209089014444
BD,NR3C1,0.0007696485400327768
BD,NR3C2,0.0
BD,NT5E,0.0
BD,NUAK1,0.0008088089445792671
BD,ODC1,0.0028618443051559566
BD,OPRD1,0.0007044026493455707
BD,OPRK1,0.0032216542809952943
BD,OPRM1,0.0
BD,OXER1,0.001060968774018305
BD,OXTR,0.0
BD,PARP1,0.0026523708257231186
BD,PCNA,0.0
BD,PDE4B,0.0
BD,PDE4D,0.0
BD,PDE5A,0.002516452741872747
BD,PDGFRB,0.0
BD,PDPK1,0.0
BD,PGR,0.0
BD,PHF8,0.0
BD,PIK3CA,0.0
BD,PIK3CB,0.0
BD,PIK3CG,0.0008650227473139063
BD,PIM1,0.0031558957368335687
BD,PIM3,0.0
BD,PKN1,0.0008650227473139063
BD,PLA2G2A,0.0
BD,PLG,0.00196617626483329
BD,PLK1,0.0008088089445792671
BD,PLK4,0.0
BD,PNP,0.017779319621155715
BD,POLA1,0.0
BD,POLB,0.006909558024295592
BD,PPARA,0.00503227567958277
BD,PPARD,0.005130572149055153
BD,PPARG,0.00496833799694489
BD,PRKCA,0.004570765368825283
BD,PRKCD,0.0
BD,PRKCE,0.0
BD,PRMT1,0.0
BD,PTAFR,0.0
BD,PTGES,0.0
BD,PTGS1,0.00414699528463524
BD,PTGS2,0.005444398757575355
BD,PTK2,0.0008088089445792671
BD,PTK2B,0.0
BD,PTPN1,0.005175706945720118
BD,PTPN11,0.004455670191901677
BD,PTPN2,0.004260398941260445
BD,PTPN6,0.004959575215682526
BD,PTPRF,0.004260398941260445
BD,PTPRS,0.002666567051370868
BD,PYGL,0.0008804296825647322
BD,RELA,0.001852877281489229
BD,RORB,0.0
BD,RORC,0.022500938781465654
BD,RXRA,0.0008550943461611389
BD,SAE1,0.0010005847857870057
BD,SENP6,0.0
BD,SENP7,0.0
BD,SENP8,0.0
BD,SHBG,0.0021089771290447455
BD,SIGMAR1,0.0
BD,SIRT2,0.0
BD,SIRT3,0.0
BD,SLC15A2,0.0
BD,SLC1A1,0.0
BD,SLC22A1,0.0027841608905531195
BD,SLC22A12,0.0
BD,SLC28A1,0.010265797519011997
BD,SLC28A2,0.010265797519011997
BD,SLC28A3,0.010034226469468098
BD,SLC47A1,0.0024314504673002757
BD,SLC5A1,0.0018372461607946524
BD,SLC5A2,0.0018808242805201164
BD,SLC6A15,0.0
BD,SLC6A2,0.000924643177356735
BD,SLC6A3,0.000924643177356735
BD,SLC6A4,0.000924643177356735
BD,SLCO1B1,0.0036802520343051045
BD,SLCO1B3,0.022585746300471176
BD,SLCO2B1,0.0036802520343051045
BD,SMAD3,0.0
BD,SOAT1,0.007187935094429162
BD,SOAT2,0.0
BD,SRC,0.0014165347569672095
BD,STAT3,0.0015814081202822903
BD,SYK,0.0025731411148393517
BD,TAS2R31,0.0
BD,TBXAS1,0.0006073358005167034
BD,TEK,0.0
BD,TERT,0.006367345448752261
BD,TGM2,0.0
BD,THRA,0.0
BD,THRB,0.009243347449104496
BD,TLR2,0.0030220469082916685
BD,TNKS,0.0027293197300291084
BD,TNKS2,0.0027293197300291084
BD,TOP1,0.004362757973522014
BD,TOP2A,0.004867431171045245
BD,TRPV1,0.0032288019164991937
BD,TTR,0.003922790668503478
BD,TUBB3,0.0018243646445347767
BD,TYR,0.006670496660082959
BD,UBE2N,0.0010952569690806276
BD,UGT1A1,0.0047836529283725475
BD,VCP,0.0
BD,VDR,0.0
BD,XDH,0.004346081800688225
BD,XIAP,0.0
BD,XPO1,0.0
