representation,canonical_name,syndrome_code,primary_weight_W,W_shared,W_specific
LOPO,一枝蒿,PDOL,0.015151515151515152,0.015151515151515152,0.0
LOPO,一枝蒿,PHOL,0.029411764705882353,0.015151515151515152,0.0142602495543672
LOPO,一枝蒿,WHIL,0.017857142857142856,0.015151515151515152,0.002705627705627704
LOPO,丹参,PDOL,0.13636363636363635,0.05357142857142857,0.08279220779220778
LOPO,丹参,PHOL,0.10784313725490197,0.05357142857142857,0.0542717086834734
LOPO,丹参,WHIL,0.05357142857142857,0.05357142857142857,0.0
LOPO,乌梅,PDOL,0.045454545454545456,0.00980392156862745,0.035650623885918005
LOPO,乌梅,PHOL,0.00980392156862745,0.00980392156862745,0.0
LOPO,乌梅,WHIL,0.017857142857142856,0.00980392156862745,0.008053221288515405
LOPO,五味子,PDOL,0.25757575757575757,0.017857142857142856,0.23971861471861472
LOPO,五味子,PHOL,0.08823529411764706,0.017857142857142856,0.0703781512605042
LOPO,五味子,WHIL,0.017857142857142856,0.017857142857142856,0.0
LOPO,五指毛桃,PDOL,0.045454545454545456,0.00980392156862745,0.035650623885918005
LOPO,五指毛桃,PHOL,0.00980392156862745,0.00980392156862745,0.0
LOPO,五指毛桃,WHIL,0.017857142857142856,0.00980392156862745,0.008053221288515405
LOPO,人参,PDOL,0.045454545454545456,0.00980392156862745,0.035650623885918005
LOPO,人参,PHOL,0.00980392156862745,0.00980392156862745,0.0
LOPO,人参,WHIL,0.017857142857142856,0.00980392156862745,0.008053221288515405
LOPO,仙鹤草,PDOL,0.015151515151515152,0.015151515151515152,0.0
LOPO,仙鹤草,PHOL,0.049019607843137254,0.015151515151515152,0.0338680926916221
LOPO,仙鹤草,WHIL,0.017857142857142856,0.015151515151515152,0.002705627705627704
LOPO,佩兰,PDOL,0.015151515151515152,0.00980392156862745,0.005347593582887701
LOPO,佩兰,PHOL,0.00980392156862745,0.00980392156862745,0.0
LOPO,佩兰,WHIL,0.017857142857142856,0.00980392156862745,0.008053221288515405
LOPO,侧柏叶,PDOL,0.015151515151515152,0.015151515151515152,0.0
LOPO,侧柏叶,PHOL,0.029411764705882353,0.015151515151515152,0.0142602495543672
LOPO,侧柏叶,WHIL,0.017857142857142856,0.015151515151515152,0.002705627705627704
LOPO,僵蚕,PDOL,0.07575757575757576,0.029411764705882353,0.04634581105169341
LOPO,僵蚕,PHOL,0.029411764705882353,0.029411764705882353,0.0
LOPO,僵蚕,WHIL,0.30357142857142855,0.029411764705882353,0.2741596638655462
LOPO,党参,PDOL,0.16666666666666666,0.05357142857142857,0.11309523809523808
LOPO,党参,PHOL,0.06862745098039216,0.05357142857142857,0.015056022408963594
LOPO,党参,WHIL,0.05357142857142857,0.05357142857142857,0.0
LOPO,全蝎,PDOL,0.045454545454545456,0.00980392156862745,0.035650623885918005
LOPO,全蝎,PHOL,0.00980392156862745,0.00980392156862745,0.0
LOPO,全蝎,WHIL,0.017857142857142856,0.00980392156862745,0.008053221288515405
LOPO,冬瓜子,PDOL,0.015151515151515152,0.015151515151515152,0.0
LOPO,冬瓜子,PHOL,0.22549019607843138,0.015151515151515152,0.2103386809269162
LOPO,冬瓜子,WHIL,0.017857142857142856,0.015151515151515152,0.002705627705627704
LOPO,冰片,PDOL,0.015151515151515152,0.015151515151515152,0.0
LOPO,冰片,PHOL,0.029411764705882353,0.015151515151515152,0.0142602495543672
LOPO,冰片,WHIL,0.017857142857142856,0.015151515151515152,0.002705627705627704
LOPO,制半夏,PDOL,0.015151515151515152,0.00980392156862745,0.005347593582887701
LOPO,制半夏,PHOL,0.00980392156862745,0.00980392156862745,0.0
LOPO,制半夏,WHIL,0.017857142857142856,0.00980392156862745,0.008053221288515405
LOPO,制陈皮,PDOL,0.045454545454545456,0.00980392156862745,0.035650623885918005
LOPO,制陈皮,PHOL,0.00980392156862745,0.00980392156862745,0.0
LOPO,制陈皮,WHIL,0.017857142857142856,0.00980392156862745,0.008053221288515405
LOPO,前胡,PDOL,0.10606060606060606,0.10606060606060606,0.0
LOPO,前胡,PHOL,0.12745098039215685,0.10606060606060606,0.02139037433155079
LOPO,前胡,WHIL,0.125,0.10606060606060606,0.018939393939393936
LOPO,化橘红,PDOL,0.045454545454545456,0.017857142857142856,0.0275974025974026
LOPO,化橘红,PHOL,0.06862745098039216,0.017857142857142856,0.05077030812324931
LOPO,化橘红,WHIL,0.017857142857142856,0.017857142857142856,0.0
LOPO,北沙参,PDOL,0.045454545454545456,0.029411764705882353,0.016042780748663103
LOPO,北沙参,PHOL,0.029411764705882353,0.029411764705882353,0.0
LOPO,北沙参,WHIL,0.08928571428571429,0.029411764705882353,0.059873949579831935
LOPO,半夏,PDOL,0.4393939393939394,0.05357142857142857,0.38582251082251084
LOPO,半夏,PHOL,0.06862745098039216,0.05357142857142857,0.015056022408963594
LOPO,半夏,WHIL,0.05357142857142857,0.05357142857142857,0.0
LOPO,半枝莲,PDOL,0.015151515151515152,0.00980392156862745,0.005347593582887701
LOPO,半枝莲,PHOL,0.00980392156862745,0.00980392156862745,0.0
LOPO,半枝莲,WHIL,0.017857142857142856,0.00980392156862745,0.008053221288515405
LOPO,南沙参,PDOL,0.015151515151515152,0.015151515151515152,0.0
LOPO,南沙参,PHOL,0.029411764705882353,0.015151515151515152,0.0142602495543672
LOPO,南沙参,WHIL,0.05357142857142857,0.015151515151515152,0.038419913419913417
LOPO,厚朴,PDOL,0.4393939393939394,0.017857142857142856,0.42153679653679654
LOPO,厚朴,PHOL,0.10784313725490197,0.017857142857142856,0.08998599439775912
LOPO,厚朴,WHIL,0.017857142857142856,0.017857142857142856,0.0
LOPO,厚朴花,PDOL,0.045454545454545456,0.00980392156862745,0.035650623885918005
LOPO,厚朴花,PHOL,0.00980392156862745,0.00980392156862745,0.0
LOPO,厚朴花,WHIL,0.017857142857142856,0.00980392156862745,0.008053221288515405
LOPO,合欢皮,PDOL,0.015151515151515152,0.015151515151515152,0.0
LOPO,合欢皮,PHOL,0.029411764705882353,0.015151515151515152,0.0142602495543672
LOPO,合欢皮,WHIL,0.017857142857142856,0.015151515151515152,0.002705627705627704
LOPO,地骨皮,PDOL,0.015151515151515152,0.015151515151515152,0.0
LOPO,地骨皮,PHOL,0.029411764705882353,0.015151515151515152,0.0142602495543672
LOPO,地骨皮,WHIL,0.017857142857142856,0.015151515151515152,0.002705627705627704
LOPO,地龙,PDOL,0.07575757575757576,0.05357142857142857,0.02218614718614719
LOPO,地龙,PHOL,0.06862745098039216,0.05357142857142857,0.015056022408963594
LOPO,地龙,WHIL,0.05357142857142857,0.05357142857142857,0.0
LOPO,夏枯草,PDOL,0.015151515151515152,0.00980392156862745,0.005347593582887701
LOPO,夏枯草,PHOL,0.00980392156862745,0.00980392156862745,0.0
LOPO,夏枯草,WHIL,0.05357142857142857,0.00980392156862745,0.04376750700280112
LOPO,大枣,PDOL,0.07575757575757576,0.00980392156862745,0.0659536541889483
LOPO,大枣,PHOL,0.00980392156862745,0.00980392156862745,0.0
LOPO,大枣,WHIL,0.05357142857142857,0.00980392156862745,0.04376750700280112
LOPO,大青叶,PDOL,0.015151515151515152,0.015151515151515152,0.0
LOPO,大青叶,PHOL,0.029411764705882353,0.015151515151515152,0.0142602495543672
LOPO,大青叶,WHIL,0.017857142857142856,0.015151515151515152,0.002705627705627704
LOPO,大黄,PDOL,0.015151515151515152,0.015151515151515152,0.0
LOPO,大黄,PHOL,0.08823529411764706,0.015151515151515152,0.07308377896613191
LOPO,大黄,WHIL,0.05357142857142857,0.015151515151515152,0.038419913419913417
LOPO,天竺黄,PDOL,0.015151515151515152,0.015151515151515152,0.0
LOPO,天竺黄,PHOL,0.049019607843137254,0.015151515151515152,0.0338680926916221
LOPO,天竺黄,WHIL,0.05357142857142857,0.015151515151515152,0.038419913419913417
LOPO,天花粉,PDOL,0.07575757575757576,0.00980392156862745,0.0659536541889483
LOPO,天花粉,PHOL,0.00980392156862745,0.00980392156862745,0.0
LOPO,天花粉,WHIL,0.125,0.00980392156862745,0.11519607843137256
LOPO,太子参,PDOL,0.045454545454545456,0.017857142857142856,0.0275974025974026
LOPO,太子参,PHOL,0.029411764705882353,0.017857142857142856,0.011554621848739496
LOPO,太子参,WHIL,0.017857142857142856,0.017857142857142856,0.0
LOPO,姜黄,PDOL,0.015151515151515152,0.00980392156862745,0.005347593582887701
LOPO,姜黄,PHOL,0.00980392156862745,0.00980392156862745,0.0
LOPO,姜黄,WHIL,0.05357142857142857,0.00980392156862745,0.04376750700280112
LOPO,射干,PDOL,0.045454545454545456,0.045454545454545456,0.0
LOPO,射干,PHOL,0.10784313725490197,0.045454545454545456,0.06238859180035651
LOPO,射干,WHIL,0.26785714285714285,0.045454545454545456,0.22240259740259738
LOPO,山楂,PDOL,0.045454545454545456,0.00980392156862745,0.035650623885918005
LOPO,山楂,PHOL,0.00980392156862745,0.00980392156862745,0.0
LOPO,山楂,WHIL,0.017857142857142856,0.00980392156862745,0.008053221288515405
LOPO,山药,PDOL,0.10606060606060606,0.00980392156862745,0.0962566844919786
LOPO,山药,PHOL,0.00980392156862745,0.00980392156862745,0.0
LOPO,山药,WHIL,0.017857142857142856,0.00980392156862745,0.008053221288515405
LOPO,岩白菜,PDOL,0.045454545454545456,0.00980392156862745,0.035650623885918005
LOPO,岩白菜,PHOL,0.00980392156862745,0.00980392156862745,0.0
LOPO,岩白菜,WHIL,0.017857142857142856,0.00980392156862745,0.008053221288515405
LOPO,川芎,PDOL,0.015151515151515152,0.015151515151515152,0.0
LOPO,川芎,PHOL,0.049019607843137254,0.015151515151515152,0.0338680926916221
LOPO,川芎,WHIL,0.08928571428571429,0.015151515151515152,0.07413419913419914
LOPO,川贝母,PDOL,0.045454545454545456,0.045454545454545456,0.0
LOPO,川贝母,PHOL,0.12745098039215685,0.045454545454545456,0.0819964349376114
LOPO,川贝母,WHIL,0.05357142857142857,0.045454545454545456,0.008116883116883113
LOPO,干姜,PDOL,0.16666666666666666,0.00980392156862745,0.1568627450980392
LOPO,干姜,PHOL,0.00980392156862745,0.00980392156862745,0.0
LOPO,干姜,WHIL,0.017857142857142856,0.00980392156862745,0.008053221288515405
LOPO,广藿香,PDOL,0.015151515151515152,0.015151515151515152,0.0
LOPO,广藿香,PHOL,0.029411764705882353,0.015151515151515152,0.0142602495543672
LOPO,广藿香,WHIL,0.017857142857142856,0.015151515151515152,0.002705627705627704
LOPO,延胡索,PDOL,0.015151515151515152,0.015151515151515152,0.0
LOPO,延胡索,PHOL,0.029411764705882353,0.015151515151515152,0.0142602495543672
LOPO,延胡索,WHIL,0.017857142857142856,0.015151515151515152,0.002705627705627704
LOPO,当归,PDOL,0.13636363636363635,0.017857142857142856,0.1185064935064935
LOPO,当归,PHOL,0.049019607843137254,0.017857142857142856,0.031162464985994398
LOPO,当归,WHIL,0.017857142857142856,0.017857142857142856,0.0
LOPO,旋覆花,PDOL,0.07575757575757576,0.00980392156862745,0.0659536541889483
LOPO,旋覆花,PHOL,0.00980392156862745,0.00980392156862745,0.0
LOPO,旋覆花,WHIL,0.017857142857142856,0.00980392156862745,0.008053221288515405
LOPO,木蝴蝶,PDOL,0.015151515151515152,0.015151515151515152,0.0
LOPO,木蝴蝶,PHOL,0.029411764705882353,0.015151515151515152,0.0142602495543672
LOPO,木蝴蝶,WHIL,0.19642857142857142,0.015151515151515152,0.18127705627705626
LOPO,木通,PDOL,0.015151515151515152,0.015151515151515152,0.0
LOPO,木通,PHOL,0.049019607843137254,0.015151515151515152,0.0338680926916221
LOPO,木通,WHIL,0.017857142857142856,0.015151515151515152,0.002705627705627704
LOPO,杏仁,PDOL,0.4090909090909091,0.16071428571428573,0.2483766233766234
LOPO,杏仁,PHOL,0.3431372549019608,0.16071428571428573,0.18242296918767506
LOPO,杏仁,WHIL,0.16071428571428573,0.16071428571428573,0.0
LOPO,板蓝根,PDOL,0.015151515151515152,0.00980392156862745,0.005347593582887701
LOPO,板蓝根,PHOL,0.00980392156862745,0.00980392156862745,0.0
LOPO,板蓝根,WHIL,0.19642857142857142,0.00980392156862745,0.18662464985994398
LOPO,枇杷叶,PDOL,0.015151515151515152,0.015151515151515152,0.0
LOPO,枇杷叶,PHOL,0.12745098039215685,0.015151515151515152,0.1122994652406417
LOPO,枇杷叶,WHIL,0.23214285714285715,0.015151515151515152,0.216991341991342
LOPO,枳壳,PDOL,0.07575757575757576,0.06862745098039216,0.007130124777183597
LOPO,枳壳,PHOL,0.06862745098039216,0.06862745098039216,0.0
LOPO,枳壳,WHIL,0.16071428571428573,0.06862745098039216,0.09208683473389356
LOPO,枳实,PDOL,0.07575757575757576,0.07575757575757576,0.0
LOPO,枳实,PHOL,0.12745098039215685,0.07575757575757576,0.051693404634581094
LOPO,枳实,WHIL,0.08928571428571429,0.07575757575757576,0.013528138528138528
LOPO,柏子仁,PDOL,0.045454545454545456,0.00980392156862745,0.035650623885918005
LOPO,柏子仁,PHOL,0.00980392156862745,0.00980392156862745,0.0
LOPO,柏子仁,WHIL,0.017857142857142856,0.00980392156862745,0.008053221288515405
LOPO,柴胡,PDOL,0.07575757575757576,0.029411764705882353,0.04634581105169341
LOPO,柴胡,PHOL,0.029411764705882353,0.029411764705882353,0.0
LOPO,柴胡,WHIL,0.23214285714285715,0.029411764705882353,0.2027310924369748
LOPO,栀子,PDOL,0.015151515151515152,0.015151515151515152,0.0
LOPO,栀子,PHOL,0.22549019607843138,0.015151515151515152,0.2103386809269162
LOPO,栀子,WHIL,0.16071428571428573,0.015151515151515152,0.14556277056277056
LOPO,桂枝,PDOL,0.045454545454545456,0.00980392156862745,0.035650623885918005
LOPO,桂枝,PHOL,0.00980392156862745,0.00980392156862745,0.0
LOPO,桂枝,WHIL,0.017857142857142856,0.00980392156862745,0.008053221288515405
LOPO,桃仁,PDOL,0.07575757575757576,0.017857142857142856,0.057900432900432904
LOPO,桃仁,PHOL,0.20588235294117646,0.017857142857142856,0.1880252100840336
LOPO,桃仁,WHIL,0.017857142857142856,0.017857142857142856,0.0
LOPO,桑叶,PDOL,0.015151515151515152,0.015151515151515152,0.0
LOPO,桑叶,PHOL,0.049019607843137254,0.015151515151515152,0.0338680926916221
LOPO,桑叶,WHIL,0.26785714285714285,0.015151515151515152,0.2527056277056277
LOPO,桑白皮,PDOL,0.07575757575757576,0.07575757575757576,0.0
LOPO,桑白皮,PHOL,0.6568627450980392,0.07575757575757576,0.5811051693404634
LOPO,桑白皮,WHIL,0.23214285714285715,0.07575757575757576,0.1563852813852814
LOPO,桔梗,PDOL,0.2878787878787879,0.2878787878787879,0.0
LOPO,桔梗,PHOL,0.5588235294117647,0.2878787878787879,0.2709447415329768
LOPO,桔梗,WHIL,0.7321428571428571,0.2878787878787879,0.4442640692640692
LOPO,梨皮,PDOL,0.015151515151515152,0.00980392156862745,0.005347593582887701
LOPO,梨皮,PHOL,0.00980392156862745,0.00980392156862745,0.0
LOPO,梨皮,WHIL,0.05357142857142857,0.00980392156862745,0.04376750700280112
LOPO,橘红,PDOL,0.10606060606060606,0.017857142857142856,0.0882034632034632
LOPO,橘红,PHOL,0.16666666666666666,0.017857142857142856,0.1488095238095238
LOPO,橘红,WHIL,0.017857142857142856,0.017857142857142856,0.0
LOPO,款冬花,PDOL,0.16666666666666666,0.06862745098039216,0.0980392156862745
LOPO,款冬花,PHOL,0.06862745098039216,0.06862745098039216,0.0
LOPO,款冬花,WHIL,0.16071428571428573,0.06862745098039216,0.09208683473389356
LOPO,水牛角,PDOL,0.015151515151515152,0.00980392156862745,0.005347593582887701
LOPO,水牛角,PHOL,0.00980392156862745,0.00980392156862745,0.0
LOPO,水牛角,WHIL,0.017857142857142856,0.00980392156862745,0.008053221288515405
LOPO,沙参,PDOL,0.015151515151515152,0.00980392156862745,0.005347593582887701
LOPO,沙参,PHOL,0.00980392156862745,0.00980392156862745,0.0
LOPO,沙参,WHIL,0.05357142857142857,0.00980392156862745,0.04376750700280112
LOPO,法半夏,PDOL,0.4393939393939394,0.05357142857142857,0.38582251082251084
LOPO,法半夏,PHOL,0.3431372549019608,0.05357142857142857,0.28956582633053224
LOPO,法半夏,WHIL,0.05357142857142857,0.05357142857142857,0.0
LOPO,浙贝母,PDOL,0.16666666666666666,0.16666666666666666,0.0
LOPO,浙贝母,PHOL,0.4803921568627451,0.16666666666666666,0.3137254901960784
LOPO,浙贝母,WHIL,0.4107142857142857,0.16666666666666666,0.24404761904761904
LOPO,浮小麦,PDOL,0.045454545454545456,0.00980392156862745,0.035650623885918005
LOPO,浮小麦,PHOL,0.00980392156862745,0.00980392156862745,0.0
LOPO,浮小麦,WHIL,0.017857142857142856,0.00980392156862745,0.008053221288515405
LOPO,海浮石,PDOL,0.015151515151515152,0.00980392156862745,0.005347593582887701
LOPO,海浮石,PHOL,0.00980392156862745,0.00980392156862745,0.0
LOPO,海浮石,WHIL,0.017857142857142856,0.00980392156862745,0.008053221288515405
LOPO,海蛤壳,PDOL,0.015151515151515152,0.015151515151515152,0.0
LOPO,海蛤壳,PHOL,0.049019607843137254,0.015151515151515152,0.0338680926916221
LOPO,海蛤壳,WHIL,0.017857142857142856,0.015151515151515152,0.002705627705627704
LOPO,淡豆豉,PDOL,0.015151515151515152,0.00980392156862745,0.005347593582887701
LOPO,淡豆豉,PHOL,0.00980392156862745,0.00980392156862745,0.0
LOPO,淡豆豉,WHIL,0.16071428571428573,0.00980392156862745,0.15091036414565828
LOPO,淫羊藿,PDOL,0.015151515151515152,0.00980392156862745,0.005347593582887701
LOPO,淫羊藿,PHOL,0.00980392156862745,0.00980392156862745,0.0
LOPO,淫羊藿,WHIL,0.017857142857142856,0.00980392156862745,0.008053221288515405
LOPO,滑石,PDOL,0.015151515151515152,0.015151515151515152,0.0
LOPO,滑石,PHOL,0.029411764705882353,0.015151515151515152,0.0142602495543672
LOPO,滑石,WHIL,0.017857142857142856,0.015151515151515152,0.002705627705627704
LOPO,火麻仁,PDOL,0.015151515151515152,0.00980392156862745,0.005347593582887701
LOPO,火麻仁,PHOL,0.00980392156862745,0.00980392156862745,0.0
LOPO,火麻仁,WHIL,0.05357142857142857,0.00980392156862745,0.04376750700280112
LOPO,炙甘草,PDOL,0.19696969696969696,0.125,0.07196969696969696
LOPO,炙甘草,PHOL,0.18627450980392157,0.125,0.06127450980392157
LOPO,炙甘草,WHIL,0.125,0.125,0.0
LOPO,炙百部,PDOL,0.045454545454545456,0.00980392156862745,0.035650623885918005
LOPO,炙百部,PHOL,0.00980392156862745,0.00980392156862745,0.0
LOPO,炙百部,WHIL,0.05357142857142857,0.00980392156862745,0.04376750700280112
LOPO,炙麻黄,PDOL,0.19696969696969696,0.017857142857142856,0.1791125541125541
LOPO,炙麻黄,PHOL,0.10784313725490197,0.017857142857142856,0.08998599439775912
LOPO,炙麻黄,WHIL,0.017857142857142856,0.017857142857142856,0.0
LOPO,焦六神曲,PDOL,0.015151515151515152,0.015151515151515152,0.0
LOPO,焦六神曲,PHOL,0.029411764705882353,0.015151515151515152,0.0142602495543672
LOPO,焦六神曲,WHIL,0.017857142857142856,0.015151515151515152,0.002705627705627704
LOPO,焦山楂,PDOL,0.045454545454545456,0.029411764705882353,0.016042780748663103
LOPO,焦山楂,PHOL,0.029411764705882353,0.029411764705882353,0.0
LOPO,焦山楂,WHIL,0.05357142857142857,0.029411764705882353,0.024159663865546216
LOPO,焦槟榔,PDOL,0.015151515151515152,0.00980392156862745,0.005347593582887701
LOPO,焦槟榔,PHOL,0.00980392156862745,0.00980392156862745,0.0
LOPO,焦槟榔,WHIL,0.017857142857142856,0.00980392156862745,0.008053221288515405
LOPO,熟地黄,PDOL,0.045454545454545456,0.00980392156862745,0.035650623885918005
LOPO,熟地黄,PHOL,0.00980392156862745,0.00980392156862745,0.0
LOPO,熟地黄,WHIL,0.017857142857142856,0.00980392156862745,0.008053221288515405
LOPO,牛蒡子,PDOL,0.045454545454545456,0.029411764705882353,0.016042780748663103
LOPO,牛蒡子,PHOL,0.029411764705882353,0.029411764705882353,0.0
LOPO,牛蒡子,WHIL,0.26785714285714285,0.029411764705882353,0.2384453781512605
LOPO,牡丹皮,PDOL,0.015151515151515152,0.00980392156862745,0.005347593582887701
LOPO,牡丹皮,PHOL,0.00980392156862745,0.00980392156862745,0.0
LOPO,牡丹皮,WHIL,0.05357142857142857,0.00980392156862745,0.04376750700280112
LOPO,牡蛎,PDOL,0.045454545454545456,0.00980392156862745,0.035650623885918005
LOPO,牡蛎,PHOL,0.00980392156862745,0.00980392156862745,0.0
LOPO,牡蛎,WHIL,0.017857142857142856,0.00980392156862745,0.008053221288515405
LOPO,玄参,PDOL,0.015151515151515152,0.00980392156862745,0.005347593582887701
LOPO,玄参,PHOL,0.00980392156862745,0.00980392156862745,0.0
LOPO,玄参,WHIL,0.3392857142857143,0.00980392156862745,0.32948179271708683
LOPO,瓜蒌,PDOL,0.07575757575757576,0.07575757575757576,0.0
LOPO,瓜蒌,PHOL,0.3235294117647059,0.07575757575757576,0.24777183600713015
LOPO,瓜蒌,WHIL,0.125,0.07575757575757576,0.04924242424242424
LOPO,瓜蒌子,PDOL,0.045454545454545456,0.017857142857142856,0.0275974025974026
LOPO,瓜蒌子,PHOL,0.14705882352941177,0.017857142857142856,0.12920168067226892
LOPO,瓜蒌子,WHIL,0.017857142857142856,0.017857142857142856,0.0
LOPO,瓜蒌皮,PDOL,0.015151515151515152,0.015151515151515152,0.0
LOPO,瓜蒌皮,PHOL,0.12745098039215685,0.015151515151515152,0.1122994652406417
LOPO,瓜蒌皮,WHIL,0.05357142857142857,0.015151515151515152,0.038419913419913417
LOPO,甘草,PDOL,0.5,0.5,0.0
LOPO,甘草,PHOL,0.6764705882352942,0.5,0.17647058823529416
LOPO,甘草,WHIL,0.625,0.5,0.125
LOPO,生地黄,PDOL,0.015151515151515152,0.015151515151515152,0.0
LOPO,生地黄,PHOL,0.029411764705882353,0.015151515151515152,0.0142602495543672
LOPO,生地黄,WHIL,0.08928571428571429,0.015151515151515152,0.07413419913419914
LOPO,生姜,PDOL,0.19696969696969696,0.029411764705882353,0.1675579322638146
LOPO,生姜,PHOL,0.029411764705882353,0.029411764705882353,0.0
LOPO,生姜,WHIL,0.05357142857142857,0.029411764705882353,0.024159663865546216
LOPO,生晒参,PDOL,0.015151515151515152,0.015151515151515152,0.0
LOPO,生晒参,PHOL,0.029411764705882353,0.015151515151515152,0.0142602495543672
LOPO,生晒参,WHIL,0.017857142857142856,0.015151515151515152,0.002705627705627704
LOPO,白前,PDOL,0.13636363636363635,0.06862745098039216,0.06773618538324419
LOPO,白前,PHOL,0.06862745098039216,0.06862745098039216,0.0
LOPO,白前,WHIL,0.08928571428571429,0.06862745098039216,0.020658263305322125
LOPO,白及,PDOL,0.015151515151515152,0.015151515151515152,0.0
LOPO,白及,PHOL,0.029411764705882353,0.015151515151515152,0.0142602495543672
LOPO,白及,WHIL,0.017857142857142856,0.015151515151515152,0.002705627705627704
LOPO,白头翁,PDOL,0.015151515151515152,0.015151515151515152,0.0
LOPO,白头翁,PHOL,0.029411764705882353,0.015151515151515152,0.0142602495543672
LOPO,白头翁,WHIL,0.017857142857142856,0.015151515151515152,0.002705627705627704
LOPO,白术,PDOL,0.25757575757575757,0.049019607843137254,0.20855614973262032
LOPO,白术,PHOL,0.049019607843137254,0.049019607843137254,0.0
LOPO,白术,WHIL,0.08928571428571429,0.049019607843137254,0.040266106442577033
LOPO,白果,PDOL,0.045454545454545456,0.017857142857142856,0.0275974025974026
LOPO,白果,PHOL,0.06862745098039216,0.017857142857142856,0.05077030812324931
LOPO,白果,WHIL,0.017857142857142856,0.017857142857142856,0.0
LOPO,白芍,PDOL,0.13636363636363635,0.00980392156862745,0.1265597147950089
LOPO,白芍,PHOL,0.00980392156862745,0.00980392156862745,0.0
LOPO,白芍,WHIL,0.017857142857142856,0.00980392156862745,0.008053221288515405
LOPO,白芥子,PDOL,0.2878787878787879,0.017857142857142856,0.27002164502164505
LOPO,白芥子,PHOL,0.08823529411764706,0.017857142857142856,0.0703781512605042
LOPO,白芥子,WHIL,0.017857142857142856,0.017857142857142856,0.0
LOPO,白芷,PDOL,0.015151515151515152,0.00980392156862745,0.005347593582887701
LOPO,白芷,PHOL,0.00980392156862745,0.00980392156862745,0.0
LOPO,白芷,WHIL,0.08928571428571429,0.00980392156862745,0.07948179271708683
LOPO,白茅根,PDOL,0.015151515151515152,0.015151515151515152,0.0
LOPO,白茅根,PHOL,0.049019607843137254,0.015151515151515152,0.0338680926916221
LOPO,白茅根,WHIL,0.05357142857142857,0.015151515151515152,0.038419913419913417
LOPO,百合,PDOL,0.015151515151515152,0.015151515151515152,0.0
LOPO,百合,PHOL,0.029411764705882353,0.015151515151515152,0.0142602495543672
LOPO,百合,WHIL,0.08928571428571429,0.015151515151515152,0.07413419913419914
LOPO,百部,PDOL,0.045454545454545456,0.045454545454545456,0.0
LOPO,百部,PHOL,0.049019607843137254,0.045454545454545456,0.0035650623885917984
LOPO,百部,WHIL,0.08928571428571429,0.045454545454545456,0.04383116883116883
LOPO,皂角刺,PDOL,0.015151515151515152,0.00980392156862745,0.005347593582887701
LOPO,皂角刺,PHOL,0.00980392156862745,0.00980392156862745,0.0
LOPO,皂角刺,WHIL,0.125,0.00980392156862745,0.11519607843137256
LOPO,知母,PDOL,0.015151515151515152,0.015151515151515152,0.0
LOPO,知母,PHOL,0.18627450980392157,0.015151515151515152,0.17112299465240643
LOPO,知母,WHIL,0.08928571428571429,0.015151515151515152,0.07413419913419914
LOPO,矮地茶,PDOL,0.015151515151515152,0.015151515151515152,0.0
LOPO,矮地茶,PHOL,0.029411764705882353,0.015151515151515152,0.0142602495543672
LOPO,矮地茶,WHIL,0.017857142857142856,0.015151515151515152,0.002705627705627704
LOPO,石斛,PDOL,0.015151515151515152,0.015151515151515152,0.0
LOPO,石斛,PHOL,0.029411764705882353,0.015151515151515152,0.0142602495543672
LOPO,石斛,WHIL,0.017857142857142856,0.015151515151515152,0.002705627705627704
LOPO,石膏,PDOL,0.045454545454545456,0.045454545454545456,0.0
LOPO,石膏,PHOL,0.30392156862745096,0.045454545454545456,0.2584670231729055
LOPO,石膏,WHIL,0.23214285714285715,0.045454545454545456,0.18668831168831168
LOPO,石菖蒲,PDOL,0.015151515151515152,0.015151515151515152,0.0
LOPO,石菖蒲,PHOL,0.049019607843137254,0.015151515151515152,0.0338680926916221
LOPO,石菖蒲,WHIL,0.017857142857142856,0.015151515151515152,0.002705627705627704
LOPO,砂仁,PDOL,0.07575757575757576,0.00980392156862745,0.0659536541889483
LOPO,砂仁,PHOL,0.00980392156862745,0.00980392156862745,0.0
LOPO,砂仁,WHIL,0.017857142857142856,0.00980392156862745,0.008053221288515405
LOPO,神曲,PDOL,0.045454545454545456,0.029411764705882353,0.016042780748663103
LOPO,神曲,PHOL,0.029411764705882353,0.029411764705882353,0.0
LOPO,神曲,WHIL,0.05357142857142857,0.029411764705882353,0.024159663865546216
LOPO,穿山龙,PDOL,0.015151515151515152,0.015151515151515152,0.0
LOPO,穿山龙,PHOL,0.029411764705882353,0.015151515151515152,0.0142602495543672
LOPO,穿山龙,WHIL,0.017857142857142856,0.015151515151515152,0.002705627705627704
LOPO,竹沥,PDOL,0.015151515151515152,0.015151515151515152,0.0
LOPO,竹沥,PHOL,0.049019607843137254,0.015151515151515152,0.0338680926916221
LOPO,竹沥,WHIL,0.017857142857142856,0.015151515151515152,0.002705627705627704
LOPO,竹茹,PDOL,0.045454545454545456,0.045454545454545456,0.0
LOPO,竹茹,PHOL,0.06862745098039216,0.045454545454545456,0.023172905525846707
LOPO,竹茹,WHIL,0.05357142857142857,0.045454545454545456,0.008116883116883113
LOPO,紫花地丁,PDOL,0.015151515151515152,0.015151515151515152,0.0
LOPO,紫花地丁,PHOL,0.029411764705882353,0.015151515151515152,0.0142602495543672
LOPO,紫花地丁,WHIL,0.05357142857142857,0.015151515151515152,0.038419913419913417
LOPO,紫苏,PDOL,0.045454545454545456,0.00980392156862745,0.035650623885918005
LOPO,紫苏,PHOL,0.00980392156862745,0.00980392156862745,0.0
LOPO,紫苏,WHIL,0.017857142857142856,0.00980392156862745,0.008053221288515405
LOPO,紫苏叶,PDOL,0.07575757575757576,0.00980392156862745,0.0659536541889483
LOPO,紫苏叶,PHOL,0.00980392156862745,0.00980392156862745,0.0
LOPO,紫苏叶,WHIL,0.017857142857142856,0.00980392156862745,0.008053221288515405
LOPO,紫苏子,PDOL,0.5303030303030303,0.05357142857142857,0.47673160173160173
LOPO,紫苏子,PHOL,0.4215686274509804,0.05357142857142857,0.36799719887955185
LOPO,紫苏子,WHIL,0.05357142857142857,0.05357142857142857,0.0
LOPO,紫菀,PDOL,0.13636363636363635,0.029411764705882353,0.106951871657754
LOPO,紫菀,PHOL,0.029411764705882353,0.029411764705882353,0.0
LOPO,紫菀,WHIL,0.16071428571428573,0.029411764705882353,0.13130252100840337
LOPO,红景天,PDOL,0.015151515151515152,0.00980392156862745,0.005347593582887701
LOPO,红景天,PHOL,0.00980392156862745,0.00980392156862745,0.0
LOPO,红景天,WHIL,0.017857142857142856,0.00980392156862745,0.008053221288515405
LOPO,红花,PDOL,0.015151515151515152,0.00980392156862745,0.005347593582887701
LOPO,红花,PHOL,0.00980392156862745,0.00980392156862745,0.0
LOPO,红花,WHIL,0.05357142857142857,0.00980392156862745,0.04376750700280112
LOPO,红藤,PDOL,0.015151515151515152,0.00980392156862745,0.005347593582887701
LOPO,红藤,PHOL,0.00980392156862745,0.00980392156862745,0.0
LOPO,红藤,WHIL,0.017857142857142856,0.00980392156862745,0.008053221288515405
LOPO,细辛,PDOL,0.16666666666666666,0.00980392156862745,0.1568627450980392
LOPO,细辛,PHOL,0.00980392156862745,0.00980392156862745,0.0
LOPO,细辛,WHIL,0.05357142857142857,0.00980392156862745,0.04376750700280112
LOPO,肉桂,PDOL,0.045454545454545456,0.00980392156862745,0.035650623885918005
LOPO,肉桂,PHOL,0.00980392156862745,0.00980392156862745,0.0
LOPO,肉桂,WHIL,0.017857142857142856,0.00980392156862745,0.008053221288515405
LOPO,胆南星,PDOL,0.07575757575757576,0.017857142857142856,0.057900432900432904
LOPO,胆南星,PHOL,0.08823529411764706,0.017857142857142856,0.0703781512605042
LOPO,胆南星,WHIL,0.017857142857142856,0.017857142857142856,0.0
LOPO,芍药,PDOL,0.045454545454545456,0.00980392156862745,0.035650623885918005
LOPO,芍药,PHOL,0.00980392156862745,0.00980392156862745,0.0
LOPO,芍药,WHIL,0.017857142857142856,0.00980392156862745,0.008053221288515405
LOPO,芒硝,PDOL,0.015151515151515152,0.015151515151515152,0.0
LOPO,芒硝,PHOL,0.029411764705882353,0.015151515151515152,0.0142602495543672
LOPO,芒硝,WHIL,0.017857142857142856,0.015151515151515152,0.002705627705627704
LOPO,芡实,PDOL,0.045454545454545456,0.00980392156862745,0.035650623885918005
LOPO,芡实,PHOL,0.00980392156862745,0.00980392156862745,0.0
LOPO,芡实,WHIL,0.017857142857142856,0.00980392156862745,0.008053221288515405
LOPO,芦根,PDOL,0.015151515151515152,0.015151515151515152,0.0
LOPO,芦根,PHOL,0.18627450980392157,0.015151515151515152,0.17112299465240643
LOPO,芦根,WHIL,0.16071428571428573,0.015151515151515152,0.14556277056277056
LOPO,芫花,PDOL,0.015151515151515152,0.015151515151515152,0.0
LOPO,芫花,PHOL,0.029411764705882353,0.015151515151515152,0.0142602495543672
LOPO,芫花,WHIL,0.017857142857142856,0.015151515151515152,0.002705627705627704
LOPO,苇茎,PDOL,0.015151515151515152,0.015151515151515152,0.0
LOPO,苇茎,PHOL,0.049019607843137254,0.015151515151515152,0.0338680926916221
LOPO,苇茎,WHIL,0.017857142857142856,0.015151515151515152,0.002705627705627704
LOPO,苍术,PDOL,0.16666666666666666,0.017857142857142856,0.1488095238095238
LOPO,苍术,PHOL,0.049019607843137254,0.017857142857142856,0.031162464985994398
LOPO,苍术,WHIL,0.017857142857142856,0.017857142857142856,0.0
LOPO,苍耳子,PDOL,0.015151515151515152,0.00980392156862745,0.005347593582887701
LOPO,苍耳子,PHOL,0.00980392156862745,0.00980392156862745,0.0
LOPO,苍耳子,WHIL,0.017857142857142856,0.00980392156862745,0.008053221288515405
LOPO,苦杏仁,PDOL,0.16666666666666666,0.125,0.04166666666666666
LOPO,苦杏仁,PHOL,0.38235294117647056,0.125,0.25735294117647056
LOPO,苦杏仁,WHIL,0.125,0.125,0.0
LOPO,茯苓,PDOL,0.7727272727272727,0.125,0.6477272727272727
LOPO,茯苓,PHOL,0.3431372549019608,0.125,0.2181372549019608
LOPO,茯苓,WHIL,0.125,0.125,0.0
LOPO,茵陈,PDOL,0.015151515151515152,0.015151515151515152,0.0
LOPO,茵陈,PHOL,0.029411764705882353,0.015151515151515152,0.0142602495543672
LOPO,茵陈,WHIL,0.017857142857142856,0.015151515151515152,0.002705627705627704
LOPO,荆芥,PDOL,0.045454545454545456,0.00980392156862745,0.035650623885918005
LOPO,荆芥,PHOL,0.00980392156862745,0.00980392156862745,0.0
LOPO,荆芥,WHIL,0.16071428571428573,0.00980392156862745,0.15091036414565828
LOPO,莱菔子,PDOL,0.4393939393939394,0.08823529411764706,0.3511586452762923
LOPO,莱菔子,PHOL,0.08823529411764706,0.08823529411764706,0.0
LOPO,莱菔子,WHIL,0.08928571428571429,0.08823529411764706,0.0010504201680672232
LOPO,菊花,PDOL,0.015151515151515152,0.015151515151515152,0.0
LOPO,菊花,PHOL,0.029411764705882353,0.015151515151515152,0.0142602495543672
LOPO,菊花,WHIL,0.16071428571428573,0.015151515151515152,0.14556277056277056
LOPO,葛根,PDOL,0.015151515151515152,0.00980392156862745,0.005347593582887701
LOPO,葛根,PHOL,0.00980392156862745,0.00980392156862745,0.0
LOPO,葛根,WHIL,0.05357142857142857,0.00980392156862745,0.04376750700280112
LOPO,葶苈子,PDOL,0.16666666666666666,0.017857142857142856,0.1488095238095238
LOPO,葶苈子,PHOL,0.2647058823529412,0.017857142857142856,0.24684873949579833
LOPO,葶苈子,WHIL,0.017857142857142856,0.017857142857142856,0.0
LOPO,蒲公英,PDOL,0.015151515151515152,0.015151515151515152,0.0
LOPO,蒲公英,PHOL,0.029411764705882353,0.015151515151515152,0.0142602495543672
LOPO,蒲公英,WHIL,0.08928571428571429,0.015151515151515152,0.07413419913419914
LOPO,蒲黄炭,PDOL,0.015151515151515152,0.015151515151515152,0.0
LOPO,蒲黄炭,PHOL,0.029411764705882353,0.015151515151515152,0.0142602495543672
LOPO,蒲黄炭,WHIL,0.017857142857142856,0.015151515151515152,0.002705627705627704
LOPO,薄荷,PDOL,0.015151515151515152,0.015151515151515152,0.0
LOPO,薄荷,PHOL,0.029411764705882353,0.015151515151515152,0.0142602495543672
LOPO,薄荷,WHIL,0.19642857142857142,0.015151515151515152,0.18127705627705626
LOPO,薏苡仁,PDOL,0.16666666666666666,0.05357142857142857,0.11309523809523808
LOPO,薏苡仁,PHOL,0.24509803921568626,0.05357142857142857,0.1915266106442577
LOPO,薏苡仁,WHIL,0.05357142857142857,0.05357142857142857,0.0
LOPO,薤白,PDOL,0.07575757575757576,0.00980392156862745,0.0659536541889483
LOPO,薤白,PHOL,0.00980392156862745,0.00980392156862745,0.0
LOPO,薤白,WHIL,0.017857142857142856,0.00980392156862745,0.008053221288515405
LOPO,藏青果,PDOL,0.015151515151515152,0.00980392156862745,0.005347593582887701
LOPO,藏青果,PHOL,0.00980392156862745,0.00980392156862745,0.0
LOPO,藏青果,WHIL,0.05357142857142857,0.00980392156862745,0.04376750700280112
LOPO,藿香,PDOL,0.015151515151515152,0.015151515151515152,0.0
LOPO,藿香,PHOL,0.029411764705882353,0.015151515151515152,0.0142602495543672
LOPO,藿香,WHIL,0.017857142857142856,0.015151515151515152,0.002705627705627704
LOPO,虎杖,PDOL,0.015151515151515152,0.015151515151515152,0.0
LOPO,虎杖,PHOL,0.06862745098039216,0.015151515151515152,0.05347593582887701
LOPO,虎杖,WHIL,0.017857142857142856,0.015151515151515152,0.002705627705627704
LOPO,蜈蚣,PDOL,0.045454545454545456,0.00980392156862745,0.035650623885918005
LOPO,蜈蚣,PHOL,0.00980392156862745,0.00980392156862745,0.0
LOPO,蜈蚣,WHIL,0.017857142857142856,0.00980392156862745,0.008053221288515405
LOPO,蜜款冬花,PDOL,0.015151515151515152,0.015151515151515152,0.0
LOPO,蜜款冬花,PHOL,0.06862745098039216,0.015151515151515152,0.05347593582887701
LOPO,蜜款冬花,WHIL,0.05357142857142857,0.015151515151515152,0.038419913419913417
LOPO,蜜百部,PDOL,0.015151515151515152,0.015151515151515152,0.0
LOPO,蜜百部,PHOL,0.049019607843137254,0.015151515151515152,0.0338680926916221
LOPO,蜜百部,WHIL,0.017857142857142856,0.015151515151515152,0.002705627705627704
LOPO,蜜紫菀,PDOL,0.10606060606060606,0.08823529411764706,0.017825311942959
LOPO,蜜紫菀,PHOL,0.08823529411764706,0.08823529411764706,0.0
LOPO,蜜紫菀,WHIL,0.08928571428571429,0.08823529411764706,0.0010504201680672232
LOPO,蜜麻黄,PDOL,0.07575757575757576,0.017857142857142856,0.057900432900432904
LOPO,蜜麻黄,PHOL,0.14705882352941177,0.017857142857142856,0.12920168067226892
LOPO,蜜麻黄,WHIL,0.017857142857142856,0.017857142857142856,0.0
LOPO,蝉蜕,PDOL,0.015151515151515152,0.015151515151515152,0.0
LOPO,蝉蜕,PHOL,0.06862745098039216,0.015151515151515152,0.05347593582887701
LOPO,蝉蜕,WHIL,0.30357142857142855,0.015151515151515152,0.2884199134199134
LOPO,补骨脂,PDOL,0.045454545454545456,0.00980392156862745,0.035650623885918005
LOPO,补骨脂,PHOL,0.00980392156862745,0.00980392156862745,0.0
LOPO,补骨脂,WHIL,0.017857142857142856,0.00980392156862745,0.008053221288515405
LOPO,西青果,PDOL,0.015151515151515152,0.00980392156862745,0.005347593582887701
LOPO,西青果,PHOL,0.00980392156862745,0.00980392156862745,0.0
LOPO,西青果,WHIL,0.05357142857142857,0.00980392156862745,0.04376750700280112
LOPO,诃子,PDOL,0.015151515151515152,0.00980392156862745,0.005347593582887701
LOPO,诃子,PHOL,0.00980392156862745,0.00980392156862745,0.0
LOPO,诃子,WHIL,0.08928571428571429,0.00980392156862745,0.07948179271708683
LOPO,豆蔻,PDOL,0.015151515151515152,0.015151515151515152,0.0
LOPO,豆蔻,PHOL,0.029411764705882353,0.015151515151515152,0.0142602495543672
LOPO,豆蔻,WHIL,0.017857142857142856,0.015151515151515152,0.002705627705627704
LOPO,败酱草,PDOL,0.015151515151515152,0.015151515151515152,0.0
LOPO,败酱草,PHOL,0.049019607843137254,0.015151515151515152,0.0338680926916221
LOPO,败酱草,WHIL,0.017857142857142856,0.015151515151515152,0.002705627705627704
LOPO,贯众,PDOL,0.015151515151515152,0.00980392156862745,0.005347593582887701
LOPO,贯众,PHOL,0.00980392156862745,0.00980392156862745,0.0
LOPO,贯众,WHIL,0.05357142857142857,0.00980392156862745,0.04376750700280112
LOPO,赤芍,PDOL,0.07575757575757576,0.029411764705882353,0.04634581105169341
LOPO,赤芍,PHOL,0.029411764705882353,0.029411764705882353,0.0
LOPO,赤芍,WHIL,0.26785714285714285,0.029411764705882353,0.2384453781512605
LOPO,车前子,PDOL,0.045454545454545456,0.017857142857142856,0.0275974025974026
LOPO,车前子,PHOL,0.029411764705882353,0.017857142857142856,0.011554621848739496
LOPO,车前子,WHIL,0.017857142857142856,0.017857142857142856,0.0
LOPO,辛夷,PDOL,0.015151515151515152,0.00980392156862745,0.005347593582887701
LOPO,辛夷,PHOL,0.00980392156862745,0.00980392156862745,0.0
LOPO,辛夷,WHIL,0.05357142857142857,0.00980392156862745,0.04376750700280112
LOPO,连翘,PDOL,0.015151515151515152,0.015151515151515152,0.0
LOPO,连翘,PHOL,0.08823529411764706,0.015151515151515152,0.07308377896613191
LOPO,连翘,WHIL,0.625,0.015151515151515152,0.6098484848484849
LOPO,通草,PDOL,0.015151515151515152,0.015151515151515152,0.0
LOPO,通草,PHOL,0.029411764705882353,0.015151515151515152,0.0142602495543672
LOPO,通草,WHIL,0.017857142857142856,0.015151515151515152,0.002705627705627704
LOPO,郁金,PDOL,0.015151515151515152,0.00980392156862745,0.005347593582887701
LOPO,郁金,PHOL,0.00980392156862745,0.00980392156862745,0.0
LOPO,郁金,WHIL,0.017857142857142856,0.00980392156862745,0.008053221288515405
LOPO,野菊花,PDOL,0.015151515151515152,0.00980392156862745,0.005347593582887701
LOPO,野菊花,PHOL,0.00980392156862745,0.00980392156862745,0.0
LOPO,野菊花,WHIL,0.08928571428571429,0.00980392156862745,0.07948179271708683
LOPO,金荞麦,PDOL,0.015151515151515152,0.015151515151515152,0.0
LOPO,金荞麦,PHOL,0.12745098039215685,0.015151515151515152,0.1122994652406417
LOPO,金荞麦,WHIL,0.05357142857142857,0.015151515151515152,0.038419913419913417
LOPO,金银花,PDOL,0.015151515151515152,0.015151515151515152,0.0
LOPO,金银花,PHOL,0.10784313725490197,0.015151515151515152,0.09269162210338681
LOPO,金银花,WHIL,0.5178571428571429,0.015151515151515152,0.5027056277056278
LOPO,银杏叶,PDOL,0.015151515151515152,0.015151515151515152,0.0
LOPO,银杏叶,PHOL,0.029411764705882353,0.015151515151515152,0.0142602495543672
LOPO,银杏叶,WHIL,0.017857142857142856,0.015151515151515152,0.002705627705627704
LOPO,防风,PDOL,0.10606060606060606,0.00980392156862745,0.0962566844919786
LOPO,防风,PHOL,0.00980392156862745,0.00980392156862745,0.0
LOPO,防风,WHIL,0.16071428571428573,0.00980392156862745,0.15091036414565828
LOPO,附子,PDOL,0.045454545454545456,0.00980392156862745,0.035650623885918005
LOPO,附子,PHOL,0.00980392156862745,0.00980392156862745,0.0
LOPO,附子,WHIL,0.017857142857142856,0.00980392156862745,0.008053221288515405
LOPO,陈皮,PDOL,0.7121212121212122,0.125,0.5871212121212122
LOPO,陈皮,PHOL,0.18627450980392157,0.125,0.06127450980392157
LOPO,陈皮,WHIL,0.125,0.125,0.0
LOPO,青天葵,PDOL,0.015151515151515152,0.00980392156862745,0.005347593582887701
LOPO,青天葵,PHOL,0.00980392156862745,0.00980392156862745,0.0
LOPO,青天葵,WHIL,0.017857142857142856,0.00980392156862745,0.008053221288515405
LOPO,青果,PDOL,0.015151515151515152,0.00980392156862745,0.005347593582887701
LOPO,青果,PHOL,0.00980392156862745,0.00980392156862745,0.0
LOPO,青果,WHIL,0.05357142857142857,0.00980392156862745,0.04376750700280112
LOPO,青葙子,PDOL,0.015151515151515152,0.015151515151515152,0.0
LOPO,青葙子,PHOL,0.029411764705882353,0.015151515151515152,0.0142602495543672
LOPO,青葙子,WHIL,0.017857142857142856,0.015151515151515152,0.002705627705627704
LOPO,青蒿,PDOL,0.015151515151515152,0.015151515151515152,0.0
LOPO,青蒿,PHOL,0.029411764705882353,0.015151515151515152,0.0142602495543672
LOPO,青蒿,WHIL,0.05357142857142857,0.015151515151515152,0.038419913419913417
LOPO,青黛,PDOL,0.015151515151515152,0.00980392156862745,0.005347593582887701
LOPO,青黛,PHOL,0.00980392156862745,0.00980392156862745,0.0
LOPO,青黛,WHIL,0.017857142857142856,0.00980392156862745,0.008053221288515405
LOPO,香附,PDOL,0.045454545454545456,0.00980392156862745,0.035650623885918005
LOPO,香附,PHOL,0.00980392156862745,0.00980392156862745,0.0
LOPO,香附,WHIL,0.017857142857142856,0.00980392156862745,0.008053221288515405
LOPO,马勃,PDOL,0.015151515151515152,0.00980392156862745,0.005347593582887701
LOPO,马勃,PHOL,0.00980392156862745,0.00980392156862745,0.0
LOPO,马勃,WHIL,0.017857142857142856,0.00980392156862745,0.008053221288515405
LOPO,马鞭草,PDOL,0.015151515151515152,0.015151515151515152,0.0
LOPO,马鞭草,PHOL,0.029411764705882353,0.015151515151515152,0.0142602495543672
LOPO,马鞭草,WHIL,0.017857142857142856,0.015151515151515152,0.002705627705627704
LOPO,鱼腥草,PDOL,0.07575757575757576,0.07575757575757576,0.0
LOPO,鱼腥草,PHOL,0.3235294117647059,0.07575757575757576,0.24777183600713015
LOPO,鱼腥草,WHIL,0.16071428571428573,0.07575757575757576,0.08495670995670997
LOPO,麦冬,PDOL,0.015151515151515152,0.015151515151515152,0.0
LOPO,麦冬,PHOL,0.18627450980392157,0.015151515151515152,0.17112299465240643
LOPO,麦冬,WHIL,0.19642857142857142,0.015151515151515152,0.18127705627705626
LOPO,麦芽,PDOL,0.015151515151515152,0.00980392156862745,0.005347593582887701
LOPO,麦芽,PHOL,0.00980392156862745,0.00980392156862745,0.0
LOPO,麦芽,WHIL,0.017857142857142856,0.00980392156862745,0.008053221288515405
LOPO,麻黄,PDOL,0.16666666666666666,0.05357142857142857,0.11309523809523808
LOPO,麻黄,PHOL,0.24509803921568626,0.05357142857142857,0.1915266106442577
LOPO,麻黄,WHIL,0.05357142857142857,0.05357142857142857,0.0
LOPO,麻黄绒,PDOL,0.015151515151515152,0.00980392156862745,0.005347593582887701
LOPO,麻黄绒,PHOL,0.00980392156862745,0.00980392156862745,0.0
LOPO,麻黄绒,WHIL,0.05357142857142857,0.00980392156862745,0.04376750700280112
LOPO,黄芩,PDOL,0.13636363636363635,0.13636363636363635,0.0
LOPO,黄芩,PHOL,0.7941176470588235,0.13636363636363635,0.6577540106951871
LOPO,黄芩,WHIL,0.6607142857142857,0.13636363636363635,0.5243506493506493
LOPO,黄芪,PDOL,0.22727272727272727,0.017857142857142856,0.20941558441558442
LOPO,黄芪,PHOL,0.10784313725490197,0.017857142857142856,0.08998599439775912
LOPO,黄芪,WHIL,0.017857142857142856,0.017857142857142856,0.0
LOPO,黄连,PDOL,0.015151515151515152,0.015151515151515152,0.0
LOPO,黄连,PHOL,0.08823529411764706,0.015151515151515152,0.07308377896613191
LOPO,黄连,WHIL,0.05357142857142857,0.015151515151515152,0.038419913419913417
LOPO,黑芝麻,PDOL,0.045454545454545456,0.00980392156862745,0.035650623885918005
LOPO,黑芝麻,PHOL,0.00980392156862745,0.00980392156862745,0.0
LOPO,黑芝麻,WHIL,0.017857142857142856,0.00980392156862745,0.008053221288515405
LOPO,龙脷叶,PDOL,0.015151515151515152,0.00980392156862745,0.005347593582887701
LOPO,龙脷叶,PHOL,0.00980392156862745,0.00980392156862745,0.0
LOPO,龙脷叶,WHIL,0.05357142857142857,0.00980392156862745,0.04376750700280112
LOPO,龙骨,PDOL,0.045454545454545456,0.00980392156862745,0.035650623885918005
LOPO,龙骨,PHOL,0.00980392156862745,0.00980392156862745,0.0
LOPO,龙骨,WHIL,0.017857142857142856,0.00980392156862745,0.008053221288515405
