representation,canonical_name,syndrome_code,eligible_article_count_M,article_support_m,prescription_support,base_article_support,conditional_article_support,support_posterior_mean,primary_weight_W,observed_relation
LOPO,一枝蒿,PHOL,50,1,1,1,0,0.029411764705882353,0.029411764705882353,1
LOPO,丹参,PDOL,32,4,4,4,0,0.13636363636363635,0.13636363636363635,1
LOPO,丹参,PHOL,50,5,5,5,0,0.10784313725490197,0.10784313725490197,1
LOPO,丹参,WHIL,27,1,1,1,0,0.05357142857142857,0.05357142857142857,1
LOPO,乌梅,PDOL,32,1,1,1,0,0.045454545454545456,0.045454545454545456,1
LOPO,五味子,PDOL,32,8,8,7,1,0.25757575757575757,0.25757575757575757,1
LOPO,五味子,PHOL,50,4,4,4,0,0.08823529411764706,0.08823529411764706,1
LOPO,五指毛桃,PDOL,32,1,1,1,0,0.045454545454545456,0.045454545454545456,1
LOPO,人参,PDOL,32,1,1,1,0,0.045454545454545456,0.045454545454545456,1
LOPO,仙鹤草,PHOL,50,2,2,2,0,0.049019607843137254,0.049019607843137254,1
LOPO,侧柏叶,PHOL,50,1,1,1,0,0.029411764705882353,0.029411764705882353,1
LOPO,僵蚕,PDOL,32,2,2,2,0,0.07575757575757576,0.07575757575757576,1
LOPO,僵蚕,PHOL,50,1,1,1,0,0.029411764705882353,0.029411764705882353,1
LOPO,僵蚕,WHIL,27,8,8,8,0,0.30357142857142855,0.30357142857142855,1
LOPO,党参,PDOL,32,5,5,4,1,0.16666666666666666,0.16666666666666666,1
LOPO,党参,PHOL,50,3,3,2,1,0.06862745098039216,0.06862745098039216,1
LOPO,党参,WHIL,27,1,1,1,0,0.05357142857142857,0.05357142857142857,1
LOPO,全蝎,PDOL,32,1,1,1,0,0.045454545454545456,0.045454545454545456,1
LOPO,冬瓜子,PHOL,50,11,11,10,1,0.22549019607843138,0.22549019607843138,1
LOPO,冰片,PHOL,50,1,1,1,0,0.029411764705882353,0.029411764705882353,1
LOPO,制陈皮,PDOL,32,1,1,1,0,0.045454545454545456,0.045454545454545456,1
LOPO,前胡,PDOL,32,3,3,2,1,0.10606060606060606,0.10606060606060606,1
LOPO,前胡,PHOL,50,6,6,6,0,0.12745098039215685,0.12745098039215685,1
LOPO,前胡,WHIL,27,3,3,3,0,0.125,0.125,1
LOPO,化橘红,PDOL,32,1,1,1,0,0.045454545454545456,0.045454545454545456,1
LOPO,化橘红,PHOL,50,3,3,3,0,0.06862745098039216,0.06862745098039216,1
LOPO,北沙参,PDOL,32,1,1,1,0,0.045454545454545456,0.045454545454545456,1
LOPO,北沙参,PHOL,50,1,1,0,1,0.029411764705882353,0.029411764705882353,1
LOPO,北沙参,WHIL,27,2,2,2,0,0.08928571428571429,0.08928571428571429,1
LOPO,半夏,PDOL,32,14,14,14,0,0.4393939393939394,0.4393939393939394,1
LOPO,半夏,PHOL,50,3,3,3,0,0.06862745098039216,0.06862745098039216,1
LOPO,半夏,WHIL,27,1,1,1,0,0.05357142857142857,0.05357142857142857,1
LOPO,南沙参,PHOL,50,1,1,1,0,0.029411764705882353,0.029411764705882353,1
LOPO,南沙参,WHIL,27,1,1,1,0,0.05357142857142857,0.05357142857142857,1
LOPO,厚朴,PDOL,32,14,14,13,1,0.4393939393939394,0.4393939393939394,1
LOPO,厚朴,PHOL,50,5,5,4,1,0.10784313725490197,0.10784313725490197,1
LOPO,厚朴花,PDOL,32,1,1,1,0,0.045454545454545456,0.045454545454545456,1
LOPO,合欢皮,PHOL,50,1,1,1,0,0.029411764705882353,0.029411764705882353,1
LOPO,地骨皮,PHOL,50,1,1,1,0,0.029411764705882353,0.029411764705882353,1
LOPO,地龙,PDOL,32,2,2,2,0,0.07575757575757576,0.07575757575757576,1
LOPO,地龙,PHOL,50,3,3,3,0,0.06862745098039216,0.06862745098039216,1
LOPO,地龙,WHIL,27,1,1,1,0,0.05357142857142857,0.05357142857142857,1
LOPO,夏枯草,WHIL,27,1,1,1,0,0.05357142857142857,0.05357142857142857,1
LOPO,大枣,PDOL,32,2,2,1,1,0.07575757575757576,0.07575757575757576,1
LOPO,大枣,WHIL,27,1,1,1,0,0.05357142857142857,0.05357142857142857,1
LOPO,大青叶,PHOL,50,1,1,1,0,0.029411764705882353,0.029411764705882353,1
LOPO,大黄,PHOL,50,4,4,4,1,0.08823529411764706,0.08823529411764706,1
LOPO,大黄,WHIL,27,1,1,1,0,0.05357142857142857,0.05357142857142857,1
LOPO,天竺黄,PHOL,50,2,2,1,1,0.049019607843137254,0.049019607843137254,1
LOPO,天竺黄,WHIL,27,1,1,1,0,0.05357142857142857,0.05357142857142857,1
LOPO,天花粉,PDOL,32,2,2,0,2,0.07575757575757576,0.07575757575757576,1
LOPO,天花粉,WHIL,27,3,3,2,1,0.125,0.125,1
LOPO,太子参,PDOL,32,1,1,1,0,0.045454545454545456,0.045454545454545456,1
LOPO,太子参,PHOL,50,1,1,1,0,0.029411764705882353,0.029411764705882353,1
LOPO,姜黄,WHIL,27,1,1,1,0,0.05357142857142857,0.05357142857142857,1
LOPO,射干,PDOL,32,1,1,1,0,0.045454545454545456,0.045454545454545456,1
LOPO,射干,PHOL,50,5,5,4,2,0.10784313725490197,0.10784313725490197,1
LOPO,射干,WHIL,27,7,7,7,0,0.26785714285714285,0.26785714285714285,1
LOPO,山楂,PDOL,32,1,1,1,0,0.045454545454545456,0.045454545454545456,1
LOPO,山药,PDOL,32,3,3,3,0,0.10606060606060606,0.10606060606060606,1
LOPO,岩白菜,PDOL,32,1,1,1,0,0.045454545454545456,0.045454545454545456,1
LOPO,川芎,PHOL,50,2,2,2,0,0.049019607843137254,0.049019607843137254,1
LOPO,川芎,WHIL,27,2,2,2,0,0.08928571428571429,0.08928571428571429,1
LOPO,川贝母,PDOL,32,1,1,1,0,0.045454545454545456,0.045454545454545456,1
LOPO,川贝母,PHOL,50,6,6,6,0,0.12745098039215685,0.12745098039215685,1
LOPO,川贝母,WHIL,27,1,1,1,0,0.05357142857142857,0.05357142857142857,1
LOPO,干姜,PDOL,32,5,5,4,1,0.16666666666666666,0.16666666666666666,1
LOPO,广藿香,PHOL,50,1,1,1,0,0.029411764705882353,0.029411764705882353,1
LOPO,延胡索,PHOL,50,1,1,0,1,0.029411764705882353,0.029411764705882353,1
LOPO,当归,PDOL,32,4,4,4,0,0.13636363636363635,0.13636363636363635,1
LOPO,当归,PHOL,50,2,2,2,0,0.049019607843137254,0.049019607843137254,1
LOPO,旋覆花,PDOL,32,2,2,2,0,0.07575757575757576,0.07575757575757576,1
LOPO,木蝴蝶,PHOL,50,1,1,1,0,0.029411764705882353,0.029411764705882353,1
LOPO,木蝴蝶,WHIL,27,5,5,5,0,0.19642857142857142,0.19642857142857142,1
LOPO,木通,PHOL,50,2,2,2,0,0.049019607843137254,0.049019607843137254,1
LOPO,杏仁,PDOL,32,13,13,11,2,0.4090909090909091,0.4090909090909091,1
LOPO,杏仁,PHOL,50,17,17,15,2,0.3431372549019608,0.3431372549019608,1
LOPO,杏仁,WHIL,27,4,4,4,0,0.16071428571428573,0.16071428571428573,1
LOPO,板蓝根,WHIL,27,5,5,4,1,0.19642857142857142,0.19642857142857142,1
LOPO,枇杷叶,PHOL,50,6,6,5,1,0.12745098039215685,0.12745098039215685,1
LOPO,枇杷叶,WHIL,27,6,6,5,1,0.23214285714285715,0.23214285714285715,1
LOPO,枳壳,PDOL,32,2,2,2,0,0.07575757575757576,0.07575757575757576,1
LOPO,枳壳,PHOL,50,3,3,2,1,0.06862745098039216,0.06862745098039216,1
LOPO,枳壳,WHIL,27,4,4,4,0,0.16071428571428573,0.16071428571428573,1
LOPO,枳实,PDOL,32,2,2,2,0,0.07575757575757576,0.07575757575757576,1
LOPO,枳实,PHOL,50,6,6,5,1,0.12745098039215685,0.12745098039215685,1
LOPO,枳实,WHIL,27,2,2,2,0,0.08928571428571429,0.08928571428571429,1
LOPO,柏子仁,PDOL,32,1,1,1,0,0.045454545454545456,0.045454545454545456,1
LOPO,柴胡,PDOL,32,2,2,1,1,0.07575757575757576,0.07575757575757576,1
LOPO,柴胡,PHOL,50,1,1,1,0,0.029411764705882353,0.029411764705882353,1
LOPO,柴胡,WHIL,27,6,6,6,0,0.23214285714285715,0.23214285714285715,1
LOPO,栀子,PHOL,50,11,11,11,0,0.22549019607843138,0.22549019607843138,1
LOPO,栀子,WHIL,27,4,4,4,0,0.16071428571428573,0.16071428571428573,1
LOPO,桂枝,PDOL,32,1,1,0,1,0.045454545454545456,0.045454545454545456,1
LOPO,桃仁,PDOL,32,2,2,2,0,0.07575757575757576,0.07575757575757576,1
LOPO,桃仁,PHOL,50,10,10,7,3,0.20588235294117646,0.20588235294117646,1
LOPO,桑叶,PHOL,50,2,2,2,0,0.049019607843137254,0.049019607843137254,1
LOPO,桑叶,WHIL,27,7,7,7,0,0.26785714285714285,0.26785714285714285,1
LOPO,桑白皮,PDOL,32,2,2,2,0,0.07575757575757576,0.07575757575757576,1
LOPO,桑白皮,PHOL,50,33,33,32,1,0.6568627450980392,0.6568627450980392,1
LOPO,桑白皮,WHIL,27,6,6,6,0,0.23214285714285715,0.23214285714285715,1
LOPO,桔梗,PDOL,32,9,9,9,0,0.2878787878787879,0.2878787878787879,1
LOPO,桔梗,PHOL,50,28,28,26,2,0.5588235294117647,0.5588235294117647,1
LOPO,桔梗,WHIL,27,20,20,20,0,0.7321428571428571,0.7321428571428571,1
LOPO,梨皮,WHIL,27,1,1,1,0,0.05357142857142857,0.05357142857142857,1
LOPO,橘红,PDOL,32,3,3,3,0,0.10606060606060606,0.10606060606060606,1
LOPO,橘红,PHOL,50,8,8,8,0,0.16666666666666666,0.16666666666666666,1
LOPO,款冬花,PDOL,32,5,5,5,0,0.16666666666666666,0.16666666666666666,1
LOPO,款冬花,PHOL,50,3,3,3,0,0.06862745098039216,0.06862745098039216,1
LOPO,款冬花,WHIL,27,4,4,4,0,0.16071428571428573,0.16071428571428573,1
LOPO,沙参,WHIL,27,1,1,1,0,0.05357142857142857,0.05357142857142857,1
LOPO,法半夏,PDOL,32,14,14,14,0,0.4393939393939394,0.4393939393939394,1
LOPO,法半夏,PHOL,50,17,17,17,0,0.3431372549019608,0.3431372549019608,1
LOPO,法半夏,WHIL,27,1,1,1,0,0.05357142857142857,0.05357142857142857,1
LOPO,浙贝母,PDOL,32,5,5,5,0,0.16666666666666666,0.16666666666666666,1
LOPO,浙贝母,PHOL,50,24,24,22,2,0.4803921568627451,0.4803921568627451,1
LOPO,浙贝母,WHIL,27,11,11,10,1,0.4107142857142857,0.4107142857142857,1
LOPO,浮小麦,PDOL,32,1,1,0,1,0.045454545454545456,0.045454545454545456,1
LOPO,海蛤壳,PHOL,50,2,2,2,0,0.049019607843137254,0.049019607843137254,1
LOPO,淡豆豉,WHIL,27,4,4,4,0,0.16071428571428573,0.16071428571428573,1
LOPO,滑石,PHOL,50,1,1,1,1,0.029411764705882353,0.029411764705882353,1
LOPO,火麻仁,WHIL,27,1,1,1,0,0.05357142857142857,0.05357142857142857,1
LOPO,炙甘草,PDOL,32,6,6,6,0,0.19696969696969696,0.19696969696969696,1
LOPO,炙甘草,PHOL,50,9,9,8,1,0.18627450980392157,0.18627450980392157,1
LOPO,炙甘草,WHIL,27,3,3,3,0,0.125,0.125,1
LOPO,炙百部,PDOL,32,1,1,1,0,0.045454545454545456,0.045454545454545456,1
LOPO,炙百部,WHIL,27,1,1,1,0,0.05357142857142857,0.05357142857142857,1
LOPO,炙麻黄,PDOL,32,6,6,6,0,0.19696969696969696,0.19696969696969696,1
LOPO,炙麻黄,PHOL,50,5,5,5,0,0.10784313725490197,0.10784313725490197,1
LOPO,焦六神曲,PHOL,50,1,1,1,0,0.029411764705882353,0.029411764705882353,1
LOPO,焦山楂,PDOL,32,1,1,1,0,0.045454545454545456,0.045454545454545456,1
LOPO,焦山楂,PHOL,50,1,1,0,1,0.029411764705882353,0.029411764705882353,1
LOPO,焦山楂,WHIL,27,1,1,0,1,0.05357142857142857,0.05357142857142857,1
LOPO,熟地黄,PDOL,32,1,1,1,0,0.045454545454545456,0.045454545454545456,1
LOPO,牛蒡子,PDOL,32,1,1,1,0,0.045454545454545456,0.045454545454545456,1
LOPO,牛蒡子,PHOL,50,1,1,1,0,0.029411764705882353,0.029411764705882353,1
LOPO,牛蒡子,WHIL,27,7,7,6,1,0.26785714285714285,0.26785714285714285,1
LOPO,牡丹皮,WHIL,27,1,1,1,0,0.05357142857142857,0.05357142857142857,1
LOPO,牡蛎,PDOL,32,1,1,1,0,0.045454545454545456,0.045454545454545456,1
LOPO,玄参,WHIL,27,9,9,8,1,0.3392857142857143,0.3392857142857143,1
LOPO,瓜蒌,PDOL,32,2,2,2,0,0.07575757575757576,0.07575757575757576,1
LOPO,瓜蒌,PHOL,50,16,16,16,0,0.3235294117647059,0.3235294117647059,1
LOPO,瓜蒌,WHIL,27,3,3,2,1,0.125,0.125,1
LOPO,瓜蒌子,PDOL,32,1,1,1,0,0.045454545454545456,0.045454545454545456,1
LOPO,瓜蒌子,PHOL,50,7,7,6,1,0.14705882352941177,0.14705882352941177,1
LOPO,瓜蒌皮,PHOL,50,6,6,6,0,0.12745098039215685,0.12745098039215685,1
LOPO,瓜蒌皮,WHIL,27,1,1,1,0,0.05357142857142857,0.05357142857142857,1
LOPO,甘草,PDOL,32,16,16,16,0,0.5,0.5,1
LOPO,甘草,PHOL,50,34,34,33,1,0.6764705882352942,0.6764705882352942,1
LOPO,甘草,WHIL,27,17,17,17,0,0.625,0.625,1
LOPO,生地黄,PHOL,50,1,1,0,1,0.029411764705882353,0.029411764705882353,1
LOPO,生地黄,WHIL,27,2,2,2,0,0.08928571428571429,0.08928571428571429,1
LOPO,生姜,PDOL,32,6,6,6,0,0.19696969696969696,0.19696969696969696,1
LOPO,生姜,PHOL,50,1,1,1,0,0.029411764705882353,0.029411764705882353,1
LOPO,生姜,WHIL,27,1,1,1,0,0.05357142857142857,0.05357142857142857,1
LOPO,生晒参,PHOL,50,1,1,1,0,0.029411764705882353,0.029411764705882353,1
LOPO,白前,PDOL,32,4,4,4,0,0.13636363636363635,0.13636363636363635,1
LOPO,白前,PHOL,50,3,3,3,0,0.06862745098039216,0.06862745098039216,1
LOPO,白前,WHIL,27,2,2,2,0,0.08928571428571429,0.08928571428571429,1
LOPO,白及,PHOL,50,1,1,1,0,0.029411764705882353,0.029411764705882353,1
LOPO,白头翁,PHOL,50,1,1,1,0,0.029411764705882353,0.029411764705882353,1
LOPO,白术,PDOL,32,8,8,7,1,0.25757575757575757,0.25757575757575757,1
LOPO,白术,PHOL,50,2,2,2,0,0.049019607843137254,0.049019607843137254,1
LOPO,白术,WHIL,27,2,2,2,0,0.08928571428571429,0.08928571428571429,1
LOPO,白果,PDOL,32,1,1,0,1,0.045454545454545456,0.045454545454545456,1
LOPO,白果,PHOL,50,3,3,3,0,0.06862745098039216,0.06862745098039216,1
LOPO,白芍,PDOL,32,4,4,3,1,0.13636363636363635,0.13636363636363635,1
LOPO,白芥子,PDOL,32,9,9,9,0,0.2878787878787879,0.2878787878787879,1
LOPO,白芥子,PHOL,50,4,4,4,0,0.08823529411764706,0.08823529411764706,1
LOPO,白芷,WHIL,27,2,2,2,0,0.08928571428571429,0.08928571428571429,1
LOPO,白茅根,PHOL,50,2,2,2,0,0.049019607843137254,0.049019607843137254,1
LOPO,白茅根,WHIL,27,1,1,1,0,0.05357142857142857,0.05357142857142857,1
LOPO,百合,PHOL,50,1,1,1,0,0.029411764705882353,0.029411764705882353,1
LOPO,百合,WHIL,27,2,2,2,0,0.08928571428571429,0.08928571428571429,1
LOPO,百部,PDOL,32,1,1,1,0,0.045454545454545456,0.045454545454545456,1
LOPO,百部,PHOL,50,2,2,2,0,0.049019607843137254,0.049019607843137254,1
LOPO,百部,WHIL,27,2,2,1,1,0.08928571428571429,0.08928571428571429,1
LOPO,皂角刺,WHIL,27,3,3,3,0,0.125,0.125,1
LOPO,知母,PHOL,50,9,9,9,0,0.18627450980392157,0.18627450980392157,1
LOPO,知母,WHIL,27,2,2,2,0,0.08928571428571429,0.08928571428571429,1
LOPO,矮地茶,PHOL,50,1,1,1,0,0.029411764705882353,0.029411764705882353,1
LOPO,石斛,PHOL,50,1,1,1,0,0.029411764705882353,0.029411764705882353,1
LOPO,石膏,PDOL,32,1,1,1,0,0.045454545454545456,0.045454545454545456,1
LOPO,石膏,PHOL,50,15,15,13,2,0.30392156862745096,0.30392156862745096,1
LOPO,石膏,WHIL,27,6,6,6,0,0.23214285714285715,0.23214285714285715,1
LOPO,石菖蒲,PHOL,50,2,2,2,1,0.049019607843137254,0.049019607843137254,1
LOPO,砂仁,PDOL,32,2,2,2,0,0.07575757575757576,0.07575757575757576,1
LOPO,神曲,PDOL,32,1,1,1,0,0.045454545454545456,0.045454545454545456,1
LOPO,神曲,PHOL,50,1,1,0,1,0.029411764705882353,0.029411764705882353,1
LOPO,神曲,WHIL,27,1,1,1,0,0.05357142857142857,0.05357142857142857,1
LOPO,穿山龙,PHOL,50,1,1,1,0,0.029411764705882353,0.029411764705882353,1
LOPO,竹沥,PHOL,50,2,2,2,0,0.049019607843137254,0.049019607843137254,1
LOPO,竹茹,PDOL,32,1,1,1,0,0.045454545454545456,0.045454545454545456,1
LOPO,竹茹,PHOL,50,3,3,3,0,0.06862745098039216,0.06862745098039216,1
LOPO,竹茹,WHIL,27,1,1,1,0,0.05357142857142857,0.05357142857142857,1
LOPO,紫花地丁,PHOL,50,1,1,1,0,0.029411764705882353,0.029411764705882353,1
LOPO,紫花地丁,WHIL,27,1,1,1,0,0.05357142857142857,0.05357142857142857,1
LOPO,紫苏,PDOL,32,1,1,1,0,0.045454545454545456,0.045454545454545456,1
LOPO,紫苏叶,PDOL,32,2,2,2,0,0.07575757575757576,0.07575757575757576,1
LOPO,紫苏子,PDOL,32,17,17,17,0,0.5303030303030303,0.5303030303030303,1
LOPO,紫苏子,PHOL,50,21,21,19,2,0.4215686274509804,0.4215686274509804,1
LOPO,紫苏子,WHIL,27,1,1,1,0,0.05357142857142857,0.05357142857142857,1
LOPO,紫菀,PDOL,32,4,4,4,0,0.13636363636363635,0.13636363636363635,1
LOPO,紫菀,PHOL,50,1,1,1,0,0.029411764705882353,0.029411764705882353,1
LOPO,紫菀,WHIL,27,4,4,4,0,0.16071428571428573,0.16071428571428573,1
LOPO,红花,WHIL,27,1,1,1,0,0.05357142857142857,0.05357142857142857,1
LOPO,细辛,PDOL,32,5,5,4,1,0.16666666666666666,0.16666666666666666,1
LOPO,细辛,WHIL,27,1,1,0,1,0.05357142857142857,0.05357142857142857,1
LOPO,肉桂,PDOL,32,1,1,1,0,0.045454545454545456,0.045454545454545456,1
LOPO,胆南星,PDOL,32,2,2,1,1,0.07575757575757576,0.07575757575757576,1
LOPO,胆南星,PHOL,50,4,4,4,0,0.08823529411764706,0.08823529411764706,1
LOPO,芍药,PDOL,32,1,1,1,0,0.045454545454545456,0.045454545454545456,1
LOPO,芒硝,PHOL,50,1,1,1,0,0.029411764705882353,0.029411764705882353,1
LOPO,芡实,PDOL,32,1,1,1,0,0.045454545454545456,0.045454545454545456,1
LOPO,芦根,PHOL,50,9,9,9,0,0.18627450980392157,0.18627450980392157,1
LOPO,芦根,WHIL,27,4,4,4,0,0.16071428571428573,0.16071428571428573,1
LOPO,芫花,PHOL,50,1,1,1,0,0.029411764705882353,0.029411764705882353,1
LOPO,苇茎,PHOL,50,2,2,2,0,0.049019607843137254,0.049019607843137254,1
LOPO,苍术,PDOL,32,5,5,4,1,0.16666666666666666,0.16666666666666666,1
LOPO,苍术,PHOL,50,2,2,2,0,0.049019607843137254,0.049019607843137254,1
LOPO,苦杏仁,PDOL,32,5,5,5,0,0.16666666666666666,0.16666666666666666,1
LOPO,苦杏仁,PHOL,50,19,19,18,1,0.38235294117647056,0.38235294117647056,1
LOPO,苦杏仁,WHIL,27,3,3,3,0,0.125,0.125,1
LOPO,茯苓,PDOL,32,25,25,25,0,0.7727272727272727,0.7727272727272727,1
LOPO,茯苓,PHOL,50,17,17,17,0,0.3431372549019608,0.3431372549019608,1
LOPO,茯苓,WHIL,27,3,3,3,0,0.125,0.125,1
LOPO,茵陈,PHOL,50,1,1,1,1,0.029411764705882353,0.029411764705882353,1
LOPO,荆芥,PDOL,32,1,1,1,0,0.045454545454545456,0.045454545454545456,1
LOPO,荆芥,WHIL,27,4,4,4,0,0.16071428571428573,0.16071428571428573,1
LOPO,莱菔子,PDOL,32,14,14,14,0,0.4393939393939394,0.4393939393939394,1
LOPO,莱菔子,PHOL,50,4,4,4,0,0.08823529411764706,0.08823529411764706,1
LOPO,莱菔子,WHIL,27,2,2,1,1,0.08928571428571429,0.08928571428571429,1
LOPO,菊花,PHOL,50,1,1,1,0,0.029411764705882353,0.029411764705882353,1
LOPO,菊花,WHIL,27,4,4,4,0,0.16071428571428573,0.16071428571428573,1
LOPO,葛根,WHIL,27,1,1,1,0,0.05357142857142857,0.05357142857142857,1
LOPO,葶苈子,PDOL,32,5,5,4,1,0.16666666666666666,0.16666666666666666,1
LOPO,葶苈子,PHOL,50,13,13,11,2,0.2647058823529412,0.2647058823529412,1
LOPO,蒲公英,PHOL,50,1,1,1,0,0.029411764705882353,0.029411764705882353,1
LOPO,蒲公英,WHIL,27,2,2,2,0,0.08928571428571429,0.08928571428571429,1
LOPO,蒲黄炭,PHOL,50,1,1,1,0,0.029411764705882353,0.029411764705882353,1
LOPO,薄荷,PHOL,50,1,1,1,1,0.029411764705882353,0.029411764705882353,1
LOPO,薄荷,WHIL,27,5,5,5,0,0.19642857142857142,0.19642857142857142,1
LOPO,薏苡仁,PDOL,32,5,5,5,0,0.16666666666666666,0.16666666666666666,1
LOPO,薏苡仁,PHOL,50,12,12,10,2,0.24509803921568626,0.24509803921568626,1
LOPO,薏苡仁,WHIL,27,1,1,1,0,0.05357142857142857,0.05357142857142857,1
LOPO,薤白,PDOL,32,2,2,2,0,0.07575757575757576,0.07575757575757576,1
LOPO,藏青果,WHIL,27,1,1,1,0,0.05357142857142857,0.05357142857142857,1
LOPO,藿香,PHOL,50,1,1,1,1,0.029411764705882353,0.029411764705882353,1
LOPO,虎杖,PHOL,50,3,3,3,0,0.06862745098039216,0.06862745098039216,1
LOPO,蜈蚣,PDOL,32,1,1,1,0,0.045454545454545456,0.045454545454545456,1
LOPO,蜜款冬花,PHOL,50,3,3,3,0,0.06862745098039216,0.06862745098039216,1
LOPO,蜜款冬花,WHIL,27,1,1,1,0,0.05357142857142857,0.05357142857142857,1
LOPO,蜜百部,PHOL,50,2,2,1,1,0.049019607843137254,0.049019607843137254,1
LOPO,蜜紫菀,PDOL,32,3,3,3,0,0.10606060606060606,0.10606060606060606,1
LOPO,蜜紫菀,PHOL,50,4,4,3,1,0.08823529411764706,0.08823529411764706,1
LOPO,蜜紫菀,WHIL,27,2,2,2,0,0.08928571428571429,0.08928571428571429,1
LOPO,蜜麻黄,PDOL,32,2,2,2,0,0.07575757575757576,0.07575757575757576,1
LOPO,蜜麻黄,PHOL,50,7,7,6,1,0.14705882352941177,0.14705882352941177,1
LOPO,蝉蜕,PHOL,50,3,3,3,0,0.06862745098039216,0.06862745098039216,1
LOPO,蝉蜕,WHIL,27,8,8,8,0,0.30357142857142855,0.30357142857142855,1
LOPO,补骨脂,PDOL,32,1,1,1,0,0.045454545454545456,0.045454545454545456,1
LOPO,西青果,WHIL,27,1,1,1,0,0.05357142857142857,0.05357142857142857,1
LOPO,诃子,WHIL,27,2,2,2,0,0.08928571428571429,0.08928571428571429,1
LOPO,豆蔻,PHOL,50,1,1,1,1,0.029411764705882353,0.029411764705882353,1
LOPO,败酱草,PHOL,50,2,2,2,0,0.049019607843137254,0.049019607843137254,1
LOPO,贯众,WHIL,27,1,1,1,0,0.05357142857142857,0.05357142857142857,1
LOPO,赤芍,PDOL,32,2,2,2,0,0.07575757575757576,0.07575757575757576,1
LOPO,赤芍,PHOL,50,1,1,0,1,0.029411764705882353,0.029411764705882353,1
LOPO,赤芍,WHIL,27,7,7,7,0,0.26785714285714285,0.26785714285714285,1
LOPO,车前子,PDOL,32,1,1,1,0,0.045454545454545456,0.045454545454545456,1
LOPO,车前子,PHOL,50,1,1,1,0,0.029411764705882353,0.029411764705882353,1
LOPO,辛夷,WHIL,27,1,1,1,0,0.05357142857142857,0.05357142857142857,1
LOPO,连翘,PHOL,50,4,4,4,1,0.08823529411764706,0.08823529411764706,1
LOPO,连翘,WHIL,27,17,17,16,1,0.625,0.625,1
LOPO,通草,PHOL,50,1,1,0,1,0.029411764705882353,0.029411764705882353,1
LOPO,野菊花,WHIL,27,2,2,2,0,0.08928571428571429,0.08928571428571429,1
LOPO,金荞麦,PHOL,50,6,6,4,2,0.12745098039215685,0.12745098039215685,1
LOPO,金荞麦,WHIL,27,1,1,1,0,0.05357142857142857,0.05357142857142857,1
LOPO,金银花,PHOL,50,5,5,5,0,0.10784313725490197,0.10784313725490197,1
LOPO,金银花,WHIL,27,14,14,12,2,0.5178571428571429,0.5178571428571429,1
LOPO,银杏叶,PHOL,50,1,1,1,0,0.029411764705882353,0.029411764705882353,1
LOPO,防风,PDOL,32,3,3,3,0,0.10606060606060606,0.10606060606060606,1
LOPO,防风,WHIL,27,4,4,4,0,0.16071428571428573,0.16071428571428573,1
LOPO,附子,PDOL,32,1,1,0,1,0.045454545454545456,0.045454545454545456,1
LOPO,陈皮,PDOL,32,23,23,23,0,0.7121212121212122,0.7121212121212122,1
LOPO,陈皮,PHOL,50,9,9,9,0,0.18627450980392157,0.18627450980392157,1
LOPO,陈皮,WHIL,27,3,3,3,0,0.125,0.125,1
LOPO,青果,WHIL,27,1,1,1,0,0.05357142857142857,0.05357142857142857,1
LOPO,青葙子,PHOL,50,1,1,1,0,0.029411764705882353,0.029411764705882353,1
LOPO,青蒿,PHOL,50,1,1,1,0,0.029411764705882353,0.029411764705882353,1
LOPO,青蒿,WHIL,27,1,1,1,0,0.05357142857142857,0.05357142857142857,1
LOPO,香附,PDOL,32,1,1,1,0,0.045454545454545456,0.045454545454545456,1
LOPO,马鞭草,PHOL,50,1,1,1,0,0.029411764705882353,0.029411764705882353,1
LOPO,鱼腥草,PDOL,32,2,2,2,0,0.07575757575757576,0.07575757575757576,1
LOPO,鱼腥草,PHOL,50,16,16,16,0,0.3235294117647059,0.3235294117647059,1
LOPO,鱼腥草,WHIL,27,4,4,4,0,0.16071428571428573,0.16071428571428573,1
LOPO,麦冬,PHOL,50,9,9,8,1,0.18627450980392157,0.18627450980392157,1
LOPO,麦冬,WHIL,27,5,5,5,0,0.19642857142857142,0.19642857142857142,1
LOPO,麻黄,PDOL,32,5,5,4,1,0.16666666666666666,0.16666666666666666,1
LOPO,麻黄,PHOL,50,12,12,12,0,0.24509803921568626,0.24509803921568626,1
LOPO,麻黄,WHIL,27,1,1,1,0,0.05357142857142857,0.05357142857142857,1
LOPO,麻黄绒,WHIL,27,1,1,1,0,0.05357142857142857,0.05357142857142857,1
LOPO,黄芩,PDOL,32,4,4,4,0,0.13636363636363635,0.13636363636363635,1
LOPO,黄芩,PHOL,50,40,40,40,2,0.7941176470588235,0.7941176470588235,1
LOPO,黄芩,WHIL,27,18,18,17,1,0.6607142857142857,0.6607142857142857,1
LOPO,黄芪,PDOL,32,7,7,6,1,0.22727272727272727,0.22727272727272727,1
LOPO,黄芪,PHOL,50,5,5,4,1,0.10784313725490197,0.10784313725490197,1
LOPO,黄连,PHOL,50,4,4,4,1,0.08823529411764706,0.08823529411764706,1
LOPO,黄连,WHIL,27,1,1,1,0,0.05357142857142857,0.05357142857142857,1
LOPO,黑芝麻,PDOL,32,1,1,1,0,0.045454545454545456,0.045454545454545456,1
LOPO,龙脷叶,WHIL,27,1,1,1,0,0.05357142857142857,0.05357142857142857,1
LOPO,龙骨,PDOL,32,1,1,1,0,0.045454545454545456,0.045454545454545456,1
