representation,canonical_name,syndrome_code,eligible_article_count_M,article_support_m,prescription_support,base_article_support,conditional_article_support,support_posterior_mean,primary_weight_W,observed_relation,rank_within_syndrome
LOPO,茯苓,PDOL,32,25,25,25,0,0.7727272727272727,0.7727272727272727,1,1
LOPO,陈皮,PDOL,32,23,23,23,0,0.7121212121212122,0.7121212121212122,1,2
LOPO,紫苏子,PDOL,32,17,17,17,0,0.5303030303030303,0.5303030303030303,1,3
LOPO,甘草,PDOL,32,16,16,16,0,0.5,0.5,1,4
LOPO,半夏,PDOL,32,14,14,14,0,0.4393939393939394,0.4393939393939394,1,5
LOPO,厚朴,PDOL,32,14,14,13,1,0.4393939393939394,0.4393939393939394,1,5
LOPO,法半夏,PDOL,32,14,14,14,0,0.4393939393939394,0.4393939393939394,1,5
LOPO,莱菔子,PDOL,32,14,14,14,0,0.4393939393939394,0.4393939393939394,1,5
LOPO,杏仁,PDOL,32,13,13,11,2,0.4090909090909091,0.4090909090909091,1,9
LOPO,桔梗,PDOL,32,9,9,9,0,0.2878787878787879,0.2878787878787879,1,10
LOPO,白芥子,PDOL,32,9,9,9,0,0.2878787878787879,0.2878787878787879,1,10
LOPO,五味子,PDOL,32,8,8,7,1,0.25757575757575757,0.25757575757575757,1,12
LOPO,白术,PDOL,32,8,8,7,1,0.25757575757575757,0.25757575757575757,1,12
LOPO,黄芪,PDOL,32,7,7,6,1,0.22727272727272727,0.22727272727272727,1,14
LOPO,炙甘草,PDOL,32,6,6,6,0,0.19696969696969696,0.19696969696969696,1,15
LOPO,炙麻黄,PDOL,32,6,6,6,0,0.19696969696969696,0.19696969696969696,1,15
LOPO,生姜,PDOL,32,6,6,6,0,0.19696969696969696,0.19696969696969696,1,15
LOPO,党参,PDOL,32,5,5,4,1,0.16666666666666666,0.16666666666666666,1,18
LOPO,干姜,PDOL,32,5,5,4,1,0.16666666666666666,0.16666666666666666,1,18
LOPO,款冬花,PDOL,32,5,5,5,0,0.16666666666666666,0.16666666666666666,1,18
LOPO,浙贝母,PDOL,32,5,5,5,0,0.16666666666666666,0.16666666666666666,1,18
LOPO,细辛,PDOL,32,5,5,4,1,0.16666666666666666,0.16666666666666666,1,18
LOPO,苍术,PDOL,32,5,5,4,1,0.16666666666666666,0.16666666666666666,1,18
LOPO,苦杏仁,PDOL,32,5,5,5,0,0.16666666666666666,0.16666666666666666,1,18
LOPO,葶苈子,PDOL,32,5,5,4,1,0.16666666666666666,0.16666666666666666,1,18
LOPO,薏苡仁,PDOL,32,5,5,5,0,0.16666666666666666,0.16666666666666666,1,18
LOPO,麻黄,PDOL,32,5,5,4,1,0.16666666666666666,0.16666666666666666,1,18
LOPO,丹参,PDOL,32,4,4,4,0,0.13636363636363635,0.13636363636363635,1,28
LOPO,当归,PDOL,32,4,4,4,0,0.13636363636363635,0.13636363636363635,1,28
LOPO,白前,PDOL,32,4,4,4,0,0.13636363636363635,0.13636363636363635,1,28
LOPO,白芍,PDOL,32,4,4,3,1,0.13636363636363635,0.13636363636363635,1,28
LOPO,紫菀,PDOL,32,4,4,4,0,0.13636363636363635,0.13636363636363635,1,28
LOPO,黄芩,PDOL,32,4,4,4,0,0.13636363636363635,0.13636363636363635,1,28
LOPO,黄芩,PHOL,50,40,40,40,2,0.7941176470588235,0.7941176470588235,1,1
LOPO,甘草,PHOL,50,34,34,33,1,0.6764705882352942,0.6764705882352942,1,2
LOPO,桑白皮,PHOL,50,33,33,32,1,0.6568627450980392,0.6568627450980392,1,3
LOPO,桔梗,PHOL,50,28,28,26,2,0.5588235294117647,0.5588235294117647,1,4
LOPO,浙贝母,PHOL,50,24,24,22,2,0.4803921568627451,0.4803921568627451,1,5
LOPO,紫苏子,PHOL,50,21,21,19,2,0.4215686274509804,0.4215686274509804,1,6
LOPO,苦杏仁,PHOL,50,19,19,18,1,0.38235294117647056,0.38235294117647056,1,7
LOPO,杏仁,PHOL,50,17,17,15,2,0.3431372549019608,0.3431372549019608,1,8
LOPO,法半夏,PHOL,50,17,17,17,0,0.3431372549019608,0.3431372549019608,1,8
LOPO,茯苓,PHOL,50,17,17,17,0,0.3431372549019608,0.3431372549019608,1,8
LOPO,瓜蒌,PHOL,50,16,16,16,0,0.3235294117647059,0.3235294117647059,1,11
LOPO,鱼腥草,PHOL,50,16,16,16,0,0.3235294117647059,0.3235294117647059,1,11
LOPO,石膏,PHOL,50,15,15,13,2,0.30392156862745096,0.30392156862745096,1,13
LOPO,葶苈子,PHOL,50,13,13,11,2,0.2647058823529412,0.2647058823529412,1,14
LOPO,薏苡仁,PHOL,50,12,12,10,2,0.24509803921568626,0.24509803921568626,1,15
LOPO,麻黄,PHOL,50,12,12,12,0,0.24509803921568626,0.24509803921568626,1,15
LOPO,冬瓜子,PHOL,50,11,11,10,1,0.22549019607843138,0.22549019607843138,1,17
LOPO,栀子,PHOL,50,11,11,11,0,0.22549019607843138,0.22549019607843138,1,17
LOPO,桃仁,PHOL,50,10,10,7,3,0.20588235294117646,0.20588235294117646,1,19
LOPO,炙甘草,PHOL,50,9,9,8,1,0.18627450980392157,0.18627450980392157,1,20
LOPO,知母,PHOL,50,9,9,9,0,0.18627450980392157,0.18627450980392157,1,20
LOPO,芦根,PHOL,50,9,9,9,0,0.18627450980392157,0.18627450980392157,1,20
LOPO,陈皮,PHOL,50,9,9,9,0,0.18627450980392157,0.18627450980392157,1,20
LOPO,麦冬,PHOL,50,9,9,8,1,0.18627450980392157,0.18627450980392157,1,20
LOPO,橘红,PHOL,50,8,8,8,0,0.16666666666666666,0.16666666666666666,1,25
LOPO,瓜蒌子,PHOL,50,7,7,6,1,0.14705882352941177,0.14705882352941177,1,26
LOPO,蜜麻黄,PHOL,50,7,7,6,1,0.14705882352941177,0.14705882352941177,1,26
LOPO,前胡,PHOL,50,6,6,6,0,0.12745098039215685,0.12745098039215685,1,28
LOPO,川贝母,PHOL,50,6,6,6,0,0.12745098039215685,0.12745098039215685,1,28
LOPO,枇杷叶,PHOL,50,6,6,5,1,0.12745098039215685,0.12745098039215685,1,28
LOPO,枳实,PHOL,50,6,6,5,1,0.12745098039215685,0.12745098039215685,1,28
LOPO,瓜蒌皮,PHOL,50,6,6,6,0,0.12745098039215685,0.12745098039215685,1,28
LOPO,金荞麦,PHOL,50,6,6,4,2,0.12745098039215685,0.12745098039215685,1,28
LOPO,桔梗,WHIL,27,20,20,20,0,0.7321428571428571,0.7321428571428571,1,1
LOPO,黄芩,WHIL,27,18,18,17,1,0.6607142857142857,0.6607142857142857,1,2
LOPO,甘草,WHIL,27,17,17,17,0,0.625,0.625,1,3
LOPO,连翘,WHIL,27,17,17,16,1,0.625,0.625,1,3
LOPO,金银花,WHIL,27,14,14,12,2,0.5178571428571429,0.5178571428571429,1,5
LOPO,浙贝母,WHIL,27,11,11,10,1,0.4107142857142857,0.4107142857142857,1,6
LOPO,玄参,WHIL,27,9,9,8,1,0.3392857142857143,0.3392857142857143,1,7
LOPO,僵蚕,WHIL,27,8,8,8,0,0.30357142857142855,0.30357142857142855,1,8
LOPO,蝉蜕,WHIL,27,8,8,8,0,0.30357142857142855,0.30357142857142855,1,8
LOPO,射干,WHIL,27,7,7,7,0,0.26785714285714285,0.26785714285714285,1,10
LOPO,桑叶,WHIL,27,7,7,7,0,0.26785714285714285,0.26785714285714285,1,10
LOPO,牛蒡子,WHIL,27,7,7,6,1,0.26785714285714285,0.26785714285714285,1,10
LOPO,赤芍,WHIL,27,7,7,7,0,0.26785714285714285,0.26785714285714285,1,10
LOPO,枇杷叶,WHIL,27,6,6,5,1,0.23214285714285715,0.23214285714285715,1,14
LOPO,柴胡,WHIL,27,6,6,6,0,0.23214285714285715,0.23214285714285715,1,14
LOPO,桑白皮,WHIL,27,6,6,6,0,0.23214285714285715,0.23214285714285715,1,14
LOPO,石膏,WHIL,27,6,6,6,0,0.23214285714285715,0.23214285714285715,1,14
LOPO,木蝴蝶,WHIL,27,5,5,5,0,0.19642857142857142,0.19642857142857142,1,18
LOPO,板蓝根,WHIL,27,5,5,4,1,0.19642857142857142,0.19642857142857142,1,18
LOPO,薄荷,WHIL,27,5,5,5,0,0.19642857142857142,0.19642857142857142,1,18
LOPO,麦冬,WHIL,27,5,5,5,0,0.19642857142857142,0.19642857142857142,1,18
LOPO,杏仁,WHIL,27,4,4,4,0,0.16071428571428573,0.16071428571428573,1,22
LOPO,枳壳,WHIL,27,4,4,4,0,0.16071428571428573,0.16071428571428573,1,22
LOPO,栀子,WHIL,27,4,4,4,0,0.16071428571428573,0.16071428571428573,1,22
LOPO,款冬花,WHIL,27,4,4,4,0,0.16071428571428573,0.16071428571428573,1,22
LOPO,淡豆豉,WHIL,27,4,4,4,0,0.16071428571428573,0.16071428571428573,1,22
LOPO,紫菀,WHIL,27,4,4,4,0,0.16071428571428573,0.16071428571428573,1,22
LOPO,芦根,WHIL,27,4,4,4,0,0.16071428571428573,0.16071428571428573,1,22
LOPO,荆芥,WHIL,27,4,4,4,0,0.16071428571428573,0.16071428571428573,1,22
LOPO,菊花,WHIL,27,4,4,4,0,0.16071428571428573,0.16071428571428573,1,22
LOPO,防风,WHIL,27,4,4,4,0,0.16071428571428573,0.16071428571428573,1,22
LOPO,鱼腥草,WHIL,27,4,4,4,0,0.16071428571428573,0.16071428571428573,1,22
