syndrome_id,target_id,target_weight
WH,ABCB1,0.001427551748750892
WH,ABCB11,0.0
WH,ABCC1,0.00594813228646205
WH,ABCG2,0.00594813228646205
WH,ACHE,0.007137758743754461
WH,ACP1,0.005710206995003569
WH,ADORA1,0.0007137758743754461
WH,ADORA2A,0.002617178206043303
WH,ADORA2B,0.0007137758743754461
WH,ADORA3,0.00594813228646205
WH,ADRA1A,0.0
WH,ADRA1B,0.0
WH,ADRA1D,0.0
WH,ADRA2A,0.0
WH,ADRA2B,0.0007137758743754461
WH,ADRA2C,0.0
WH,ADRB1,0.0
WH,ADRB2,0.00118962645729241
WH,AGTR1,0.0
WH,AKR1B1,0.009041161075422317
WH,AKR1B10,0.009041161075422317
WH,AKR1C2,0.005234356412086604
WH,AKR1C3,0.005234356412086604
WH,AKR1C4,0.005234356412086604
WH,AKT1,0.00594813228646205
WH,ALDH2,0.0007137758743754461
WH,ALK,0.004758505829169641
WH,ALOX12,0.00594813228646205
WH,ALOX15,0.006661908160837496
WH,ALOX5,0.007137758743754461
WH,ALPI,0.005234356412086604
WH,ALPL,0.005234356412086604
WH,AMY1A,0.00594813228646205
WH,ANPEP,0.0
WH,AOC3,0.0
WH,AOX1,0.00118962645729241
WH,APEX1,0.007137758743754461
WH,APOBEC3G,0.001427551748750892
WH,APP,0.007137758743754461
WH,AR,0.004044729954794195
WH,ATR,0.0
WH,AURKA,0.0007137758743754461
WH,AURKB,0.004758505829169641
WH,AVPR2,0.004758505829169641
WH,AXL,0.004758505829169641
WH,BACE1,0.00594813228646205
WH,BBOX1,0.0007137758743754461
WH,BCHE,0.00594813228646205
WH,BCL2,0.004044729954794195
WH,BCL2L1,0.004044729954794195
WH,BCR,0.0007137758743754461
WH,BRAF,0.0007137758743754461
WH,CA1,0.007851534618129907
WH,CA12,0.007851534618129907
WH,CA13,0.001903402331667856
WH,CA14,0.007851534618129907
WH,CA2,0.007851534618129907
WH,CA3,0.007851534618129907
WH,CA4,0.007851534618129907
WH,CA5A,0.007851534618129907
WH,CA5B,0.007851534618129907
WH,CA6,0.007851534618129907
WH,CA7,0.007851534618129907
WH,CA9,0.007851534618129907
WH,CACNA1C,0.0
WH,CACNA1D,0.0
WH,CAMK2B,0.004758505829169641
WH,CARM1,0.0007137758743754461
WH,CBR1,0.002617178206043303
WH,CCR4,0.004758505829169641
WH,CD38,0.004758505829169641
WH,CDC25B,0.004282655246252677
WH,CDK6,0.00594813228646205
WH,CES1,0.00118962645729241
WH,CES2,0.00118962645729241
WH,CHRM1,0.0
WH,CHRM2,0.0
WH,CHRM3,0.0
WH,CHRM4,0.0
WH,CHRM5,0.0
WH,CHRNA3,0.0
WH,CHRNA7,0.00118962645729241
WH,CLK1,0.0
WH,CNR1,0.0
WH,CNR2,0.0
WH,CSNK1D,0.0
WH,CSNK2A1,0.003330954080418748
WH,CTBP2,0.0
WH,CTSD,0.002617178206043303
WH,CTSL,0.002617178206043303
WH,CXCL8,0.004758505829169641
WH,CXCR1,0.004758505829169641
WH,CYP19A1,0.00594813228646205
WH,CYP1A1,0.00594813228646205
WH,CYP1A2,0.00594813228646205
WH,CYP1B1,0.00594813228646205
WH,CYP2A13,0.0
WH,CYP2A6,0.00356887937187723
WH,CYP2B6,0.001427551748750892
WH,CYP2C19,0.00594813228646205
WH,CYP2C8,0.004758505829169641
WH,CYP2C9,0.00594813228646205
WH,CYP2D6,0.00594813228646205
WH,CYP2E1,0.0
WH,CYP2J2,0.004758505829169641
WH,CYP3A4,0.007851534618129907
WH,CYP3A5,0.0
WH,DAO,0.002617178206043303
WH,DAPK1,0.00594813228646205
WH,DHFR,0.001903402331667856
WH,DNMT1,0.001903402331667856
WH,DNMT3B,0.0
WH,DPP4,0.006661908160837496
WH,DRD1,0.00594813228646205
WH,DRD2,0.0
WH,DRD3,0.0
WH,DRD4,0.0
WH,DRD5,0.0
WH,DUSP3,0.006423982869379014
WH,DYRK1A,0.0007137758743754461
WH,DYRK1B,0.0
WH,EBP,0.0007137758743754461
WH,EDNRA,0.0
WH,EGFR,0.007137758743754461
WH,EGLN1,0.0007137758743754461
WH,EHMT2,0.007137758743754461
WH,ENPP2,0.0
WH,EP300,0.0007137758743754461
WH,EPHB4,0.0007137758743754461
WH,EPHX2,0.00594813228646205
WH,ERBB2,0.001427551748750892
WH,ERN1,0.0
WH,ESR1,0.007851534618129907
WH,ESR2,0.004044729954794195
WH,ESRRA,0.003330954080418748
WH,ESRRB,0.00118962645729241
WH,F10,0.0
WH,F2,0.00594813228646205
WH,F3,0.004520580537711158
WH,FABP2,0.003330954080418748
WH,FABP3,0.003330954080418748
WH,FABP4,0.003330954080418748
WH,FABP5,0.003330954080418748
WH,FASN,0.004044729954794195
WH,FDPS,0.0
WH,FLT3,0.00594813228646205
WH,FLT4,0.0007137758743754461
WH,FOLH1,0.0
WH,FUCA1,0.0007137758743754461
WH,FUT7,0.002617178206043303
WH,FYN,0.00118962645729241
WH,GAA,0.007137758743754461
WH,GABRR1,0.0007137758743754461
WH,GBA,0.00594813228646205
WH,GBA2,0.001903402331667856
WH,GLO1,0.00594813228646205
WH,GLRA1,0.0
WH,GLRA2,0.0
WH,GPBAR1,0.0007137758743754461
WH,GPR35,0.004758505829169641
WH,GRIA1,0.0
WH,GRIA2,0.0
WH,GRIA4,0.0
WH,GRIK2,0.0
WH,GRIK5,0.0
WH,GRK6,0.0
WH,GRM1,0.0
WH,GRM2,0.0
WH,GRM3,0.0
WH,GRM4,0.0
WH,GRM5,0.002617178206043303
WH,GRM8,0.0
WH,GSK3B,0.00594813228646205
WH,GSTP1,0.0007137758743754461
WH,HCAR2,0.006423982869379014
WH,HDAC1,0.0
WH,HDAC10,0.0
WH,HDAC2,0.0
WH,HDAC3,0.0
WH,HDAC6,0.0
WH,HDAC8,0.0
WH,HIF1A,0.00594813228646205
WH,HKDC1,0.0
WH,HMGCR,0.0007137758743754461
WH,HRH1,0.0
WH,HRH3,0.0
WH,HRH4,0.0
WH,HSD11B1,0.00594813228646205
WH,HSD11B2,0.00118962645729241
WH,HSD17B1,0.00594813228646205
WH,HSD17B2,0.00594813228646205
WH,HSD17B3,0.0007137758743754461
WH,HSP90AA1,0.0
WH,HSP90AB1,0.001427551748750892
WH,HSPA1A,0.0007137758743754461
WH,HSPA8,0.001427551748750892
WH,HTR1A,0.004758505829169641
WH,HTR1B,0.0
WH,HTR1D,0.0
WH,HTR1E,0.0
WH,HTR2A,0.0
WH,HTR2B,0.0
WH,HTR2C,0.0
WH,HTR3A,0.0
WH,HTR4,0.0
WH,HTR5A,0.0
WH,HTR6,0.0
WH,HTR7,0.003330954080418748
WH,IDH1,0.007137758743754461
WH,IDO1,0.004520580537711158
WH,IGF1R,0.004758505829169641
WH,INSR,0.003330954080418748
WH,JAK2,0.0
WH,KAT2B,0.0007137758743754461
WH,KCNA3,0.0
WH,KCNA5,0.0
WH,KCNH2,0.001427551748750892
WH,KDM2A,0.0007137758743754461
WH,KDM4E,0.007851534618129907
WH,KDM5C,0.0007137758743754461
WH,KDM7A,0.0007137758743754461
WH,KDR,0.004758505829169641
WH,KIT,0.0007137758743754461
WH,KMT2A,0.00594813228646205
WH,LDHA,0.0
WH,LIMK1,0.0
WH,MAN1B1,0.0007137758743754461
WH,MAOA,0.001427551748750892
WH,MAOB,0.001427551748750892
WH,MAP2K1,0.004758505829169641
WH,MAP2K7,0.0
WH,MAP3K7,0.0
WH,MAP3K8,0.0007137758743754461
WH,MAPK1,0.007851534618129907
WH,MAPK14,0.004758505829169641
WH,MAPK9,0.001427551748750892
WH,MAPKAPK2,0.004758505829169641
WH,MAPT,0.007137758743754461
WH,MCL1,0.002617178206043303
WH,MERTK,0.0
WH,MET,0.004758505829169641
WH,MGAM,0.0007137758743754461
WH,MGLL,0.004282655246252677
WH,MIF,0.0
WH,MMP1,0.006423982869379014
WH,MMP12,0.004758505829169641
WH,MMP13,0.004758505829169641
WH,MMP14,0.0007137758743754461
WH,MMP2,0.007137758743754461
WH,MMP3,0.00594813228646205
WH,MMP9,0.007137758743754461
WH,MPG,0.007137758743754461
WH,MPO,0.0007137758743754461
WH,MTNR1A,0.0
WH,MTNR1B,0.0
WH,MYLK,0.0
WH,NEK2,0.004758505829169641
WH,NEK6,0.004758505829169641
WH,NFKB1,0.007851534618129907
WH,NOS2,0.004282655246252677
WH,NQO1,0.0
WH,NQO2,0.0007137758743754461
WH,NR1H4,0.005710206995003569
WH,NR1I2,0.002141327623126338
WH,NR3C1,0.001903402331667856
WH,NR3C2,0.0007137758743754461
WH,NT5E,0.0
WH,NUAK1,0.004758505829169641
WH,ODC1,0.001903402331667856
WH,OPRD1,0.0
WH,OPRK1,0.0
WH,OPRM1,0.0
WH,OXER1,0.0
WH,OXTR,0.0007137758743754461
WH,PARP1,0.004044729954794195
WH,PCNA,0.0
WH,PDE4B,0.0007137758743754461
WH,PDE4D,0.0007137758743754461
WH,PDE5A,0.00594813228646205
WH,PDGFRB,0.0007137758743754461
WH,PDPK1,0.0
WH,PGR,0.0007137758743754461
WH,PHF8,0.0007137758743754461
WH,PIK3CA,0.0007137758743754461
WH,PIK3CB,0.0007137758743754461
WH,PIK3CG,0.004758505829169641
WH,PIM1,0.00594813228646205
WH,PIM3,0.0
WH,PKN1,0.004758505829169641
WH,PLA2G2A,0.0007137758743754461
WH,PLG,0.00594813228646205
WH,PLK1,0.004758505829169641
WH,PLK4,0.0007137758743754461
WH,PNP,0.0007137758743754461
WH,POLA1,0.0
WH,POLB,0.007137758743754461
WH,PPARA,0.00594813228646205
WH,PPARD,0.005234356412086604
WH,PPARG,0.00594813228646205
WH,PRKCA,0.004758505829169641
WH,PRKCD,0.0
WH,PRKCE,0.0
WH,PRMT1,0.0
WH,PTAFR,0.0
WH,PTGES,0.00118962645729241
WH,PTGS1,0.003330954080418748
WH,PTGS2,0.00594813228646205
WH,PTK2,0.004758505829169641
WH,PTK2B,0.00118962645729241
WH,PTPN1,0.008327385201046872
WH,PTPN11,0.004282655246252677
WH,PTPN2,0.005710206995003569
WH,PTPN6,0.005710206995003569
WH,PTPRF,0.005710206995003569
WH,PTPRS,0.004044729954794195
WH,PYGL,0.004758505829169641
WH,RELA,0.001903402331667856
WH,RORB,0.0
WH,RORC,0.00594813228646205
WH,RXRA,0.0
WH,SAE1,0.0
WH,SENP6,0.0
WH,SENP7,0.0
WH,SENP8,0.0
WH,SHBG,0.004520580537711158
WH,SIGMAR1,0.0
WH,SIRT2,0.0
WH,SIRT3,0.0
WH,SLC15A2,0.0
WH,SLC1A1,0.0
WH,SLC22A1,0.001427551748750892
WH,SLC22A12,0.001427551748750892
WH,SLC28A1,0.0007137758743754461
WH,SLC28A2,0.0007137758743754461
WH,SLC28A3,0.001427551748750892
WH,SLC47A1,0.0
WH,SLC5A1,0.00118962645729241
WH,SLC5A2,0.00118962645729241
WH,SLC6A15,0.0
WH,SLC6A2,0.0
WH,SLC6A3,0.0
WH,SLC6A4,0.0
WH,SLCO1B1,0.00594813228646205
WH,SLCO1B3,0.00594813228646205
WH,SLCO2B1,0.00594813228646205
WH,SMAD3,0.0007137758743754461
WH,SOAT1,0.003330954080418748
WH,SOAT2,0.0007137758743754461
WH,SRC,0.00594813228646205
WH,STAT3,0.0007137758743754461
WH,SYK,0.00594813228646205
WH,TAS2R31,0.0
WH,TBXAS1,0.001903402331667856
WH,TEK,0.0007137758743754461
WH,TERT,0.005234356412086604
WH,TGM2,0.0
WH,THRA,0.0
WH,THRB,0.007137758743754461
WH,TLR2,0.003330954080418748
WH,TNKS,0.004044729954794195
WH,TNKS2,0.004044729954794195
WH,TOP1,0.006423982869379015
WH,TOP2A,0.007137758743754461
WH,TRPV1,0.0007137758743754461
WH,TTR,0.006423982869379014
WH,TUBB3,0.0
WH,TYR,0.007137758743754461
WH,UBE2N,0.001903402331667856
WH,UGT1A1,0.00594813228646205
WH,VCP,0.0
WH,VDR,0.0
WH,XDH,0.00594813228646205
WH,XIAP,0.0
WH,XPO1,0.00118962645729241
WC,ABCB1,0.0
WC,ABCB11,0.00104675505931612
WC,ABCC1,0.005931612002791347
WC,ABCG2,0.005931612002791347
WC,ACHE,0.005931612002791347
WC,ACP1,0.002791346824842987
WC,ADORA1,0.00104675505931612
WC,ADORA2A,0.002791346824842987
WC,ADORA2B,0.00104675505931612
WC,ADORA3,0.005931612002791347
WC,ADRA1A,0.0
WC,ADRA1B,0.0
WC,ADRA1D,0.0
WC,ADRA2A,0.0
WC,ADRA2B,0.00104675505931612
WC,ADRA2C,0.0
WC,ADRB1,0.0
WC,ADRB2,0.001744591765526867
WC,AGTR1,0.0
WC,AKR1B1,0.007676203768318215
WC,AKR1B10,0.005931612002791347
WC,AKR1C2,0.00104675505931612
WC,AKR1C3,0.00104675505931612
WC,AKR1C4,0.00104675505931612
WC,AKT1,0.005931612002791347
WC,ALDH2,0.00104675505931612
WC,ALK,0.00418702023726448
WC,ALOX12,0.005931612002791347
WC,ALOX15,0.005931612002791347
WC,ALOX5,0.007676203768318215
WC,ALPI,0.004884856943475227
WC,ALPL,0.004884856943475227
WC,AMY1A,0.005931612002791347
WC,ANPEP,0.0
WC,AOC3,0.00104675505931612
WC,AOX1,0.002791346824842987
WC,APEX1,0.006978367062107468
WC,APOBEC3G,0.0
WC,APP,0.007676203768318215
WC,AR,0.005931612002791347
WC,ATR,0.0
WC,AURKA,0.00104675505931612
WC,AURKB,0.00418702023726448
WC,AVPR2,0.00418702023726448
WC,AXL,0.00418702023726448
WC,BACE1,0.008722958827634335
WC,BBOX1,0.0
WC,BCHE,0.005931612002791347
WC,BCL2,0.006629448709002094
WC,BCL2L1,0.002791346824842987
WC,BCR,0.0
WC,BRAF,0.00104675505931612
WC,CA1,0.007676203768318215
WC,CA12,0.007676203768318215
WC,CA13,0.006629448709002094
WC,CA14,0.007676203768318215
WC,CA2,0.007676203768318215
WC,CA3,0.007676203768318215
WC,CA4,0.007676203768318215
WC,CA5A,0.007676203768318215
WC,CA5B,0.007676203768318215
WC,CA6,0.007676203768318215
WC,CA7,0.007676203768318215
WC,CA9,0.007676203768318215
WC,CACNA1C,0.0
WC,CACNA1D,0.0
WC,CAMK2B,0.00418702023726448
WC,CARM1,0.00104675505931612
WC,CBR1,0.003838101884159107
WC,CCR4,0.00418702023726448
WC,CD38,0.00418702023726448
WC,CDC25B,0.003838101884159107
WC,CDK6,0.005931612002791347
WC,CES1,0.002791346824842987
WC,CES2,0.002791346824842987
WC,CHRM1,0.0
WC,CHRM2,0.0
WC,CHRM3,0.0
WC,CHRM4,0.0
WC,CHRM5,0.0
WC,CHRNA3,0.0
WC,CHRNA7,0.001744591765526867
WC,CLK1,0.0
WC,CNR1,0.0
WC,CNR2,0.0
WC,CSNK1D,0.0
WC,CSNK2A1,0.003838101884159107
WC,CTBP2,0.00104675505931612
WC,CTSD,0.00104675505931612
WC,CTSL,0.005582693649685975
WC,CXCL8,0.007676203768318215
WC,CXCR1,0.00418702023726448
WC,CYP19A1,0.007676203768318215
WC,CYP1A1,0.005931612002791347
WC,CYP1A2,0.005931612002791347
WC,CYP1B1,0.005931612002791347
WC,CYP2A13,0.0
WC,CYP2A6,0.00314026517794836
WC,CYP2B6,0.0
WC,CYP2C19,0.005931612002791347
WC,CYP2C8,0.00418702023726448
WC,CYP2C9,0.005931612002791347
WC,CYP2D6,0.005931612002791347
WC,CYP2E1,0.0
WC,CYP2J2,0.00418702023726448
WC,CYP3A4,0.008722958827634335
WC,CYP3A5,0.0
WC,DAO,0.00314026517794836
WC,DAPK1,0.008722958827634335
WC,DHFR,0.003489183531053734
WC,DNMT1,0.001744591765526867
WC,DNMT3B,0.0
WC,DPP4,0.005931612002791347
WC,DRD1,0.005931612002791347
WC,DRD2,0.00104675505931612
WC,DRD3,0.00104675505931612
WC,DRD4,0.00104675505931612
WC,DRD5,0.00104675505931612
WC,DUSP3,0.004884856943475227
WC,DYRK1A,0.00104675505931612
WC,DYRK1B,0.0
WC,EBP,0.0
WC,EDNRA,0.0
WC,EGFR,0.005931612002791347
WC,EGLN1,0.00104675505931612
WC,EHMT2,0.006978367062107468
WC,ENPP2,0.0
WC,EP300,0.00104675505931612
WC,EPHB4,0.00104675505931612
WC,EPHX2,0.005931612002791347
WC,ERBB2,0.00104675505931612
WC,ERN1,0.0
WC,ESR1,0.008722958827634335
WC,ESR2,0.003838101884159107
WC,ESRRA,0.004884856943475227
WC,ESRRB,0.001744591765526867
WC,F10,0.00104675505931612
WC,F2,0.006978367062107468
WC,F3,0.004884856943475227
WC,FABP2,0.00418702023726448
WC,FABP3,0.00418702023726448
WC,FABP4,0.00418702023726448
WC,FABP5,0.00418702023726448
WC,FASN,0.004884856943475227
WC,FDPS,0.0
WC,FLT3,0.005931612002791347
WC,FLT4,0.00104675505931612
WC,FOLH1,0.0
WC,FUCA1,0.0
WC,FUT7,0.003838101884159107
WC,FYN,0.001744591765526867
WC,GAA,0.007676203768318215
WC,GABRR1,0.0
WC,GBA,0.005931612002791347
WC,GBA2,0.001744591765526867
WC,GLO1,0.005931612002791347
WC,GLRA1,0.0
WC,GLRA2,0.0
WC,GPBAR1,0.0
WC,GPR35,0.00418702023726448
WC,GRIA1,0.0
WC,GRIA2,0.0
WC,GRIA4,0.0
WC,GRIK2,0.0
WC,GRIK5,0.0
WC,GRK6,0.0
WC,GRM1,0.0
WC,GRM2,0.0
WC,GRM3,0.0
WC,GRM4,0.0
WC,GRM5,0.00209351011863224
WC,GRM8,0.0
WC,GSK3B,0.005931612002791347
WC,GSTP1,0.00104675505931612
WC,HCAR2,0.005582693649685975
WC,HDAC1,0.0
WC,HDAC10,0.0
WC,HDAC2,0.0
WC,HDAC3,0.0
WC,HDAC6,0.0
WC,HDAC8,0.0
WC,HIF1A,0.005931612002791347
WC,HKDC1,0.0
WC,HMGCR,0.0
WC,HRH1,0.0
WC,HRH3,0.0
WC,HRH4,0.0
WC,HSD11B1,0.005931612002791347
WC,HSD11B2,0.001744591765526867
WC,HSD17B1,0.005931612002791347
WC,HSD17B2,0.005931612002791347
WC,HSD17B3,0.0
WC,HSP90AA1,0.0
WC,HSP90AB1,0.00209351011863224
WC,HSPA1A,0.00104675505931612
WC,HSPA8,0.00104675505931612
WC,HTR1A,0.00418702023726448
WC,HTR1B,0.0
WC,HTR1D,0.0
WC,HTR1E,0.0
WC,HTR2A,0.00104675505931612
WC,HTR2B,0.0
WC,HTR2C,0.0
WC,HTR3A,0.0
WC,HTR4,0.0
WC,HTR5A,0.0
WC,HTR6,0.0
WC,HTR7,0.00209351011863224
WC,IDH1,0.005931612002791347
WC,IDO1,0.003838101884159107
WC,IGF1R,0.00418702023726448
WC,INSR,0.003838101884159107
WC,JAK2,0.0
WC,KAT2B,0.0
WC,KCNA3,0.0
WC,KCNA5,0.0
WC,KCNH2,0.00314026517794836
WC,KDM2A,0.0
WC,KDM4E,0.008722958827634335
WC,KDM5C,0.0
WC,KDM7A,0.0
WC,KDR,0.00418702023726448
WC,KIT,0.0
WC,KMT2A,0.005931612002791347
WC,LDHA,0.0
WC,LIMK1,0.0
WC,MAN1B1,0.0
WC,MAOA,0.00104675505931612
WC,MAOB,0.00104675505931612
WC,MAP2K1,0.00418702023726448
WC,MAP2K7,0.0
WC,MAP3K7,0.0
WC,MAP3K8,0.00104675505931612
WC,MAPK1,0.008722958827634335
WC,MAPK14,0.00418702023726448
WC,MAPK9,0.00209351011863224
WC,MAPKAPK2,0.00418702023726448
WC,MAPT,0.008722958827634335
WC,MCL1,0.003838101884159107
WC,MERTK,0.0
WC,MET,0.00418702023726448
WC,MGAM,0.0
WC,MGLL,0.002791346824842987
WC,MIF,0.00104675505931612
WC,MMP1,0.005582693649685975
WC,MMP12,0.00418702023726448
WC,MMP13,0.00418702023726448
WC,MMP14,0.0
WC,MMP2,0.007676203768318215
WC,MMP3,0.007676203768318215
WC,MMP9,0.007676203768318215
WC,MPG,0.007676203768318215
WC,MPO,0.0
WC,MTNR1A,0.00104675505931612
WC,MTNR1B,0.00104675505931612
WC,MYLK,0.0
WC,NEK2,0.00418702023726448
WC,NEK6,0.00418702023726448
WC,NFKB1,0.005931612002791347
WC,NOS2,0.002791346824842987
WC,NQO1,0.0
WC,NQO2,0.00104675505931612
WC,NR1H4,0.002791346824842987
WC,NR1I2,0.00314026517794836
WC,NR3C1,0.001744591765526867
WC,NR3C2,0.0
WC,NT5E,0.0
WC,NUAK1,0.00418702023726448
WC,ODC1,0.001744591765526867
WC,OPRD1,0.0
WC,OPRK1,0.0
WC,OPRM1,0.0
WC,OXER1,0.0
WC,OXTR,0.0
WC,PARP1,0.002791346824842987
WC,PCNA,0.0
WC,PDE4B,0.0
WC,PDE4D,0.0
WC,PDE5A,0.007676203768318215
WC,PDGFRB,0.00104675505931612
WC,PDPK1,0.00104675505931612
WC,PGR,0.0
WC,PHF8,0.0
WC,PIK3CA,0.0
WC,PIK3CB,0.0
WC,PIK3CG,0.00418702023726448
WC,PIM1,0.005931612002791347
WC,PIM3,0.0
WC,PKN1,0.00418702023726448
WC,PLA2G2A,0.0
WC,PLG,0.005931612002791347
WC,PLK1,0.00418702023726448
WC,PLK4,0.00104675505931612
WC,PNP,0.00104675505931612
WC,POLA1,0.0
WC,POLB,0.008722958827634335
WC,PPARA,0.005931612002791347
WC,PPARD,0.005931612002791347
WC,PPARG,0.005931612002791347
WC,PRKCA,0.00418702023726448
WC,PRKCD,0.0
WC,PRKCE,0.0
WC,PRMT1,0.0
WC,PTAFR,0.0
WC,PTGES,0.003838101884159107
WC,PTGS1,0.005931612002791347
WC,PTGS2,0.005931612002791347
WC,PTK2,0.00418702023726448
WC,PTK2B,0.001744591765526867
WC,PTPN1,0.005931612002791347
WC,PTPN11,0.003838101884159107
WC,PTPN2,0.003838101884159107
WC,PTPN6,0.003838101884159107
WC,PTPRF,0.003838101884159107
WC,PTPRS,0.004884856943475227
WC,PYGL,0.00418702023726448
WC,RELA,0.004884856943475227
WC,RORB,0.0
WC,RORC,0.007676203768318215
WC,RXRA,0.0
WC,SAE1,0.0
WC,SENP6,0.0
WC,SENP7,0.0
WC,SENP8,0.0
WC,SHBG,0.002791346824842987
WC,SIGMAR1,0.0
WC,SIRT2,0.0
WC,SIRT3,0.0
WC,SLC15A2,0.0
WC,SLC1A1,0.0
WC,SLC22A1,0.00104675505931612
WC,SLC22A12,0.00104675505931612
WC,SLC28A1,0.00104675505931612
WC,SLC28A2,0.00104675505931612
WC,SLC28A3,0.00104675505931612
WC,SLC47A1,0.00104675505931612
WC,SLC5A1,0.002791346824842987
WC,SLC5A2,0.002791346824842987
WC,SLC6A15,0.0
WC,SLC6A2,0.0
WC,SLC6A3,0.0
WC,SLC6A4,0.0
WC,SLCO1B1,0.007676203768318215
WC,SLCO1B3,0.007676203768318215
WC,SLCO2B1,0.007676203768318215
WC,SMAD3,0.00104675505931612
WC,SOAT1,0.00314026517794836
WC,SOAT2,0.0
WC,SRC,0.005931612002791347
WC,STAT3,0.00209351011863224
WC,SYK,0.005931612002791347
WC,TAS2R31,0.0
WC,TBXAS1,0.002791346824842987
WC,TEK,0.00104675505931612
WC,TERT,0.004884856943475227
WC,TGM2,0.0
WC,THRA,0.0
WC,THRB,0.005931612002791347
WC,TLR2,0.00418702023726448
WC,TNKS,0.002791346824842987
WC,TNKS2,0.002791346824842987
WC,TOP1,0.003838101884159107
WC,TOP2A,0.005931612002791347
WC,TRPV1,0.00209351011863224
WC,TTR,0.003838101884159107
WC,TUBB3,0.0
WC,TYR,0.005931612002791347
WC,UBE2N,0.001744591765526867
WC,UGT1A1,0.007676203768318215
WC,VCP,0.0
WC,VDR,0.0
WC,XDH,0.005931612002791347
WC,XIAP,0.0
WC,XPO1,0.003489183531053734
