representation,syndrome_code,canonical_name,primary_weight_W,distributed_degree_norm_mass,absolute_error
FULL,PDOL,丹参,0.1071428571428571,0.10714285714285711,1.3877787807814457e-17
FULL,PDOL,乌梅,0.0357142857142857,0.0357142857142857,0.0
FULL,PDOL,五味子,0.2738095238095238,0.2738095238095238,0.0
FULL,PDOL,五指毛桃,0.0357142857142857,0.0357142857142857,0.0
FULL,PDOL,人参,0.0357142857142857,0.0357142857142857,0.0
FULL,PDOL,党参,0.2261904761904762,0.2261904761904762,0.0
FULL,PDOL,全蝎,0.0357142857142857,0.0357142857142857,0.0
FULL,PDOL,制陈皮,0.0357142857142857,0.0357142857142857,0.0
FULL,PDOL,前胡,0.1071428571428571,0.10714285714285708,1.3877787807814457e-17
FULL,PDOL,化橘红,0.0357142857142857,0.0357142857142857,0.0
FULL,PDOL,北沙参,0.0357142857142857,0.0357142857142857,0.0
FULL,PDOL,半夏,0.4404761904761904,0.4404761904761904,0.0
FULL,PDOL,厚朴,0.3928571428571428,0.3928571428571428,0.0
FULL,PDOL,厚朴花,0.0357142857142857,0.0357142857142857,0.0
FULL,PDOL,地龙,0.0595238095238095,0.0595238095238095,0.0
FULL,PDOL,大枣,0.0595238095238095,0.0595238095238095,0.0
FULL,PDOL,天花粉,0.0595238095238095,0.0595238095238095,0.0
FULL,PDOL,太子参,0.0357142857142857,0.0357142857142857,0.0
FULL,PDOL,射干,0.0357142857142857,0.0357142857142857,0.0
FULL,PDOL,山楂,0.0357142857142857,0.0357142857142857,0.0
FULL,PDOL,山药,0.0833333333333333,0.0833333333333333,0.0
FULL,PDOL,岩白菜,0.0357142857142857,0.0357142857142857,0.0
FULL,PDOL,川贝母,0.0357142857142857,0.0357142857142857,0.0
FULL,PDOL,当归,0.1309523809523809,0.1309523809523809,0.0
FULL,PDOL,旋覆花,0.0595238095238095,0.0595238095238095,0.0
FULL,PDOL,杏仁,0.4166666666666667,0.4166666666666667,0.0
FULL,PDOL,枳壳,0.0595238095238095,0.0595238095238095,0.0
FULL,PDOL,枳实,0.0595238095238095,0.0595238095238095,0.0
FULL,PDOL,柏子仁,0.0357142857142857,0.0357142857142857,0.0
FULL,PDOL,柴胡,0.0595238095238095,0.0595238095238095,0.0
FULL,PDOL,桂枝,0.0595238095238095,0.05952380952380949,6.938893903907228e-18
FULL,PDOL,桃仁,0.0833333333333333,0.0833333333333333,0.0
FULL,PDOL,桑白皮,0.1071428571428571,0.1071428571428571,0.0
FULL,PDOL,桔梗,0.2976190476190476,0.2976190476190476,0.0
FULL,PDOL,橘红,0.1071428571428571,0.1071428571428571,0.0
FULL,PDOL,款冬花,0.1547619047619047,0.1547619047619047,0.0
FULL,PDOL,法半夏,0.4642857142857143,0.4642857142857143,0.0
FULL,PDOL,淫羊藿,0.0595238095238095,0.05952380952380949,6.938893903907228e-18
FULL,PDOL,炙甘草,0.2261904761904762,0.2261904761904762,0.0
FULL,PDOL,炙百部,0.0357142857142857,0.0357142857142857,0.0
FULL,PDOL,炙麻黄,0.1547619047619047,0.1547619047619047,0.0
FULL,PDOL,焦山楂,0.0357142857142857,0.0357142857142857,0.0
FULL,PDOL,焦槟榔,0.0357142857142857,0.0357142857142857,0.0
FULL,PDOL,熟地黄,0.0357142857142857,0.0357142857142857,0.0
FULL,PDOL,牛蒡子,0.0595238095238095,0.0595238095238095,0.0
FULL,PDOL,牡蛎,0.0595238095238095,0.0595238095238095,0.0
FULL,PDOL,瓜蒌,0.0595238095238095,0.0595238095238095,0.0
FULL,PDOL,瓜蒌子,0.0595238095238095,0.05952380952380949,6.938893903907228e-18
FULL,PDOL,甘草,0.5119047619047619,0.5119047619047619,0.0
FULL,PDOL,生姜,0.1547619047619047,0.1547619047619047,0.0
FULL,PDOL,白前,0.1071428571428571,0.1071428571428571,0.0
FULL,PDOL,白术,0.2976190476190476,0.2976190476190476,0.0
FULL,PDOL,白果,0.0357142857142857,0.0357142857142857,0.0
FULL,PDOL,白芍,0.1309523809523809,0.1309523809523809,0.0
FULL,PDOL,白芥子,0.25,0.25,0.0
FULL,PDOL,百部,0.0357142857142857,0.0357142857142857,0.0
FULL,PDOL,砂仁,0.0595238095238095,0.05952380952380949,6.938893903907228e-18
FULL,PDOL,紫苏叶,0.0595238095238095,0.0595238095238095,0.0
FULL,PDOL,紫苏子,0.5357142857142857,0.5357142857142857,0.0
FULL,PDOL,紫菀,0.1071428571428571,0.1071428571428571,0.0
FULL,PDOL,红景天,0.0595238095238095,0.05952380952380949,6.938893903907228e-18
FULL,PDOL,细辛,0.1785714285714285,0.1785714285714285,0.0
FULL,PDOL,肉桂,0.0357142857142857,0.0357142857142857,0.0
FULL,PDOL,芍药,0.0357142857142857,0.0357142857142857,0.0
FULL,PDOL,芡实,0.0357142857142857,0.0357142857142857,0.0
FULL,PDOL,苍术,0.1309523809523809,0.1309523809523809,0.0
FULL,PDOL,苦杏仁,0.1785714285714285,0.1785714285714285,0.0
FULL,PDOL,茯苓,0.7976190476190477,0.7976190476190477,0.0
FULL,PDOL,荆芥,0.0357142857142857,0.0357142857142857,0.0
FULL,PDOL,莱菔子,0.3928571428571428,0.3928571428571428,0.0
FULL,PDOL,葶苈子,0.1547619047619047,0.1547619047619047,0.0
FULL,PDOL,薏苡仁,0.1309523809523809,0.1309523809523809,0.0
FULL,PDOL,薤白,0.0595238095238095,0.0595238095238095,0.0
FULL,PDOL,蜜紫菀,0.0833333333333333,0.0833333333333333,0.0
FULL,PDOL,蜜麻黄,0.0595238095238095,0.0595238095238095,0.0
FULL,PDOL,补骨脂,0.0357142857142857,0.0357142857142857,0.0
FULL,PDOL,赤芍,0.0595238095238095,0.0595238095238095,0.0
FULL,PDOL,车前子,0.0357142857142857,0.0357142857142857,0.0
FULL,PDOL,防风,0.0833333333333333,0.0833333333333333,0.0
FULL,PDOL,附子,0.0357142857142857,0.0357142857142857,0.0
FULL,PDOL,陈皮,0.6785714285714286,0.6785714285714286,0.0
FULL,PDOL,香附,0.0357142857142857,0.0357142857142857,0.0
FULL,PDOL,鱼腥草,0.0595238095238095,0.0595238095238095,0.0
FULL,PDOL,麻黄,0.1547619047619047,0.1547619047619047,0.0
FULL,PDOL,黄芩,0.1547619047619047,0.1547619047619047,0.0
FULL,PDOL,黄芪,0.1785714285714285,0.1785714285714285,0.0
FULL,PDOL,黑芝麻,0.0357142857142857,0.0357142857142857,0.0
FULL,PDOL,龙骨,0.0595238095238095,0.0595238095238095,0.0
FULL,PHOL,一枝蒿,0.0197368421052631,0.0197368421052631,0.0
FULL,PHOL,丹参,0.0723684210526315,0.0723684210526315,0.0
FULL,PHOL,五味子,0.0592105263157894,0.0592105263157894,0.0
FULL,PHOL,仙鹤草,0.0328947368421052,0.0328947368421052,0.0
FULL,PHOL,侧柏叶,0.0197368421052631,0.0197368421052631,0.0
FULL,PHOL,党参,0.0460526315789473,0.0460526315789473,0.0
FULL,PHOL,冬瓜子,0.1776315789473684,0.1776315789473684,0.0
FULL,PHOL,冰片,0.0197368421052631,0.0197368421052631,0.0
FULL,PHOL,制半夏,0.0197368421052631,0.0197368421052631,0.0
FULL,PHOL,前胡,0.1118421052631579,0.11184210526315788,1.3877787807814457e-17
FULL,PHOL,化橘红,0.0460526315789473,0.0460526315789473,0.0
FULL,PHOL,北沙参,0.0197368421052631,0.0197368421052631,0.0
FULL,PHOL,半夏,0.0723684210526315,0.0723684210526315,0.0
FULL,PHOL,半枝莲,0.0197368421052631,0.0197368421052631,0.0
FULL,PHOL,南沙参,0.0328947368421052,0.0328947368421052,0.0
FULL,PHOL,厚朴,0.0723684210526315,0.0723684210526315,0.0
FULL,PHOL,合欢皮,0.0197368421052631,0.0197368421052631,0.0
FULL,PHOL,地骨皮,0.0328947368421052,0.0328947368421052,0.0
FULL,PHOL,地龙,0.0592105263157894,0.059210526315789394,6.938893903907228e-18
FULL,PHOL,大青叶,0.0197368421052631,0.0197368421052631,0.0
FULL,PHOL,大黄,0.125,0.125,0.0
FULL,PHOL,天竺黄,0.0592105263157894,0.0592105263157894,0.0
FULL,PHOL,天花粉,0.0328947368421052,0.0328947368421052,0.0
FULL,PHOL,太子参,0.0328947368421052,0.0328947368421052,0.0
FULL,PHOL,射干,0.0986842105263157,0.0986842105263157,0.0
FULL,PHOL,山楂,0.0197368421052631,0.0197368421052631,0.0
FULL,PHOL,川芎,0.0460526315789473,0.0460526315789473,0.0
FULL,PHOL,川贝母,0.1381578947368421,0.1381578947368421,0.0
FULL,PHOL,广藿香,0.0197368421052631,0.0197368421052631,0.0
FULL,PHOL,延胡索,0.0197368421052631,0.0197368421052631,0.0
FULL,PHOL,当归,0.0592105263157894,0.05921052631578941,6.938893903907228e-18
FULL,PHOL,木蝴蝶,0.0197368421052631,0.0197368421052631,0.0
FULL,PHOL,木通,0.0328947368421052,0.0328947368421052,0.0
FULL,PHOL,杏仁,0.375,0.375,0.0
FULL,PHOL,枳壳,0.0855263157894736,0.0855263157894736,0.0
FULL,PHOL,枳实,0.125,0.125,0.0
FULL,PHOL,柴胡,0.0197368421052631,0.0197368421052631,0.0
FULL,PHOL,栀子,0.2171052631578947,0.2171052631578947,0.0
FULL,PHOL,桃仁,0.1776315789473684,0.17763157894736842,2.7755575615628914e-17
FULL,PHOL,桑叶,0.0328947368421052,0.0328947368421052,0.0
FULL,PHOL,桑白皮,0.5723684210526315,0.5723684210526315,0.0
FULL,PHOL,桔梗,0.5460526315789473,0.5460526315789473,0.0
FULL,PHOL,橘红,0.1381578947368421,0.1381578947368421,0.0
FULL,PHOL,款冬花,0.0592105263157894,0.0592105263157894,0.0
FULL,PHOL,水牛角,0.0197368421052631,0.0197368421052631,0.0
FULL,PHOL,沙参,0.0197368421052631,0.0197368421052631,0.0
FULL,PHOL,法半夏,0.3092105263157895,0.3092105263157895,0.0
FULL,PHOL,海蛤壳,0.0328947368421052,0.0328947368421052,0.0
FULL,PHOL,炙甘草,0.1644736842105263,0.1644736842105263,0.0
FULL,PHOL,炙麻黄,0.125,0.125,0.0
FULL,PHOL,焦山楂,0.0328947368421052,0.0328947368421052,0.0
FULL,PHOL,熟地黄,0.0197368421052631,0.0197368421052631,0.0
FULL,PHOL,牛蒡子,0.0328947368421052,0.0328947368421052,0.0
FULL,PHOL,牡丹皮,0.0197368421052631,0.0197368421052631,0.0
FULL,PHOL,玄参,0.0328947368421052,0.0328947368421052,0.0
FULL,PHOL,瓜蒌,0.3355263157894737,0.3355263157894737,0.0
FULL,PHOL,瓜蒌子,0.1513157894736842,0.1513157894736842,0.0
FULL,PHOL,瓜蒌皮,0.125,0.12499999999999999,1.3877787807814457e-17
FULL,PHOL,甘草,0.6907894736842105,0.6907894736842105,0.0
FULL,PHOL,生地黄,0.0197368421052631,0.0197368421052631,0.0
FULL,PHOL,生姜,0.0197368421052631,0.0197368421052631,0.0
FULL,PHOL,生晒参,0.0328947368421052,0.0328947368421052,0.0
FULL,PHOL,白前,0.0855263157894736,0.0855263157894736,0.0
FULL,PHOL,白头翁,0.0197368421052631,0.0197368421052631,0.0
FULL,PHOL,白术,0.0592105263157894,0.0592105263157894,0.0
FULL,PHOL,白果,0.0592105263157894,0.0592105263157894,0.0
FULL,PHOL,白芍,0.0197368421052631,0.0197368421052631,0.0
FULL,PHOL,白芥子,0.0592105263157894,0.0592105263157894,0.0
FULL,PHOL,白芷,0.0197368421052631,0.0197368421052631,0.0
FULL,PHOL,白茅根,0.0328947368421052,0.0328947368421052,0.0
FULL,PHOL,百合,0.0197368421052631,0.0197368421052631,0.0
FULL,PHOL,百部,0.0592105263157894,0.0592105263157894,0.0
FULL,PHOL,皂角刺,0.0197368421052631,0.0197368421052631,0.0
FULL,PHOL,知母,0.1776315789473684,0.1776315789473684,0.0
FULL,PHOL,矮地茶,0.0197368421052631,0.0197368421052631,0.0
FULL,PHOL,石斛,0.0328947368421052,0.0328947368421052,0.0
FULL,PHOL,石菖蒲,0.0328947368421052,0.0328947368421052,0.0
FULL,PHOL,穿山龙,0.0197368421052631,0.0197368421052631,0.0
FULL,PHOL,紫花地丁,0.0197368421052631,0.0197368421052631,0.0
FULL,PHOL,紫苏子,0.3486842105263157,0.3486842105263157,0.0
FULL,PHOL,紫菀,0.0328947368421052,0.0328947368421052,0.0
FULL,PHOL,红藤,0.0197368421052631,0.0197368421052631,0.0
FULL,PHOL,芦根,0.1644736842105263,0.1644736842105263,0.0
FULL,PHOL,芫花,0.0197368421052631,0.0197368421052631,0.0
FULL,PHOL,苍术,0.0460526315789473,0.0460526315789473,0.0
FULL,PHOL,苦杏仁,0.375,0.375,0.0
FULL,PHOL,茯苓,0.375,0.375,0.0
FULL,PHOL,茵陈,0.0197368421052631,0.0197368421052631,0.0
FULL,PHOL,荆芥,0.0197368421052631,0.0197368421052631,0.0
FULL,PHOL,莱菔子,0.0592105263157894,0.059210526315789394,6.938893903907228e-18
FULL,PHOL,菊花,0.0197368421052631,0.0197368421052631,0.0
FULL,PHOL,葶苈子,0.2039473684210526,0.2039473684210526,0.0
FULL,PHOL,蒲公英,0.0460526315789473,0.0460526315789473,0.0
FULL,PHOL,薄荷,0.0197368421052631,0.0197368421052631,0.0
FULL,PHOL,薏苡仁,0.2302631578947368,0.2302631578947368,0.0
FULL,PHOL,藿香,0.0197368421052631,0.0197368421052631,0.0
FULL,PHOL,虎杖,0.0460526315789473,0.0460526315789473,0.0
FULL,PHOL,蜜款冬花,0.0460526315789473,0.046052631578947296,6.938893903907228e-18
FULL,PHOL,蜜百部,0.0460526315789473,0.0460526315789473,0.0
FULL,PHOL,蜜紫菀,0.0592105263157894,0.0592105263157894,0.0
FULL,PHOL,蜜麻黄,0.125,0.125,0.0
FULL,PHOL,蝉蜕,0.0592105263157894,0.0592105263157894,0.0
FULL,PHOL,豆蔻,0.0328947368421052,0.0328947368421052,0.0
FULL,PHOL,败酱草,0.0460526315789473,0.046052631578947296,6.938893903907228e-18
FULL,PHOL,赤芍,0.0328947368421052,0.0328947368421052,0.0
FULL,PHOL,车前子,0.0197368421052631,0.019736842105263098,3.469446951953614e-18
FULL,PHOL,连翘,0.1118421052631579,0.11184210526315788,1.3877787807814457e-17
FULL,PHOL,通草,0.0197368421052631,0.0197368421052631,0.0
FULL,PHOL,郁金,0.0460526315789473,0.0460526315789473,0.0
FULL,PHOL,金荞麦,0.0855263157894736,0.0855263157894736,0.0
FULL,PHOL,金银花,0.125,0.125,0.0
FULL,PHOL,银杏叶,0.0197368421052631,0.0197368421052631,0.0
FULL,PHOL,陈皮,0.2171052631578947,0.2171052631578947,0.0
FULL,PHOL,青葙子,0.0197368421052631,0.0197368421052631,0.0
FULL,PHOL,青蒿,0.0197368421052631,0.0197368421052631,0.0
FULL,PHOL,马鞭草,0.0197368421052631,0.0197368421052631,0.0
FULL,PHOL,鱼腥草,0.2828947368421052,0.2828947368421052,0.0
FULL,PHOL,麦冬,0.1776315789473684,0.1776315789473684,0.0
FULL,PHOL,麻黄,0.2434210526315789,0.24342105263157887,2.7755575615628914e-17
FULL,PHOL,黄芩,0.7828947368421053,0.7828947368421054,1.1102230246251565e-16
FULL,PHOL,黄芪,0.0855263157894736,0.0855263157894736,0.0
FULL,PHOL,黄连,0.1118421052631579,0.11184210526315788,1.3877787807814457e-17
FULL,WHIL,丹参,0.0375,0.0375,0.0
FULL,WHIL,佩兰,0.0375,0.0375,0.0
FULL,WHIL,党参,0.0375,0.0375,0.0
FULL,WHIL,前胡,0.1125,0.1125,0.0
FULL,WHIL,北沙参,0.0625,0.0625,0.0
FULL,WHIL,半夏,0.0375,0.0375,0.0
FULL,WHIL,南沙参,0.0375,0.0375,0.0
FULL,WHIL,厚朴,0.0375,0.0375,0.0
FULL,WHIL,地龙,0.0625,0.0625,0.0
FULL,WHIL,夏枯草,0.0375,0.0375,0.0
FULL,WHIL,大枣,0.0625,0.0625,0.0
FULL,WHIL,大青叶,0.0375,0.0375,0.0
FULL,WHIL,大黄,0.0375,0.0375,0.0
FULL,WHIL,天竺黄,0.0375,0.0375,0.0
FULL,WHIL,天花粉,0.0875,0.0875,0.0
FULL,WHIL,太子参,0.0375,0.0375,0.0
FULL,WHIL,姜黄,0.0375,0.0375,0.0
FULL,WHIL,射干,0.2875,0.2875,0.0
FULL,WHIL,山楂,0.0375,0.0375,0.0
FULL,WHIL,山药,0.0375,0.0375,0.0
FULL,WHIL,川芎,0.0625,0.0625,0.0
FULL,WHIL,川贝母,0.0875,0.0875,0.0
FULL,WHIL,木蝴蝶,0.1375,0.1375,0.0
FULL,WHIL,杏仁,0.2375,0.2375,0.0
FULL,WHIL,板蓝根,0.1625,0.1625,0.0
FULL,WHIL,枳壳,0.1375,0.1375,0.0
FULL,WHIL,枳实,0.1125,0.1125,0.0
FULL,WHIL,柴胡,0.2625,0.2625,0.0
FULL,WHIL,栀子,0.1875,0.1875,0.0
FULL,WHIL,桑叶,0.2625,0.2625,0.0
FULL,WHIL,桑白皮,0.2375,0.2375,0.0
FULL,WHIL,桔梗,0.6375,0.6375,0.0
FULL,WHIL,款冬花,0.1125,0.1125,0.0
FULL,WHIL,沙参,0.0375,0.0375,0.0
FULL,WHIL,法半夏,0.1875,0.1875,0.0
FULL,WHIL,淡豆豉,0.1125,0.1125,0.0
FULL,WHIL,火麻仁,0.0375,0.0375,0.0
FULL,WHIL,炙甘草,0.1125,0.1125,0.0
FULL,WHIL,炙百部,0.0375,0.0375,0.0
FULL,WHIL,焦山楂,0.0375,0.0375,0.0
FULL,WHIL,牛蒡子,0.2625,0.2625,0.0
FULL,WHIL,牡丹皮,0.0375,0.0375,0.0
FULL,WHIL,玄参,0.2625,0.2625,0.0
FULL,WHIL,瓜蒌,0.0875,0.0875,0.0
FULL,WHIL,瓜蒌子,0.0625,0.0625,0.0
FULL,WHIL,瓜蒌皮,0.0375,0.0375,0.0
FULL,WHIL,甘草,0.6875,0.6875,0.0
FULL,WHIL,生地黄,0.0625,0.0625,0.0
FULL,WHIL,生姜,0.0625,0.0625,0.0
FULL,WHIL,白前,0.0875,0.0875,0.0
FULL,WHIL,白术,0.0875,0.0875,0.0
FULL,WHIL,白果,0.0375,0.0375,0.0
FULL,WHIL,白芷,0.0875,0.0875,0.0
FULL,WHIL,白茅根,0.0375,0.0375,0.0
FULL,WHIL,百合,0.0625,0.0625,0.0
FULL,WHIL,百部,0.0625,0.0625,0.0
FULL,WHIL,皂角刺,0.0875,0.0875,0.0
FULL,WHIL,知母,0.1125,0.1125,0.0
FULL,WHIL,紫花地丁,0.0375,0.0375,0.0
FULL,WHIL,紫苏叶,0.0625,0.0625,0.0
FULL,WHIL,紫苏子,0.0375,0.0375,0.0
FULL,WHIL,紫菀,0.1125,0.1125,0.0
FULL,WHIL,红花,0.0375,0.0375,0.0
FULL,WHIL,细辛,0.0375,0.0375,0.0
FULL,WHIL,芦根,0.2125,0.21249999999999997,2.7755575615628914e-17
FULL,WHIL,苍耳子,0.0375,0.0375,0.0
FULL,WHIL,苦杏仁,0.2125,0.2125,0.0
FULL,WHIL,茯苓,0.1375,0.1375,0.0
FULL,WHIL,荆芥,0.1625,0.1625,0.0
FULL,WHIL,莱菔子,0.1375,0.1375,0.0
FULL,WHIL,菊花,0.1875,0.1875,0.0
FULL,WHIL,葛根,0.0625,0.0625,0.0
FULL,WHIL,蒲公英,0.0875,0.0875,0.0
FULL,WHIL,薄荷,0.2375,0.2375,0.0
FULL,WHIL,薏苡仁,0.0625,0.0625,0.0
FULL,WHIL,藏青果,0.0375,0.0375,0.0
FULL,WHIL,藿香,0.0375,0.0375,0.0
FULL,WHIL,虎杖,0.0375,0.0375,0.0
FULL,WHIL,蜜款冬花,0.0625,0.0625,0.0
FULL,WHIL,蜜紫菀,0.0625,0.0625,0.0
FULL,WHIL,蜜麻黄,0.0875,0.0875,0.0
FULL,WHIL,蝉蜕,0.2875,0.2875,0.0
FULL,WHIL,诃子,0.0625,0.0625,0.0
FULL,WHIL,贯众,0.0875,0.0875,0.0
FULL,WHIL,赤芍,0.1875,0.1875,0.0
FULL,WHIL,辛夷,0.0625,0.0625,0.0
FULL,WHIL,连翘,0.6375,0.6375,0.0
FULL,WHIL,野菊花,0.0625,0.0625,0.0
FULL,WHIL,金荞麦,0.0375,0.0375,0.0
FULL,WHIL,金银花,0.4875,0.4875,0.0
FULL,WHIL,防风,0.1625,0.1625,0.0
FULL,WHIL,陈皮,0.0875,0.0875,0.0
FULL,WHIL,青果,0.0375,0.0375,0.0
FULL,WHIL,青蒿,0.0375,0.0375,0.0
FULL,WHIL,青黛,0.0375,0.0375,0.0
FULL,WHIL,鱼腥草,0.1375,0.1375,0.0
FULL,WHIL,麦冬,0.1375,0.1375,0.0
FULL,WHIL,麦芽,0.0375,0.0375,0.0
FULL,WHIL,麻黄,0.1125,0.11249999999999999,1.3877787807814457e-17
FULL,WHIL,麻黄绒,0.0375,0.0375,0.0
FULL,WHIL,黄芩,0.6625,0.6625,0.0
FULL,WHIL,黄芪,0.0375,0.0375,0.0
FULL,WHIL,黄连,0.0375,0.0375,0.0
LOPO,PDOL,丹参,0.1363636363636363,0.1363636363636363,0.0
LOPO,PDOL,乌梅,0.0454545454545454,0.0454545454545454,0.0
LOPO,PDOL,五味子,0.2575757575757575,0.2575757575757575,0.0
LOPO,PDOL,五指毛桃,0.0454545454545454,0.0454545454545454,0.0
LOPO,PDOL,人参,0.0454545454545454,0.04545454545454541,6.938893903907228e-18
LOPO,PDOL,党参,0.1666666666666666,0.1666666666666666,0.0
LOPO,PDOL,全蝎,0.0454545454545454,0.0454545454545454,0.0
LOPO,PDOL,制陈皮,0.0454545454545454,0.0454545454545454,0.0
LOPO,PDOL,前胡,0.106060606060606,0.10606060606060601,1.3877787807814457e-17
LOPO,PDOL,化橘红,0.0454545454545454,0.0454545454545454,0.0
LOPO,PDOL,北沙参,0.0454545454545454,0.04545454545454541,6.938893903907228e-18
LOPO,PDOL,半夏,0.4393939393939394,0.43939393939393934,5.551115123125783e-17
LOPO,PDOL,厚朴,0.4393939393939394,0.4393939393939394,0.0
LOPO,PDOL,厚朴花,0.0454545454545454,0.0454545454545454,0.0
LOPO,PDOL,地龙,0.0757575757575757,0.0757575757575757,0.0
LOPO,PDOL,大枣,0.0757575757575757,0.0757575757575757,0.0
LOPO,PDOL,天花粉,0.0757575757575757,0.0757575757575757,0.0
LOPO,PDOL,太子参,0.0454545454545454,0.0454545454545454,0.0
LOPO,PDOL,射干,0.0454545454545454,0.0454545454545454,0.0
LOPO,PDOL,山楂,0.0454545454545454,0.0454545454545454,0.0
LOPO,PDOL,山药,0.106060606060606,0.106060606060606,0.0
LOPO,PDOL,岩白菜,0.0454545454545454,0.0454545454545454,0.0
LOPO,PDOL,川贝母,0.0454545454545454,0.0454545454545454,0.0
LOPO,PDOL,当归,0.1363636363636363,0.1363636363636363,0.0
LOPO,PDOL,旋覆花,0.0757575757575757,0.0757575757575757,0.0
LOPO,PDOL,杏仁,0.4090909090909091,0.40909090909090906,5.551115123125783e-17
LOPO,PDOL,枳壳,0.0757575757575757,0.0757575757575757,0.0
LOPO,PDOL,枳实,0.0757575757575757,0.0757575757575757,0.0
LOPO,PDOL,柏子仁,0.0454545454545454,0.0454545454545454,0.0
LOPO,PDOL,柴胡,0.0757575757575757,0.0757575757575757,0.0
LOPO,PDOL,桂枝,0.0454545454545454,0.0454545454545454,0.0
LOPO,PDOL,桃仁,0.0757575757575757,0.0757575757575757,0.0
LOPO,PDOL,桑白皮,0.0757575757575757,0.0757575757575757,0.0
LOPO,PDOL,桔梗,0.2878787878787879,0.2878787878787879,0.0
LOPO,PDOL,橘红,0.106060606060606,0.106060606060606,0.0
LOPO,PDOL,款冬花,0.1666666666666666,0.1666666666666666,0.0
LOPO,PDOL,法半夏,0.4393939393939394,0.4393939393939394,0.0
LOPO,PDOL,炙甘草,0.1969696969696969,0.1969696969696969,0.0
LOPO,PDOL,炙百部,0.0454545454545454,0.0454545454545454,0.0
LOPO,PDOL,炙麻黄,0.1969696969696969,0.1969696969696969,0.0
LOPO,PDOL,焦山楂,0.0454545454545454,0.0454545454545454,0.0
LOPO,PDOL,熟地黄,0.0454545454545454,0.0454545454545454,0.0
LOPO,PDOL,牛蒡子,0.0454545454545454,0.0454545454545454,0.0
LOPO,PDOL,牡蛎,0.0454545454545454,0.0454545454545454,0.0
LOPO,PDOL,瓜蒌,0.0757575757575757,0.0757575757575757,0.0
LOPO,PDOL,瓜蒌子,0.0454545454545454,0.0454545454545454,0.0
LOPO,PDOL,甘草,0.5,0.5,0.0
LOPO,PDOL,生姜,0.1969696969696969,0.1969696969696969,0.0
LOPO,PDOL,白前,0.1363636363636363,0.1363636363636363,0.0
LOPO,PDOL,白术,0.2575757575757575,0.2575757575757575,0.0
LOPO,PDOL,白果,0.0454545454545454,0.0454545454545454,0.0
LOPO,PDOL,白芍,0.1363636363636363,0.1363636363636363,0.0
LOPO,PDOL,白芥子,0.2878787878787879,0.2878787878787879,0.0
LOPO,PDOL,百部,0.0454545454545454,0.0454545454545454,0.0
LOPO,PDOL,砂仁,0.0757575757575757,0.0757575757575757,0.0
LOPO,PDOL,紫苏叶,0.0757575757575757,0.0757575757575757,0.0
LOPO,PDOL,紫苏子,0.5303030303030303,0.5303030303030303,0.0
LOPO,PDOL,紫菀,0.1363636363636363,0.1363636363636363,0.0
LOPO,PDOL,细辛,0.1666666666666666,0.1666666666666666,0.0
LOPO,PDOL,肉桂,0.0454545454545454,0.0454545454545454,0.0
LOPO,PDOL,芍药,0.0454545454545454,0.0454545454545454,0.0
LOPO,PDOL,芡实,0.0454545454545454,0.0454545454545454,0.0
LOPO,PDOL,苍术,0.1666666666666666,0.1666666666666666,0.0
LOPO,PDOL,苦杏仁,0.1666666666666666,0.1666666666666666,0.0
LOPO,PDOL,茯苓,0.7727272727272727,0.7727272727272727,0.0
LOPO,PDOL,荆芥,0.0454545454545454,0.0454545454545454,0.0
LOPO,PDOL,莱菔子,0.4393939393939394,0.4393939393939394,0.0
LOPO,PDOL,葶苈子,0.1666666666666666,0.1666666666666666,0.0
LOPO,PDOL,薏苡仁,0.1666666666666666,0.1666666666666666,0.0
LOPO,PDOL,薤白,0.0757575757575757,0.0757575757575757,0.0
LOPO,PDOL,蜜紫菀,0.106060606060606,0.106060606060606,0.0
LOPO,PDOL,蜜麻黄,0.0757575757575757,0.0757575757575757,0.0
LOPO,PDOL,补骨脂,0.0454545454545454,0.0454545454545454,0.0
LOPO,PDOL,赤芍,0.0757575757575757,0.0757575757575757,0.0
LOPO,PDOL,车前子,0.0454545454545454,0.0454545454545454,0.0
LOPO,PDOL,防风,0.106060606060606,0.106060606060606,0.0
LOPO,PDOL,附子,0.0454545454545454,0.0454545454545454,0.0
LOPO,PDOL,陈皮,0.7121212121212122,0.7121212121212122,0.0
LOPO,PDOL,香附,0.0454545454545454,0.0454545454545454,0.0
LOPO,PDOL,鱼腥草,0.0757575757575757,0.0757575757575757,0.0
LOPO,PDOL,麻黄,0.1666666666666666,0.1666666666666666,0.0
LOPO,PDOL,黄芩,0.1363636363636363,0.1363636363636363,0.0
LOPO,PDOL,黄芪,0.2272727272727272,0.2272727272727272,0.0
LOPO,PDOL,黑芝麻,0.0454545454545454,0.0454545454545454,0.0
LOPO,PDOL,龙骨,0.0454545454545454,0.0454545454545454,0.0
LOPO,PHOL,一枝蒿,0.0294117647058823,0.0294117647058823,0.0
LOPO,PHOL,丹参,0.1078431372549019,0.1078431372549019,0.0
LOPO,PHOL,五味子,0.088235294117647,0.088235294117647,0.0
LOPO,PHOL,仙鹤草,0.0490196078431372,0.0490196078431372,0.0
LOPO,PHOL,侧柏叶,0.0294117647058823,0.0294117647058823,0.0
LOPO,PHOL,党参,0.0686274509803921,0.0686274509803921,0.0
LOPO,PHOL,冬瓜子,0.2254901960784313,0.2254901960784313,0.0
LOPO,PHOL,冰片,0.0294117647058823,0.0294117647058823,0.0
LOPO,PHOL,前胡,0.1274509803921568,0.1274509803921568,0.0
LOPO,PHOL,化橘红,0.0686274509803921,0.0686274509803921,0.0
LOPO,PHOL,北沙参,0.0294117647058823,0.0294117647058823,0.0
LOPO,PHOL,半夏,0.0686274509803921,0.0686274509803921,0.0
LOPO,PHOL,南沙参,0.0294117647058823,0.0294117647058823,0.0
LOPO,PHOL,厚朴,0.1078431372549019,0.1078431372549019,0.0
LOPO,PHOL,合欢皮,0.0294117647058823,0.0294117647058823,0.0
LOPO,PHOL,地骨皮,0.0294117647058823,0.0294117647058823,0.0
LOPO,PHOL,地龙,0.0686274509803921,0.0686274509803921,0.0
LOPO,PHOL,大青叶,0.0294117647058823,0.0294117647058823,0.0
LOPO,PHOL,大黄,0.088235294117647,0.088235294117647,0.0
LOPO,PHOL,天竺黄,0.0490196078431372,0.0490196078431372,0.0
LOPO,PHOL,太子参,0.0294117647058823,0.029411764705882297,3.469446951953614e-18
LOPO,PHOL,射干,0.1078431372549019,0.10784313725490191,1.3877787807814457e-17
LOPO,PHOL,川芎,0.0490196078431372,0.0490196078431372,0.0
LOPO,PHOL,川贝母,0.1274509803921568,0.1274509803921568,0.0
LOPO,PHOL,广藿香,0.0294117647058823,0.0294117647058823,0.0
LOPO,PHOL,延胡索,0.0294117647058823,0.0294117647058823,0.0
LOPO,PHOL,当归,0.0490196078431372,0.0490196078431372,0.0
LOPO,PHOL,木蝴蝶,0.0294117647058823,0.0294117647058823,0.0
LOPO,PHOL,木通,0.0490196078431372,0.0490196078431372,0.0
LOPO,PHOL,杏仁,0.3431372549019608,0.3431372549019608,0.0
LOPO,PHOL,枳壳,0.0686274509803921,0.0686274509803921,0.0
LOPO,PHOL,枳实,0.1274509803921568,0.1274509803921568,0.0
LOPO,PHOL,柴胡,0.0294117647058823,0.0294117647058823,0.0
LOPO,PHOL,栀子,0.2254901960784313,0.2254901960784313,0.0
LOPO,PHOL,桃仁,0.2058823529411764,0.2058823529411764,0.0
LOPO,PHOL,桑叶,0.0490196078431372,0.0490196078431372,0.0
LOPO,PHOL,桑白皮,0.6568627450980392,0.6568627450980392,0.0
LOPO,PHOL,桔梗,0.5588235294117647,0.5588235294117647,0.0
LOPO,PHOL,橘红,0.1666666666666666,0.1666666666666666,0.0
LOPO,PHOL,款冬花,0.0686274509803921,0.0686274509803921,0.0
LOPO,PHOL,法半夏,0.3431372549019608,0.3431372549019608,0.0
LOPO,PHOL,海蛤壳,0.0490196078431372,0.0490196078431372,0.0
LOPO,PHOL,炙甘草,0.1862745098039215,0.1862745098039215,0.0
LOPO,PHOL,炙麻黄,0.1078431372549019,0.1078431372549019,0.0
LOPO,PHOL,焦山楂,0.0294117647058823,0.0294117647058823,0.0
LOPO,PHOL,牛蒡子,0.0294117647058823,0.0294117647058823,0.0
LOPO,PHOL,瓜蒌,0.3235294117647059,0.3235294117647059,0.0
LOPO,PHOL,瓜蒌子,0.1470588235294117,0.1470588235294117,0.0
LOPO,PHOL,瓜蒌皮,0.1274509803921568,0.1274509803921568,0.0
LOPO,PHOL,甘草,0.6764705882352942,0.6764705882352942,0.0
LOPO,PHOL,生地黄,0.0294117647058823,0.0294117647058823,0.0
LOPO,PHOL,生姜,0.0294117647058823,0.0294117647058823,0.0
LOPO,PHOL,生晒参,0.0294117647058823,0.0294117647058823,0.0
LOPO,PHOL,白前,0.0686274509803921,0.0686274509803921,0.0
LOPO,PHOL,白头翁,0.0294117647058823,0.029411764705882304,3.469446951953614e-18
LOPO,PHOL,白术,0.0490196078431372,0.0490196078431372,0.0
LOPO,PHOL,白果,0.0686274509803921,0.0686274509803921,0.0
LOPO,PHOL,白芥子,0.088235294117647,0.088235294117647,0.0
LOPO,PHOL,白茅根,0.0490196078431372,0.0490196078431372,0.0
LOPO,PHOL,百合,0.0294117647058823,0.0294117647058823,0.0
LOPO,PHOL,百部,0.0490196078431372,0.0490196078431372,0.0
LOPO,PHOL,知母,0.1862745098039215,0.1862745098039215,0.0
LOPO,PHOL,矮地茶,0.0294117647058823,0.029411764705882304,3.469446951953614e-18
LOPO,PHOL,石斛,0.0294117647058823,0.0294117647058823,0.0
LOPO,PHOL,石菖蒲,0.0490196078431372,0.04901960784313719,6.938893903907228e-18
LOPO,PHOL,穿山龙,0.0294117647058823,0.0294117647058823,0.0
LOPO,PHOL,紫花地丁,0.0294117647058823,0.0294117647058823,0.0
LOPO,PHOL,紫苏子,0.4215686274509804,0.4215686274509804,0.0
LOPO,PHOL,紫菀,0.0294117647058823,0.0294117647058823,0.0
LOPO,PHOL,芦根,0.1862745098039215,0.1862745098039215,0.0
LOPO,PHOL,芫花,0.0294117647058823,0.029411764705882297,3.469446951953614e-18
LOPO,PHOL,苍术,0.0490196078431372,0.0490196078431372,0.0
LOPO,PHOL,苦杏仁,0.3823529411764705,0.3823529411764705,0.0
LOPO,PHOL,茯苓,0.3431372549019608,0.3431372549019608,0.0
LOPO,PHOL,茵陈,0.0294117647058823,0.0294117647058823,0.0
LOPO,PHOL,莱菔子,0.088235294117647,0.088235294117647,0.0
LOPO,PHOL,菊花,0.0294117647058823,0.029411764705882297,3.469446951953614e-18
LOPO,PHOL,葶苈子,0.2647058823529412,0.2647058823529412,0.0
LOPO,PHOL,蒲公英,0.0294117647058823,0.0294117647058823,0.0
LOPO,PHOL,薄荷,0.0294117647058823,0.0294117647058823,0.0
LOPO,PHOL,薏苡仁,0.2450980392156862,0.2450980392156862,0.0
LOPO,PHOL,藿香,0.0294117647058823,0.0294117647058823,0.0
LOPO,PHOL,虎杖,0.0686274509803921,0.0686274509803921,0.0
LOPO,PHOL,蜜款冬花,0.0686274509803921,0.0686274509803921,0.0
LOPO,PHOL,蜜百部,0.0490196078431372,0.0490196078431372,0.0
LOPO,PHOL,蜜紫菀,0.088235294117647,0.088235294117647,0.0
LOPO,PHOL,蜜麻黄,0.1470588235294117,0.1470588235294117,0.0
LOPO,PHOL,蝉蜕,0.0686274509803921,0.0686274509803921,0.0
LOPO,PHOL,豆蔻,0.0294117647058823,0.0294117647058823,0.0
LOPO,PHOL,败酱草,0.0490196078431372,0.0490196078431372,0.0
LOPO,PHOL,赤芍,0.0294117647058823,0.0294117647058823,0.0
LOPO,PHOL,车前子,0.0294117647058823,0.0294117647058823,0.0
LOPO,PHOL,连翘,0.088235294117647,0.088235294117647,0.0
LOPO,PHOL,通草,0.0294117647058823,0.0294117647058823,0.0
LOPO,PHOL,金荞麦,0.1274509803921568,0.1274509803921568,0.0
LOPO,PHOL,金银花,0.1078431372549019,0.10784313725490188,1.3877787807814457e-17
LOPO,PHOL,银杏叶,0.0294117647058823,0.029411764705882304,3.469446951953614e-18
LOPO,PHOL,陈皮,0.1862745098039215,0.1862745098039215,0.0
LOPO,PHOL,青葙子,0.0294117647058823,0.0294117647058823,0.0
LOPO,PHOL,青蒿,0.0294117647058823,0.029411764705882304,3.469446951953614e-18
LOPO,PHOL,马鞭草,0.0294117647058823,0.0294117647058823,0.0
LOPO,PHOL,鱼腥草,0.3235294117647059,0.3235294117647059,0.0
LOPO,PHOL,麦冬,0.1862745098039215,0.1862745098039215,0.0
LOPO,PHOL,麻黄,0.2450980392156862,0.2450980392156862,0.0
LOPO,PHOL,黄芩,0.7941176470588235,0.7941176470588235,0.0
LOPO,PHOL,黄芪,0.1078431372549019,0.10784313725490188,1.3877787807814457e-17
LOPO,PHOL,黄连,0.088235294117647,0.088235294117647,0.0
LOPO,WHIL,丹参,0.0535714285714285,0.053571428571428506,6.938893903907228e-18
LOPO,WHIL,党参,0.0535714285714285,0.0535714285714285,0.0
LOPO,WHIL,前胡,0.125,0.125,0.0
LOPO,WHIL,北沙参,0.0892857142857142,0.0892857142857142,0.0
LOPO,WHIL,半夏,0.0535714285714285,0.053571428571428506,6.938893903907228e-18
LOPO,WHIL,南沙参,0.0535714285714285,0.0535714285714285,0.0
LOPO,WHIL,地龙,0.0535714285714285,0.05357142857142849,6.938893903907228e-18
LOPO,WHIL,夏枯草,0.0535714285714285,0.0535714285714285,0.0
LOPO,WHIL,大枣,0.0535714285714285,0.0535714285714285,0.0
LOPO,WHIL,大黄,0.0535714285714285,0.0535714285714285,0.0
LOPO,WHIL,天竺黄,0.0535714285714285,0.0535714285714285,0.0
LOPO,WHIL,天花粉,0.125,0.12499999999999999,1.3877787807814457e-17
LOPO,WHIL,姜黄,0.0535714285714285,0.0535714285714285,0.0
LOPO,WHIL,射干,0.2678571428571428,0.2678571428571428,0.0
LOPO,WHIL,川芎,0.0892857142857142,0.0892857142857142,0.0
LOPO,WHIL,川贝母,0.0535714285714285,0.0535714285714285,0.0
LOPO,WHIL,木蝴蝶,0.1964285714285714,0.19642857142857142,2.7755575615628914e-17
LOPO,WHIL,杏仁,0.1607142857142857,0.1607142857142857,0.0
LOPO,WHIL,板蓝根,0.1964285714285714,0.1964285714285714,0.0
LOPO,WHIL,枳壳,0.1607142857142857,0.1607142857142857,0.0
LOPO,WHIL,枳实,0.0892857142857142,0.08928571428571419,1.3877787807814457e-17
LOPO,WHIL,柴胡,0.2321428571428571,0.2321428571428571,0.0
LOPO,WHIL,栀子,0.1607142857142857,0.1607142857142857,0.0
LOPO,WHIL,桑叶,0.2678571428571428,0.2678571428571428,0.0
LOPO,WHIL,桑白皮,0.2321428571428571,0.2321428571428571,0.0
LOPO,WHIL,桔梗,0.7321428571428571,0.7321428571428571,0.0
LOPO,WHIL,款冬花,0.1607142857142857,0.1607142857142857,0.0
LOPO,WHIL,沙参,0.0535714285714285,0.0535714285714285,0.0
LOPO,WHIL,法半夏,0.0535714285714285,0.053571428571428506,6.938893903907228e-18
LOPO,WHIL,淡豆豉,0.1607142857142857,0.1607142857142857,0.0
LOPO,WHIL,火麻仁,0.0535714285714285,0.053571428571428506,6.938893903907228e-18
LOPO,WHIL,炙甘草,0.125,0.125,0.0
LOPO,WHIL,炙百部,0.0535714285714285,0.0535714285714285,0.0
LOPO,WHIL,焦山楂,0.0535714285714285,0.053571428571428506,6.938893903907228e-18
LOPO,WHIL,牛蒡子,0.2678571428571428,0.2678571428571428,0.0
LOPO,WHIL,牡丹皮,0.0535714285714285,0.0535714285714285,0.0
LOPO,WHIL,玄参,0.3392857142857143,0.3392857142857143,0.0
LOPO,WHIL,瓜蒌,0.125,0.12499999999999999,1.3877787807814457e-17
LOPO,WHIL,瓜蒌皮,0.0535714285714285,0.05357142857142849,6.938893903907228e-18
LOPO,WHIL,甘草,0.625,0.625,0.0
LOPO,WHIL,生地黄,0.0892857142857142,0.0892857142857142,0.0
LOPO,WHIL,生姜,0.0535714285714285,0.0535714285714285,0.0
LOPO,WHIL,白前,0.0892857142857142,0.0892857142857142,0.0
LOPO,WHIL,白术,0.0892857142857142,0.0892857142857142,0.0
LOPO,WHIL,白芷,0.0892857142857142,0.0892857142857142,0.0
LOPO,WHIL,白茅根,0.0535714285714285,0.0535714285714285,0.0
LOPO,WHIL,百合,0.0892857142857142,0.0892857142857142,0.0
LOPO,WHIL,百部,0.0892857142857142,0.0892857142857142,0.0
LOPO,WHIL,皂角刺,0.125,0.125,0.0
LOPO,WHIL,知母,0.0892857142857142,0.08928571428571422,1.3877787807814457e-17
LOPO,WHIL,紫花地丁,0.0535714285714285,0.053571428571428506,6.938893903907228e-18
LOPO,WHIL,紫苏子,0.0535714285714285,0.0535714285714285,0.0
LOPO,WHIL,紫菀,0.1607142857142857,0.1607142857142857,0.0
LOPO,WHIL,红花,0.0535714285714285,0.0535714285714285,0.0
LOPO,WHIL,细辛,0.0535714285714285,0.0535714285714285,0.0
LOPO,WHIL,芦根,0.1607142857142857,0.1607142857142857,0.0
LOPO,WHIL,苦杏仁,0.125,0.125,0.0
LOPO,WHIL,茯苓,0.125,0.125,0.0
LOPO,WHIL,荆芥,0.1607142857142857,0.1607142857142857,0.0
LOPO,WHIL,莱菔子,0.0892857142857142,0.0892857142857142,0.0
LOPO,WHIL,菊花,0.1607142857142857,0.16071428571428573,2.7755575615628914e-17
LOPO,WHIL,葛根,0.0535714285714285,0.0535714285714285,0.0
LOPO,WHIL,蒲公英,0.0892857142857142,0.0892857142857142,0.0
LOPO,WHIL,薄荷,0.1964285714285714,0.1964285714285714,0.0
LOPO,WHIL,薏苡仁,0.0535714285714285,0.0535714285714285,0.0
LOPO,WHIL,藏青果,0.0535714285714285,0.0535714285714285,0.0
LOPO,WHIL,蜜款冬花,0.0535714285714285,0.05357142857142849,6.938893903907228e-18
LOPO,WHIL,蜜紫菀,0.0892857142857142,0.0892857142857142,0.0
LOPO,WHIL,蝉蜕,0.3035714285714285,0.3035714285714285,0.0
LOPO,WHIL,诃子,0.0892857142857142,0.0892857142857142,0.0
LOPO,WHIL,贯众,0.0535714285714285,0.0535714285714285,0.0
LOPO,WHIL,赤芍,0.2678571428571428,0.2678571428571428,0.0
LOPO,WHIL,辛夷,0.0535714285714285,0.0535714285714285,0.0
LOPO,WHIL,连翘,0.625,0.625,0.0
LOPO,WHIL,野菊花,0.0892857142857142,0.0892857142857142,0.0
LOPO,WHIL,金荞麦,0.0535714285714285,0.0535714285714285,0.0
LOPO,WHIL,金银花,0.5178571428571429,0.5178571428571429,0.0
LOPO,WHIL,防风,0.1607142857142857,0.1607142857142857,0.0
LOPO,WHIL,陈皮,0.125,0.125,0.0
LOPO,WHIL,青果,0.0535714285714285,0.0535714285714285,0.0
LOPO,WHIL,青蒿,0.0535714285714285,0.05357142857142849,6.938893903907228e-18
LOPO,WHIL,鱼腥草,0.1607142857142857,0.1607142857142857,0.0
LOPO,WHIL,麦冬,0.1964285714285714,0.1964285714285714,0.0
LOPO,WHIL,麻黄,0.0535714285714285,0.0535714285714285,0.0
LOPO,WHIL,麻黄绒,0.0535714285714285,0.0535714285714285,0.0
LOPO,WHIL,黄芩,0.6607142857142857,0.6607142857142857,0.0
LOPO,WHIL,黄连,0.0535714285714285,0.0535714285714285,0.0
