representation,syndrome_code,canonical_name,target_mapping_name,mapping_method,primary_weight_W,article_support_m,mapped_to_target_db
FULL,PHOL,一枝蒿,一枝蒿,exact_or_verified_alias,0.0197368421052631,1,1
FULL,PDOL,丹参,丹参,exact_or_verified_alias,0.1071428571428571,4,1
FULL,PHOL,丹参,丹参,exact_or_verified_alias,0.0723684210526315,5,1
FULL,WHIL,丹参,丹参,exact_or_verified_alias,0.0375,1,1
FULL,PDOL,乌梅,乌梅,exact_or_verified_alias,0.0357142857142857,1,1
FULL,PDOL,五味子,五味子,exact_or_verified_alias,0.2738095238095238,11,1
FULL,PHOL,五味子,五味子,exact_or_verified_alias,0.0592105263157894,4,1
FULL,PDOL,五指毛桃,五指毛桃,exact_or_verified_alias,0.0357142857142857,1,1
FULL,PDOL,人参,人参,exact_or_verified_alias,0.0357142857142857,1,1
FULL,PHOL,仙鹤草,仙鹤草,exact_or_verified_alias,0.0328947368421052,2,1
FULL,WHIL,佩兰,佩兰,exact_or_verified_alias,0.0375,1,1
FULL,PHOL,侧柏叶,侧柏叶,exact_or_verified_alias,0.0197368421052631,1,1
FULL,PDOL,僵蚕,,unmapped,0.0595238095238095,2,0
FULL,PHOL,僵蚕,,unmapped,0.0197368421052631,1,0
FULL,WHIL,僵蚕,,unmapped,0.2625,10,0
FULL,PDOL,党参,党参,exact_or_verified_alias,0.2261904761904762,9,1
FULL,PHOL,党参,党参,exact_or_verified_alias,0.0460526315789473,3,1
FULL,WHIL,党参,党参,exact_or_verified_alias,0.0375,1,1
FULL,PDOL,全蝎,全蝎,exact_or_verified_alias,0.0357142857142857,1,1
FULL,PHOL,冬瓜子,冬瓜子,exact_or_verified_alias,0.1776315789473684,13,1
FULL,PHOL,冰片,冰片,exact_or_verified_alias,0.0197368421052631,1,1
FULL,PHOL,制半夏,制半夏,exact_or_verified_alias,0.0197368421052631,1,1
FULL,PDOL,制陈皮,陈皮,processed_form_to_parent,0.0357142857142857,1,1
FULL,PDOL,前胡,前胡,exact_or_verified_alias,0.1071428571428571,4,1
FULL,PHOL,前胡,前胡,exact_or_verified_alias,0.1118421052631579,8,1
FULL,WHIL,前胡,前胡,exact_or_verified_alias,0.1125,4,1
FULL,PDOL,化橘红,化橘红,exact_or_verified_alias,0.0357142857142857,1,1
FULL,PHOL,化橘红,化橘红,exact_or_verified_alias,0.0460526315789473,3,1
FULL,PDOL,北沙参,北沙参,exact_or_verified_alias,0.0357142857142857,1,1
FULL,PHOL,北沙参,北沙参,exact_or_verified_alias,0.0197368421052631,1,1
FULL,WHIL,北沙参,北沙参,exact_or_verified_alias,0.0625,2,1
FULL,PDOL,半夏,半夏,exact_or_verified_alias,0.4404761904761904,18,1
FULL,PHOL,半夏,半夏,exact_or_verified_alias,0.0723684210526315,5,1
FULL,WHIL,半夏,半夏,exact_or_verified_alias,0.0375,1,1
FULL,PHOL,半枝莲,半枝莲,exact_or_verified_alias,0.0197368421052631,1,1
FULL,PHOL,南沙参,南沙参,exact_or_verified_alias,0.0328947368421052,2,1
FULL,WHIL,南沙参,南沙参,exact_or_verified_alias,0.0375,1,1
FULL,PDOL,厚朴,厚朴,exact_or_verified_alias,0.3928571428571428,16,1
FULL,PHOL,厚朴,厚朴,exact_or_verified_alias,0.0723684210526315,5,1
FULL,WHIL,厚朴,厚朴,exact_or_verified_alias,0.0375,1,1
FULL,PDOL,厚朴花,厚朴花,exact_or_verified_alias,0.0357142857142857,1,1
FULL,PHOL,合欢皮,合欢皮,exact_or_verified_alias,0.0197368421052631,1,1
FULL,PHOL,地骨皮,地骨皮,exact_or_verified_alias,0.0328947368421052,2,1
FULL,PDOL,地龙,地龙,exact_or_verified_alias,0.0595238095238095,2,1
FULL,PHOL,地龙,地龙,exact_or_verified_alias,0.0592105263157894,4,1
FULL,WHIL,地龙,地龙,exact_or_verified_alias,0.0625,2,1
FULL,WHIL,夏枯草,夏枯草,exact_or_verified_alias,0.0375,1,1
FULL,PDOL,大枣,大枣,exact_or_verified_alias,0.0595238095238095,2,1
FULL,WHIL,大枣,大枣,exact_or_verified_alias,0.0625,2,1
FULL,PHOL,大青叶,大青叶,exact_or_verified_alias,0.0197368421052631,1,1
FULL,WHIL,大青叶,大青叶,exact_or_verified_alias,0.0375,1,1
FULL,PHOL,大黄,大黄,exact_or_verified_alias,0.125,9,1
FULL,WHIL,大黄,大黄,exact_or_verified_alias,0.0375,1,1
FULL,PHOL,天竺黄,天竺黄,exact_or_verified_alias,0.0592105263157894,4,1
FULL,WHIL,天竺黄,天竺黄,exact_or_verified_alias,0.0375,1,1
FULL,PDOL,天花粉,天花粉,exact_or_verified_alias,0.0595238095238095,2,1
FULL,PHOL,天花粉,天花粉,exact_or_verified_alias,0.0328947368421052,2,1
FULL,WHIL,天花粉,天花粉,exact_or_verified_alias,0.0875,3,1
FULL,PDOL,太子参,太子参,exact_or_verified_alias,0.0357142857142857,1,1
FULL,PHOL,太子参,太子参,exact_or_verified_alias,0.0328947368421052,2,1
FULL,WHIL,太子参,太子参,exact_or_verified_alias,0.0375,1,1
FULL,WHIL,姜黄,姜黄,exact_or_verified_alias,0.0375,1,1
FULL,PDOL,射干,射干,exact_or_verified_alias,0.0357142857142857,1,1
FULL,PHOL,射干,射干,exact_or_verified_alias,0.0986842105263157,7,1
FULL,WHIL,射干,射干,exact_or_verified_alias,0.2875,11,1
FULL,PDOL,山楂,山楂,exact_or_verified_alias,0.0357142857142857,1,1
FULL,PHOL,山楂,山楂,exact_or_verified_alias,0.0197368421052631,1,1
FULL,WHIL,山楂,山楂,exact_or_verified_alias,0.0375,1,1
FULL,PDOL,山药,山药,exact_or_verified_alias,0.0833333333333333,3,1
FULL,WHIL,山药,山药,exact_or_verified_alias,0.0375,1,1
FULL,PDOL,岩白菜,岩白菜,exact_or_verified_alias,0.0357142857142857,1,1
FULL,PHOL,川芎,川芎,exact_or_verified_alias,0.0460526315789473,3,1
FULL,WHIL,川芎,川芎,exact_or_verified_alias,0.0625,2,1
FULL,PDOL,川贝母,川贝母,exact_or_verified_alias,0.0357142857142857,1,1
FULL,PHOL,川贝母,川贝母,exact_or_verified_alias,0.1381578947368421,10,1
FULL,WHIL,川贝母,川贝母,exact_or_verified_alias,0.0875,3,1
FULL,PDOL,干姜,,unmapped,0.1785714285714285,7,0
FULL,PHOL,广藿香,广藿香,exact_or_verified_alias,0.0197368421052631,1,1
FULL,PHOL,延胡索,延胡索,exact_or_verified_alias,0.0197368421052631,1,1
FULL,PDOL,当归,当归,exact_or_verified_alias,0.1309523809523809,5,1
FULL,PHOL,当归,当归,exact_or_verified_alias,0.0592105263157894,4,1
FULL,PDOL,旋覆花,旋覆花,exact_or_verified_alias,0.0595238095238095,2,1
FULL,PHOL,木蝴蝶,木蝴蝶,exact_or_verified_alias,0.0197368421052631,1,1
FULL,WHIL,木蝴蝶,木蝴蝶,exact_or_verified_alias,0.1375,5,1
FULL,PHOL,木通,木通,exact_or_verified_alias,0.0328947368421052,2,1
FULL,PDOL,杏仁,杏仁,exact_or_verified_alias,0.4166666666666667,17,1
FULL,PHOL,杏仁,杏仁,exact_or_verified_alias,0.375,28,1
FULL,WHIL,杏仁,杏仁,exact_or_verified_alias,0.2375,9,1
FULL,WHIL,板蓝根,板蓝根,exact_or_verified_alias,0.1625,6,1
FULL,PHOL,枇杷叶,,unmapped,0.1381578947368421,10,0
FULL,WHIL,枇杷叶,,unmapped,0.1875,7,0
FULL,PDOL,枳壳,枳壳,exact_or_verified_alias,0.0595238095238095,2,1
FULL,PHOL,枳壳,枳壳,exact_or_verified_alias,0.0855263157894736,6,1
FULL,WHIL,枳壳,枳壳,exact_or_verified_alias,0.1375,5,1
FULL,PDOL,枳实,枳实,exact_or_verified_alias,0.0595238095238095,2,1
FULL,PHOL,枳实,枳实,exact_or_verified_alias,0.125,9,1
FULL,WHIL,枳实,枳实,exact_or_verified_alias,0.1125,4,1
FULL,PDOL,柏子仁,柏子仁,exact_or_verified_alias,0.0357142857142857,1,1
FULL,PDOL,柴胡,柴胡,exact_or_verified_alias,0.0595238095238095,2,1
FULL,PHOL,柴胡,柴胡,exact_or_verified_alias,0.0197368421052631,1,1
FULL,WHIL,柴胡,柴胡,exact_or_verified_alias,0.2625,10,1
FULL,PHOL,栀子,栀子,exact_or_verified_alias,0.2171052631578947,16,1
FULL,WHIL,栀子,栀子,exact_or_verified_alias,0.1875,7,1
FULL,PDOL,桂枝,桂枝,exact_or_verified_alias,0.0595238095238095,2,1
FULL,PDOL,桃仁,桃仁,exact_or_verified_alias,0.0833333333333333,3,1
FULL,PHOL,桃仁,桃仁,exact_or_verified_alias,0.1776315789473684,13,1
FULL,PHOL,桑叶,桑叶,exact_or_verified_alias,0.0328947368421052,2,1
FULL,WHIL,桑叶,桑叶,exact_or_verified_alias,0.2625,10,1
FULL,PDOL,桑白皮,桑白皮,exact_or_verified_alias,0.1071428571428571,4,1
FULL,PHOL,桑白皮,桑白皮,exact_or_verified_alias,0.5723684210526315,43,1
FULL,WHIL,桑白皮,桑白皮,exact_or_verified_alias,0.2375,9,1
FULL,PDOL,桔梗,桔梗,exact_or_verified_alias,0.2976190476190476,12,1
FULL,PHOL,桔梗,桔梗,exact_or_verified_alias,0.5460526315789473,41,1
FULL,WHIL,桔梗,桔梗,exact_or_verified_alias,0.6375,25,1
FULL,WHIL,梨皮,,unmapped,0.0375,1,0
FULL,PDOL,橘红,橘红,exact_or_verified_alias,0.1071428571428571,4,1
FULL,PHOL,橘红,橘红,exact_or_verified_alias,0.1381578947368421,10,1
FULL,PDOL,款冬花,款冬花,exact_or_verified_alias,0.1547619047619047,6,1
FULL,PHOL,款冬花,款冬花,exact_or_verified_alias,0.0592105263157894,4,1
FULL,WHIL,款冬花,款冬花,exact_or_verified_alias,0.1125,4,1
FULL,PHOL,水牛角,水牛角,exact_or_verified_alias,0.0197368421052631,1,1
FULL,PHOL,沙参,沙参,exact_or_verified_alias,0.0197368421052631,1,1
FULL,WHIL,沙参,沙参,exact_or_verified_alias,0.0375,1,1
FULL,PDOL,法半夏,法半夏,exact_or_verified_alias,0.4642857142857143,19,1
FULL,PHOL,法半夏,法半夏,exact_or_verified_alias,0.3092105263157895,23,1
FULL,WHIL,法半夏,法半夏,exact_or_verified_alias,0.1875,7,1
FULL,PDOL,浙贝母,,unmapped,0.1547619047619047,6,0
FULL,PHOL,浙贝母,,unmapped,0.4934210526315789,37,0
FULL,WHIL,浙贝母,,unmapped,0.3875,15,0
FULL,PDOL,浮小麦,,unmapped,0.0357142857142857,1,0
FULL,WHIL,海浮石,,unmapped,0.0625,2,0
FULL,PHOL,海蛤壳,海蛤壳,exact_or_verified_alias,0.0328947368421052,2,1
FULL,WHIL,淡豆豉,淡豆豉,exact_or_verified_alias,0.1125,4,1
FULL,PDOL,淫羊藿,淫羊藿,exact_or_verified_alias,0.0595238095238095,2,1
FULL,PHOL,滑石,,unmapped,0.0197368421052631,1,0
FULL,WHIL,火麻仁,火麻仁,exact_or_verified_alias,0.0375,1,1
FULL,PDOL,炙甘草,炙甘草,exact_or_verified_alias,0.2261904761904762,9,1
FULL,PHOL,炙甘草,炙甘草,exact_or_verified_alias,0.1644736842105263,12,1
FULL,WHIL,炙甘草,炙甘草,exact_or_verified_alias,0.1125,4,1
FULL,PDOL,炙百部,百部,processed_form_to_parent,0.0357142857142857,1,1
FULL,WHIL,炙百部,百部,processed_form_to_parent,0.0375,1,1
FULL,PDOL,炙麻黄,炙麻黄,exact_or_verified_alias,0.1547619047619047,6,1
FULL,PHOL,炙麻黄,炙麻黄,exact_or_verified_alias,0.125,9,1
FULL,PHOL,焦六神曲,,unmapped,0.0197368421052631,1,0
FULL,PDOL,焦山楂,山楂,processed_form_to_parent,0.0357142857142857,1,1
FULL,PHOL,焦山楂,山楂,processed_form_to_parent,0.0328947368421052,2,1
FULL,WHIL,焦山楂,山楂,processed_form_to_parent,0.0375,1,1
FULL,PDOL,焦槟榔,焦槟榔,exact_or_verified_alias,0.0357142857142857,1,1
FULL,PDOL,熟地黄,熟地黄,exact_or_verified_alias,0.0357142857142857,1,1
FULL,PHOL,熟地黄,熟地黄,exact_or_verified_alias,0.0197368421052631,1,1
FULL,PDOL,牛蒡子,牛蒡子,exact_or_verified_alias,0.0595238095238095,2,1
FULL,PHOL,牛蒡子,牛蒡子,exact_or_verified_alias,0.0328947368421052,2,1
FULL,WHIL,牛蒡子,牛蒡子,exact_or_verified_alias,0.2625,10,1
FULL,PHOL,牡丹皮,牡丹皮,exact_or_verified_alias,0.0197368421052631,1,1
FULL,WHIL,牡丹皮,牡丹皮,exact_or_verified_alias,0.0375,1,1
FULL,PDOL,牡蛎,牡蛎,exact_or_verified_alias,0.0595238095238095,2,1
FULL,PHOL,玄参,玄参,exact_or_verified_alias,0.0328947368421052,2,1
FULL,WHIL,玄参,玄参,exact_or_verified_alias,0.2625,10,1
FULL,PDOL,瓜蒌,瓜蒌,exact_or_verified_alias,0.0595238095238095,2,1
FULL,PHOL,瓜蒌,瓜蒌,exact_or_verified_alias,0.3355263157894737,25,1
FULL,WHIL,瓜蒌,瓜蒌,exact_or_verified_alias,0.0875,3,1
FULL,PDOL,瓜蒌子,瓜蒌子,exact_or_verified_alias,0.0595238095238095,2,1
FULL,PHOL,瓜蒌子,瓜蒌子,exact_or_verified_alias,0.1513157894736842,11,1
FULL,WHIL,瓜蒌子,瓜蒌子,exact_or_verified_alias,0.0625,2,1
FULL,PHOL,瓜蒌皮,瓜蒌皮,exact_or_verified_alias,0.125,9,1
FULL,WHIL,瓜蒌皮,瓜蒌皮,exact_or_verified_alias,0.0375,1,1
FULL,PDOL,甘草,甘草,exact_or_verified_alias,0.5119047619047619,21,1
FULL,PHOL,甘草,甘草,exact_or_verified_alias,0.6907894736842105,52,1
FULL,WHIL,甘草,甘草,exact_or_verified_alias,0.6875,27,1
FULL,PHOL,生地黄,生地黄,exact_or_verified_alias,0.0197368421052631,1,1
FULL,WHIL,生地黄,生地黄,exact_or_verified_alias,0.0625,2,1
FULL,PDOL,生姜,生姜,exact_or_verified_alias,0.1547619047619047,6,1
FULL,PHOL,生姜,生姜,exact_or_verified_alias,0.0197368421052631,1,1
FULL,WHIL,生姜,生姜,exact_or_verified_alias,0.0625,2,1
FULL,PHOL,生晒参,生晒参,exact_or_verified_alias,0.0328947368421052,2,1
FULL,PDOL,白前,白前,exact_or_verified_alias,0.1071428571428571,4,1
FULL,PHOL,白前,白前,exact_or_verified_alias,0.0855263157894736,6,1
FULL,WHIL,白前,白前,exact_or_verified_alias,0.0875,3,1
FULL,PHOL,白及,,unmapped,0.0197368421052631,1,0
FULL,PHOL,白头翁,白头翁,exact_or_verified_alias,0.0197368421052631,1,1
FULL,PDOL,白术,白术,exact_or_verified_alias,0.2976190476190476,12,1
FULL,PHOL,白术,白术,exact_or_verified_alias,0.0592105263157894,4,1
FULL,WHIL,白术,白术,exact_or_verified_alias,0.0875,3,1
FULL,PDOL,白果,白果,exact_or_verified_alias,0.0357142857142857,1,1
FULL,PHOL,白果,白果,exact_or_verified_alias,0.0592105263157894,4,1
FULL,WHIL,白果,白果,exact_or_verified_alias,0.0375,1,1
FULL,PDOL,白芍,白芍,exact_or_verified_alias,0.1309523809523809,5,1
FULL,PHOL,白芍,白芍,exact_or_verified_alias,0.0197368421052631,1,1
FULL,PDOL,白芥子,白芥子,exact_or_verified_alias,0.25,10,1
FULL,PHOL,白芥子,白芥子,exact_or_verified_alias,0.0592105263157894,4,1
FULL,PHOL,白芷,白芷,exact_or_verified_alias,0.0197368421052631,1,1
FULL,WHIL,白芷,白芷,exact_or_verified_alias,0.0875,3,1
FULL,PHOL,白茅根,白茅根,exact_or_verified_alias,0.0328947368421052,2,1
FULL,WHIL,白茅根,白茅根,exact_or_verified_alias,0.0375,1,1
FULL,PHOL,百合,百合,exact_or_verified_alias,0.0197368421052631,1,1
FULL,WHIL,百合,百合,exact_or_verified_alias,0.0625,2,1
FULL,PDOL,百部,百部,exact_or_verified_alias,0.0357142857142857,1,1
FULL,PHOL,百部,百部,exact_or_verified_alias,0.0592105263157894,4,1
FULL,WHIL,百部,百部,exact_or_verified_alias,0.0625,2,1
FULL,PHOL,皂角刺,皂角刺,exact_or_verified_alias,0.0197368421052631,1,1
FULL,WHIL,皂角刺,皂角刺,exact_or_verified_alias,0.0875,3,1
FULL,PHOL,知母,知母,exact_or_verified_alias,0.1776315789473684,13,1
FULL,WHIL,知母,知母,exact_or_verified_alias,0.1125,4,1
FULL,PHOL,矮地茶,矮地茶,exact_or_verified_alias,0.0197368421052631,1,1
FULL,PHOL,石斛,石斛,exact_or_verified_alias,0.0328947368421052,2,1
FULL,PDOL,石膏,,unmapped,0.0357142857142857,1,0
FULL,PHOL,石膏,,unmapped,0.3355263157894737,25,0
FULL,WHIL,石膏,,unmapped,0.3125,12,0
FULL,PHOL,石菖蒲,石菖蒲,exact_or_verified_alias,0.0328947368421052,2,1
FULL,PDOL,砂仁,砂仁,exact_or_verified_alias,0.0595238095238095,2,1
FULL,PDOL,神曲,,unmapped,0.0357142857142857,1,0
FULL,PHOL,神曲,,unmapped,0.0460526315789473,3,0
FULL,WHIL,神曲,,unmapped,0.0625,2,0
FULL,PHOL,穿山龙,穿山龙,exact_or_verified_alias,0.0197368421052631,1,1
FULL,PHOL,竹沥,,unmapped,0.0460526315789473,3,0
FULL,PDOL,竹茹,,unmapped,0.0357142857142857,1,0
FULL,PHOL,竹茹,,unmapped,0.0460526315789473,3,0
FULL,WHIL,竹茹,,unmapped,0.0375,1,0
FULL,PHOL,紫花地丁,紫花地丁,exact_or_verified_alias,0.0197368421052631,1,1
FULL,WHIL,紫花地丁,紫花地丁,exact_or_verified_alias,0.0375,1,1
FULL,PDOL,紫苏,,unmapped,0.0357142857142857,1,0
FULL,WHIL,紫苏,,unmapped,0.0375,1,0
FULL,PDOL,紫苏叶,紫苏叶,exact_or_verified_alias,0.0595238095238095,2,1
FULL,WHIL,紫苏叶,紫苏叶,exact_or_verified_alias,0.0625,2,1
FULL,PDOL,紫苏子,紫苏子,exact_or_verified_alias,0.5357142857142857,22,1
FULL,PHOL,紫苏子,紫苏子,exact_or_verified_alias,0.3486842105263157,26,1
FULL,WHIL,紫苏子,紫苏子,exact_or_verified_alias,0.0375,1,1
FULL,PDOL,紫菀,紫菀,exact_or_verified_alias,0.1071428571428571,4,1
FULL,PHOL,紫菀,紫菀,exact_or_verified_alias,0.0328947368421052,2,1
FULL,WHIL,紫菀,紫菀,exact_or_verified_alias,0.1125,4,1
FULL,PDOL,红景天,红景天,exact_or_verified_alias,0.0595238095238095,2,1
FULL,WHIL,红花,红花,exact_or_verified_alias,0.0375,1,1
FULL,PHOL,红藤,红藤,exact_or_verified_alias,0.0197368421052631,1,1
FULL,PDOL,细辛,细辛,exact_or_verified_alias,0.1785714285714285,7,1
FULL,WHIL,细辛,细辛,exact_or_verified_alias,0.0375,1,1
FULL,PDOL,肉桂,肉桂,exact_or_verified_alias,0.0357142857142857,1,1
FULL,PDOL,胆南星,,unmapped,0.0833333333333333,3,0
FULL,PHOL,胆南星,,unmapped,0.1118421052631579,8,0
FULL,PDOL,芍药,芍药,exact_or_verified_alias,0.0357142857142857,1,1
FULL,PHOL,芒硝,,unmapped,0.0328947368421052,2,0
FULL,PDOL,芡实,芡实,exact_or_verified_alias,0.0357142857142857,1,1
FULL,PHOL,芦根,芦根,exact_or_verified_alias,0.1644736842105263,12,1
FULL,WHIL,芦根,芦根,exact_or_verified_alias,0.2125,8,1
FULL,PHOL,芫花,芫花,exact_or_verified_alias,0.0197368421052631,1,1
FULL,PHOL,苇茎,,unmapped,0.0328947368421052,2,0
FULL,PDOL,苍术,苍术,exact_or_verified_alias,0.1309523809523809,5,1
FULL,PHOL,苍术,苍术,exact_or_verified_alias,0.0460526315789473,3,1
FULL,WHIL,苍耳子,苍耳子,exact_or_verified_alias,0.0375,1,1
FULL,PDOL,苦杏仁,苦杏仁,exact_or_verified_alias,0.1785714285714285,7,1
FULL,PHOL,苦杏仁,苦杏仁,exact_or_verified_alias,0.375,28,1
FULL,WHIL,苦杏仁,苦杏仁,exact_or_verified_alias,0.2125,8,1
FULL,PDOL,茯苓,茯苓,exact_or_verified_alias,0.7976190476190477,33,1
FULL,PHOL,茯苓,茯苓,exact_or_verified_alias,0.375,28,1
FULL,WHIL,茯苓,茯苓,exact_or_verified_alias,0.1375,5,1
FULL,PHOL,茵陈,茵陈,exact_or_verified_alias,0.0197368421052631,1,1
FULL,PDOL,荆芥,荆芥,exact_or_verified_alias,0.0357142857142857,1,1
FULL,PHOL,荆芥,荆芥,exact_or_verified_alias,0.0197368421052631,1,1
FULL,WHIL,荆芥,荆芥,exact_or_verified_alias,0.1625,6,1
FULL,PDOL,莱菔子,莱菔子,exact_or_verified_alias,0.3928571428571428,16,1
FULL,PHOL,莱菔子,莱菔子,exact_or_verified_alias,0.0592105263157894,4,1
FULL,WHIL,莱菔子,莱菔子,exact_or_verified_alias,0.1375,5,1
FULL,PHOL,菊花,菊花,exact_or_verified_alias,0.0197368421052631,1,1
FULL,WHIL,菊花,菊花,exact_or_verified_alias,0.1875,7,1
FULL,WHIL,葛根,葛根,exact_or_verified_alias,0.0625,2,1
FULL,PDOL,葶苈子,葶苈子,exact_or_verified_alias,0.1547619047619047,6,1
FULL,PHOL,葶苈子,葶苈子,exact_or_verified_alias,0.2039473684210526,15,1
FULL,PHOL,蒲公英,蒲公英,exact_or_verified_alias,0.0460526315789473,3,1
FULL,WHIL,蒲公英,蒲公英,exact_or_verified_alias,0.0875,3,1
FULL,PHOL,蒲黄炭,,unmapped,0.0197368421052631,1,0
FULL,PHOL,薄荷,薄荷,exact_or_verified_alias,0.0197368421052631,1,1
FULL,WHIL,薄荷,薄荷,exact_or_verified_alias,0.2375,9,1
FULL,PDOL,薏苡仁,薏苡仁,exact_or_verified_alias,0.1309523809523809,5,1
FULL,PHOL,薏苡仁,薏苡仁,exact_or_verified_alias,0.2302631578947368,17,1
FULL,WHIL,薏苡仁,薏苡仁,exact_or_verified_alias,0.0625,2,1
FULL,PDOL,薤白,薤白,exact_or_verified_alias,0.0595238095238095,2,1
FULL,WHIL,藏青果,藏青果,exact_or_verified_alias,0.0375,1,1
FULL,PHOL,藿香,藿香,exact_or_verified_alias,0.0197368421052631,1,1
FULL,WHIL,藿香,藿香,exact_or_verified_alias,0.0375,1,1
FULL,PHOL,虎杖,虎杖,exact_or_verified_alias,0.0460526315789473,3,1
FULL,WHIL,虎杖,虎杖,exact_or_verified_alias,0.0375,1,1
FULL,PDOL,蜈蚣,,unmapped,0.0357142857142857,1,0
FULL,PHOL,蜜款冬花,蜜款冬花,exact_or_verified_alias,0.0460526315789473,3,1
FULL,WHIL,蜜款冬花,蜜款冬花,exact_or_verified_alias,0.0625,2,1
FULL,PHOL,蜜百部,蜜百部,exact_or_verified_alias,0.0460526315789473,3,1
FULL,PDOL,蜜紫菀,蜜紫菀,exact_or_verified_alias,0.0833333333333333,3,1
FULL,PHOL,蜜紫菀,蜜紫菀,exact_or_verified_alias,0.0592105263157894,4,1
FULL,WHIL,蜜紫菀,蜜紫菀,exact_or_verified_alias,0.0625,2,1
FULL,PDOL,蜜麻黄,蜜麻黄,exact_or_verified_alias,0.0595238095238095,2,1
FULL,PHOL,蜜麻黄,蜜麻黄,exact_or_verified_alias,0.125,9,1
FULL,WHIL,蜜麻黄,蜜麻黄,exact_or_verified_alias,0.0875,3,1
FULL,PHOL,蝉蜕,蝉蜕,exact_or_verified_alias,0.0592105263157894,4,1
FULL,WHIL,蝉蜕,蝉蜕,exact_or_verified_alias,0.2875,11,1
FULL,PDOL,补骨脂,补骨脂,exact_or_verified_alias,0.0357142857142857,1,1
FULL,WHIL,西青果,,unmapped,0.0375,1,0
FULL,WHIL,诃子,诃子,exact_or_verified_alias,0.0625,2,1
FULL,PHOL,豆蔻,豆蔻,exact_or_verified_alias,0.0328947368421052,2,1
FULL,PHOL,败酱草,败酱草,exact_or_verified_alias,0.0460526315789473,3,1
FULL,WHIL,贯众,贯众,exact_or_verified_alias,0.0875,3,1
FULL,PDOL,赤芍,赤芍,exact_or_verified_alias,0.0595238095238095,2,1
FULL,PHOL,赤芍,赤芍,exact_or_verified_alias,0.0328947368421052,2,1
FULL,WHIL,赤芍,赤芍,exact_or_verified_alias,0.1875,7,1
FULL,PDOL,车前子,车前子,exact_or_verified_alias,0.0357142857142857,1,1
FULL,PHOL,车前子,车前子,exact_or_verified_alias,0.0197368421052631,1,1
FULL,WHIL,辛夷,辛夷,exact_or_verified_alias,0.0625,2,1
FULL,PHOL,连翘,连翘,exact_or_verified_alias,0.1118421052631579,8,1
FULL,WHIL,连翘,连翘,exact_or_verified_alias,0.6375,25,1
FULL,PHOL,通草,通草,exact_or_verified_alias,0.0197368421052631,1,1
FULL,PHOL,郁金,郁金,exact_or_verified_alias,0.0460526315789473,3,1
FULL,WHIL,野菊花,野菊花,exact_or_verified_alias,0.0625,2,1
FULL,PHOL,金荞麦,金荞麦,exact_or_verified_alias,0.0855263157894736,6,1
FULL,WHIL,金荞麦,金荞麦,exact_or_verified_alias,0.0375,1,1
FULL,PHOL,金银花,金银花,exact_or_verified_alias,0.125,9,1
FULL,WHIL,金银花,金银花,exact_or_verified_alias,0.4875,19,1
FULL,PHOL,银杏叶,银杏叶,exact_or_verified_alias,0.0197368421052631,1,1
FULL,PDOL,防风,防风,exact_or_verified_alias,0.0833333333333333,3,1
FULL,WHIL,防风,防风,exact_or_verified_alias,0.1625,6,1
FULL,PDOL,附子,附子,exact_or_verified_alias,0.0357142857142857,1,1
FULL,PDOL,陈皮,陈皮,exact_or_verified_alias,0.6785714285714286,28,1
FULL,PHOL,陈皮,陈皮,exact_or_verified_alias,0.2171052631578947,16,1
FULL,WHIL,陈皮,陈皮,exact_or_verified_alias,0.0875,3,1
FULL,WHIL,青天葵,,unmapped,0.0375,1,0
FULL,WHIL,青果,青果,exact_or_verified_alias,0.0375,1,1
FULL,PHOL,青葙子,青葙子,exact_or_verified_alias,0.0197368421052631,1,1
FULL,PHOL,青蒿,青蒿,exact_or_verified_alias,0.0197368421052631,1,1
FULL,WHIL,青蒿,青蒿,exact_or_verified_alias,0.0375,1,1
FULL,WHIL,青黛,青黛,exact_or_verified_alias,0.0375,1,1
FULL,PDOL,香附,香附,exact_or_verified_alias,0.0357142857142857,1,1
FULL,WHIL,马勃,,unmapped,0.0375,1,0
FULL,PHOL,马鞭草,马鞭草,exact_or_verified_alias,0.0197368421052631,1,1
FULL,PDOL,鱼腥草,鱼腥草,exact_or_verified_alias,0.0595238095238095,2,1
FULL,PHOL,鱼腥草,鱼腥草,exact_or_verified_alias,0.2828947368421052,21,1
FULL,WHIL,鱼腥草,鱼腥草,exact_or_verified_alias,0.1375,5,1
FULL,PHOL,麦冬,麦冬,exact_or_verified_alias,0.1776315789473684,13,1
FULL,WHIL,麦冬,麦冬,exact_or_verified_alias,0.1375,5,1
FULL,WHIL,麦芽,麦芽,exact_or_verified_alias,0.0375,1,1
FULL,PDOL,麻黄,麻黄,exact_or_verified_alias,0.1547619047619047,6,1
FULL,PHOL,麻黄,麻黄,exact_or_verified_alias,0.2434210526315789,18,1
FULL,WHIL,麻黄,麻黄,exact_or_verified_alias,0.1125,4,1
FULL,WHIL,麻黄绒,麻黄绒,exact_or_verified_alias,0.0375,1,1
FULL,PDOL,黄芩,黄芩,exact_or_verified_alias,0.1547619047619047,6,1
FULL,PHOL,黄芩,黄芩,exact_or_verified_alias,0.7828947368421053,59,1
FULL,WHIL,黄芩,黄芩,exact_or_verified_alias,0.6625,26,1
FULL,PDOL,黄芪,黄芪,exact_or_verified_alias,0.1785714285714285,7,1
FULL,PHOL,黄芪,黄芪,exact_or_verified_alias,0.0855263157894736,6,1
FULL,WHIL,黄芪,黄芪,exact_or_verified_alias,0.0375,1,1
FULL,PHOL,黄连,黄连,exact_or_verified_alias,0.1118421052631579,8,1
FULL,WHIL,黄连,黄连,exact_or_verified_alias,0.0375,1,1
FULL,PDOL,黑芝麻,黑芝麻,exact_or_verified_alias,0.0357142857142857,1,1
FULL,WHIL,龙脷叶,,unmapped,0.0625,2,0
FULL,PDOL,龙骨,龙骨,exact_or_verified_alias,0.0595238095238095,2,1
LOPO,PHOL,一枝蒿,一枝蒿,exact_or_verified_alias,0.0294117647058823,1,1
LOPO,PDOL,丹参,丹参,exact_or_verified_alias,0.1363636363636363,4,1
LOPO,PHOL,丹参,丹参,exact_or_verified_alias,0.1078431372549019,5,1
LOPO,WHIL,丹参,丹参,exact_or_verified_alias,0.0535714285714285,1,1
LOPO,PDOL,乌梅,乌梅,exact_or_verified_alias,0.0454545454545454,1,1
LOPO,PDOL,五味子,五味子,exact_or_verified_alias,0.2575757575757575,8,1
LOPO,PHOL,五味子,五味子,exact_or_verified_alias,0.088235294117647,4,1
LOPO,PDOL,五指毛桃,五指毛桃,exact_or_verified_alias,0.0454545454545454,1,1
LOPO,PDOL,人参,人参,exact_or_verified_alias,0.0454545454545454,1,1
LOPO,PHOL,仙鹤草,仙鹤草,exact_or_verified_alias,0.0490196078431372,2,1
LOPO,PHOL,侧柏叶,侧柏叶,exact_or_verified_alias,0.0294117647058823,1,1
LOPO,PDOL,僵蚕,,unmapped,0.0757575757575757,2,0
LOPO,PHOL,僵蚕,,unmapped,0.0294117647058823,1,0
LOPO,WHIL,僵蚕,,unmapped,0.3035714285714285,8,0
LOPO,PDOL,党参,党参,exact_or_verified_alias,0.1666666666666666,5,1
LOPO,PHOL,党参,党参,exact_or_verified_alias,0.0686274509803921,3,1
LOPO,WHIL,党参,党参,exact_or_verified_alias,0.0535714285714285,1,1
LOPO,PDOL,全蝎,全蝎,exact_or_verified_alias,0.0454545454545454,1,1
LOPO,PHOL,冬瓜子,冬瓜子,exact_or_verified_alias,0.2254901960784313,11,1
LOPO,PHOL,冰片,冰片,exact_or_verified_alias,0.0294117647058823,1,1
LOPO,PDOL,制陈皮,陈皮,processed_form_to_parent,0.0454545454545454,1,1
LOPO,PDOL,前胡,前胡,exact_or_verified_alias,0.106060606060606,3,1
LOPO,PHOL,前胡,前胡,exact_or_verified_alias,0.1274509803921568,6,1
LOPO,WHIL,前胡,前胡,exact_or_verified_alias,0.125,3,1
LOPO,PDOL,化橘红,化橘红,exact_or_verified_alias,0.0454545454545454,1,1
LOPO,PHOL,化橘红,化橘红,exact_or_verified_alias,0.0686274509803921,3,1
LOPO,PDOL,北沙参,北沙参,exact_or_verified_alias,0.0454545454545454,1,1
LOPO,PHOL,北沙参,北沙参,exact_or_verified_alias,0.0294117647058823,1,1
LOPO,WHIL,北沙参,北沙参,exact_or_verified_alias,0.0892857142857142,2,1
LOPO,PDOL,半夏,半夏,exact_or_verified_alias,0.4393939393939394,14,1
LOPO,PHOL,半夏,半夏,exact_or_verified_alias,0.0686274509803921,3,1
LOPO,WHIL,半夏,半夏,exact_or_verified_alias,0.0535714285714285,1,1
LOPO,PHOL,南沙参,南沙参,exact_or_verified_alias,0.0294117647058823,1,1
LOPO,WHIL,南沙参,南沙参,exact_or_verified_alias,0.0535714285714285,1,1
LOPO,PDOL,厚朴,厚朴,exact_or_verified_alias,0.4393939393939394,14,1
LOPO,PHOL,厚朴,厚朴,exact_or_verified_alias,0.1078431372549019,5,1
LOPO,PDOL,厚朴花,厚朴花,exact_or_verified_alias,0.0454545454545454,1,1
LOPO,PHOL,合欢皮,合欢皮,exact_or_verified_alias,0.0294117647058823,1,1
LOPO,PHOL,地骨皮,地骨皮,exact_or_verified_alias,0.0294117647058823,1,1
LOPO,PDOL,地龙,地龙,exact_or_verified_alias,0.0757575757575757,2,1
LOPO,PHOL,地龙,地龙,exact_or_verified_alias,0.0686274509803921,3,1
LOPO,WHIL,地龙,地龙,exact_or_verified_alias,0.0535714285714285,1,1
LOPO,WHIL,夏枯草,夏枯草,exact_or_verified_alias,0.0535714285714285,1,1
LOPO,PDOL,大枣,大枣,exact_or_verified_alias,0.0757575757575757,2,1
LOPO,WHIL,大枣,大枣,exact_or_verified_alias,0.0535714285714285,1,1
LOPO,PHOL,大青叶,大青叶,exact_or_verified_alias,0.0294117647058823,1,1
LOPO,PHOL,大黄,大黄,exact_or_verified_alias,0.088235294117647,4,1
LOPO,WHIL,大黄,大黄,exact_or_verified_alias,0.0535714285714285,1,1
LOPO,PHOL,天竺黄,天竺黄,exact_or_verified_alias,0.0490196078431372,2,1
LOPO,WHIL,天竺黄,天竺黄,exact_or_verified_alias,0.0535714285714285,1,1
LOPO,PDOL,天花粉,天花粉,exact_or_verified_alias,0.0757575757575757,2,1
LOPO,WHIL,天花粉,天花粉,exact_or_verified_alias,0.125,3,1
LOPO,PDOL,太子参,太子参,exact_or_verified_alias,0.0454545454545454,1,1
LOPO,PHOL,太子参,太子参,exact_or_verified_alias,0.0294117647058823,1,1
LOPO,WHIL,姜黄,姜黄,exact_or_verified_alias,0.0535714285714285,1,1
LOPO,PDOL,射干,射干,exact_or_verified_alias,0.0454545454545454,1,1
LOPO,PHOL,射干,射干,exact_or_verified_alias,0.1078431372549019,5,1
LOPO,WHIL,射干,射干,exact_or_verified_alias,0.2678571428571428,7,1
LOPO,PDOL,山楂,山楂,exact_or_verified_alias,0.0454545454545454,1,1
LOPO,PDOL,山药,山药,exact_or_verified_alias,0.106060606060606,3,1
LOPO,PDOL,岩白菜,岩白菜,exact_or_verified_alias,0.0454545454545454,1,1
LOPO,PHOL,川芎,川芎,exact_or_verified_alias,0.0490196078431372,2,1
LOPO,WHIL,川芎,川芎,exact_or_verified_alias,0.0892857142857142,2,1
LOPO,PDOL,川贝母,川贝母,exact_or_verified_alias,0.0454545454545454,1,1
LOPO,PHOL,川贝母,川贝母,exact_or_verified_alias,0.1274509803921568,6,1
LOPO,WHIL,川贝母,川贝母,exact_or_verified_alias,0.0535714285714285,1,1
LOPO,PDOL,干姜,,unmapped,0.1666666666666666,5,0
LOPO,PHOL,广藿香,广藿香,exact_or_verified_alias,0.0294117647058823,1,1
LOPO,PHOL,延胡索,延胡索,exact_or_verified_alias,0.0294117647058823,1,1
LOPO,PDOL,当归,当归,exact_or_verified_alias,0.1363636363636363,4,1
LOPO,PHOL,当归,当归,exact_or_verified_alias,0.0490196078431372,2,1
LOPO,PDOL,旋覆花,旋覆花,exact_or_verified_alias,0.0757575757575757,2,1
LOPO,PHOL,木蝴蝶,木蝴蝶,exact_or_verified_alias,0.0294117647058823,1,1
LOPO,WHIL,木蝴蝶,木蝴蝶,exact_or_verified_alias,0.1964285714285714,5,1
LOPO,PHOL,木通,木通,exact_or_verified_alias,0.0490196078431372,2,1
LOPO,PDOL,杏仁,杏仁,exact_or_verified_alias,0.4090909090909091,13,1
LOPO,PHOL,杏仁,杏仁,exact_or_verified_alias,0.3431372549019608,17,1
LOPO,WHIL,杏仁,杏仁,exact_or_verified_alias,0.1607142857142857,4,1
LOPO,WHIL,板蓝根,板蓝根,exact_or_verified_alias,0.1964285714285714,5,1
LOPO,PHOL,枇杷叶,,unmapped,0.1274509803921568,6,0
LOPO,WHIL,枇杷叶,,unmapped,0.2321428571428571,6,0
LOPO,PDOL,枳壳,枳壳,exact_or_verified_alias,0.0757575757575757,2,1
LOPO,PHOL,枳壳,枳壳,exact_or_verified_alias,0.0686274509803921,3,1
LOPO,WHIL,枳壳,枳壳,exact_or_verified_alias,0.1607142857142857,4,1
LOPO,PDOL,枳实,枳实,exact_or_verified_alias,0.0757575757575757,2,1
LOPO,PHOL,枳实,枳实,exact_or_verified_alias,0.1274509803921568,6,1
LOPO,WHIL,枳实,枳实,exact_or_verified_alias,0.0892857142857142,2,1
LOPO,PDOL,柏子仁,柏子仁,exact_or_verified_alias,0.0454545454545454,1,1
LOPO,PDOL,柴胡,柴胡,exact_or_verified_alias,0.0757575757575757,2,1
LOPO,PHOL,柴胡,柴胡,exact_or_verified_alias,0.0294117647058823,1,1
LOPO,WHIL,柴胡,柴胡,exact_or_verified_alias,0.2321428571428571,6,1
LOPO,PHOL,栀子,栀子,exact_or_verified_alias,0.2254901960784313,11,1
LOPO,WHIL,栀子,栀子,exact_or_verified_alias,0.1607142857142857,4,1
LOPO,PDOL,桂枝,桂枝,exact_or_verified_alias,0.0454545454545454,1,1
LOPO,PDOL,桃仁,桃仁,exact_or_verified_alias,0.0757575757575757,2,1
LOPO,PHOL,桃仁,桃仁,exact_or_verified_alias,0.2058823529411764,10,1
LOPO,PHOL,桑叶,桑叶,exact_or_verified_alias,0.0490196078431372,2,1
LOPO,WHIL,桑叶,桑叶,exact_or_verified_alias,0.2678571428571428,7,1
LOPO,PDOL,桑白皮,桑白皮,exact_or_verified_alias,0.0757575757575757,2,1
LOPO,PHOL,桑白皮,桑白皮,exact_or_verified_alias,0.6568627450980392,33,1
LOPO,WHIL,桑白皮,桑白皮,exact_or_verified_alias,0.2321428571428571,6,1
LOPO,PDOL,桔梗,桔梗,exact_or_verified_alias,0.2878787878787879,9,1
LOPO,PHOL,桔梗,桔梗,exact_or_verified_alias,0.5588235294117647,28,1
LOPO,WHIL,桔梗,桔梗,exact_or_verified_alias,0.7321428571428571,20,1
LOPO,WHIL,梨皮,,unmapped,0.0535714285714285,1,0
LOPO,PDOL,橘红,橘红,exact_or_verified_alias,0.106060606060606,3,1
LOPO,PHOL,橘红,橘红,exact_or_verified_alias,0.1666666666666666,8,1
LOPO,PDOL,款冬花,款冬花,exact_or_verified_alias,0.1666666666666666,5,1
LOPO,PHOL,款冬花,款冬花,exact_or_verified_alias,0.0686274509803921,3,1
LOPO,WHIL,款冬花,款冬花,exact_or_verified_alias,0.1607142857142857,4,1
LOPO,WHIL,沙参,沙参,exact_or_verified_alias,0.0535714285714285,1,1
LOPO,PDOL,法半夏,法半夏,exact_or_verified_alias,0.4393939393939394,14,1
LOPO,PHOL,法半夏,法半夏,exact_or_verified_alias,0.3431372549019608,17,1
LOPO,WHIL,法半夏,法半夏,exact_or_verified_alias,0.0535714285714285,1,1
LOPO,PDOL,浙贝母,,unmapped,0.1666666666666666,5,0
LOPO,PHOL,浙贝母,,unmapped,0.4803921568627451,24,0
LOPO,WHIL,浙贝母,,unmapped,0.4107142857142857,11,0
LOPO,PDOL,浮小麦,,unmapped,0.0454545454545454,1,0
LOPO,PHOL,海蛤壳,海蛤壳,exact_or_verified_alias,0.0490196078431372,2,1
LOPO,WHIL,淡豆豉,淡豆豉,exact_or_verified_alias,0.1607142857142857,4,1
LOPO,PHOL,滑石,,unmapped,0.0294117647058823,1,0
LOPO,WHIL,火麻仁,火麻仁,exact_or_verified_alias,0.0535714285714285,1,1
LOPO,PDOL,炙甘草,炙甘草,exact_or_verified_alias,0.1969696969696969,6,1
LOPO,PHOL,炙甘草,炙甘草,exact_or_verified_alias,0.1862745098039215,9,1
LOPO,WHIL,炙甘草,炙甘草,exact_or_verified_alias,0.125,3,1
LOPO,PDOL,炙百部,百部,processed_form_to_parent,0.0454545454545454,1,1
LOPO,WHIL,炙百部,百部,processed_form_to_parent,0.0535714285714285,1,1
LOPO,PDOL,炙麻黄,炙麻黄,exact_or_verified_alias,0.1969696969696969,6,1
LOPO,PHOL,炙麻黄,炙麻黄,exact_or_verified_alias,0.1078431372549019,5,1
LOPO,PHOL,焦六神曲,,unmapped,0.0294117647058823,1,0
LOPO,PDOL,焦山楂,山楂,processed_form_to_parent,0.0454545454545454,1,1
LOPO,PHOL,焦山楂,山楂,processed_form_to_parent,0.0294117647058823,1,1
LOPO,WHIL,焦山楂,山楂,processed_form_to_parent,0.0535714285714285,1,1
LOPO,PDOL,熟地黄,熟地黄,exact_or_verified_alias,0.0454545454545454,1,1
LOPO,PDOL,牛蒡子,牛蒡子,exact_or_verified_alias,0.0454545454545454,1,1
LOPO,PHOL,牛蒡子,牛蒡子,exact_or_verified_alias,0.0294117647058823,1,1
LOPO,WHIL,牛蒡子,牛蒡子,exact_or_verified_alias,0.2678571428571428,7,1
LOPO,WHIL,牡丹皮,牡丹皮,exact_or_verified_alias,0.0535714285714285,1,1
LOPO,PDOL,牡蛎,牡蛎,exact_or_verified_alias,0.0454545454545454,1,1
LOPO,WHIL,玄参,玄参,exact_or_verified_alias,0.3392857142857143,9,1
LOPO,PDOL,瓜蒌,瓜蒌,exact_or_verified_alias,0.0757575757575757,2,1
LOPO,PHOL,瓜蒌,瓜蒌,exact_or_verified_alias,0.3235294117647059,16,1
LOPO,WHIL,瓜蒌,瓜蒌,exact_or_verified_alias,0.125,3,1
LOPO,PDOL,瓜蒌子,瓜蒌子,exact_or_verified_alias,0.0454545454545454,1,1
LOPO,PHOL,瓜蒌子,瓜蒌子,exact_or_verified_alias,0.1470588235294117,7,1
LOPO,PHOL,瓜蒌皮,瓜蒌皮,exact_or_verified_alias,0.1274509803921568,6,1
LOPO,WHIL,瓜蒌皮,瓜蒌皮,exact_or_verified_alias,0.0535714285714285,1,1
LOPO,PDOL,甘草,甘草,exact_or_verified_alias,0.5,16,1
LOPO,PHOL,甘草,甘草,exact_or_verified_alias,0.6764705882352942,34,1
LOPO,WHIL,甘草,甘草,exact_or_verified_alias,0.625,17,1
LOPO,PHOL,生地黄,生地黄,exact_or_verified_alias,0.0294117647058823,1,1
LOPO,WHIL,生地黄,生地黄,exact_or_verified_alias,0.0892857142857142,2,1
LOPO,PDOL,生姜,生姜,exact_or_verified_alias,0.1969696969696969,6,1
LOPO,PHOL,生姜,生姜,exact_or_verified_alias,0.0294117647058823,1,1
LOPO,WHIL,生姜,生姜,exact_or_verified_alias,0.0535714285714285,1,1
LOPO,PHOL,生晒参,生晒参,exact_or_verified_alias,0.0294117647058823,1,1
LOPO,PDOL,白前,白前,exact_or_verified_alias,0.1363636363636363,4,1
LOPO,PHOL,白前,白前,exact_or_verified_alias,0.0686274509803921,3,1
LOPO,WHIL,白前,白前,exact_or_verified_alias,0.0892857142857142,2,1
LOPO,PHOL,白及,,unmapped,0.0294117647058823,1,0
LOPO,PHOL,白头翁,白头翁,exact_or_verified_alias,0.0294117647058823,1,1
LOPO,PDOL,白术,白术,exact_or_verified_alias,0.2575757575757575,8,1
LOPO,PHOL,白术,白术,exact_or_verified_alias,0.0490196078431372,2,1
LOPO,WHIL,白术,白术,exact_or_verified_alias,0.0892857142857142,2,1
LOPO,PDOL,白果,白果,exact_or_verified_alias,0.0454545454545454,1,1
LOPO,PHOL,白果,白果,exact_or_verified_alias,0.0686274509803921,3,1
LOPO,PDOL,白芍,白芍,exact_or_verified_alias,0.1363636363636363,4,1
LOPO,PDOL,白芥子,白芥子,exact_or_verified_alias,0.2878787878787879,9,1
LOPO,PHOL,白芥子,白芥子,exact_or_verified_alias,0.088235294117647,4,1
LOPO,WHIL,白芷,白芷,exact_or_verified_alias,0.0892857142857142,2,1
LOPO,PHOL,白茅根,白茅根,exact_or_verified_alias,0.0490196078431372,2,1
LOPO,WHIL,白茅根,白茅根,exact_or_verified_alias,0.0535714285714285,1,1
LOPO,PHOL,百合,百合,exact_or_verified_alias,0.0294117647058823,1,1
LOPO,WHIL,百合,百合,exact_or_verified_alias,0.0892857142857142,2,1
LOPO,PDOL,百部,百部,exact_or_verified_alias,0.0454545454545454,1,1
LOPO,PHOL,百部,百部,exact_or_verified_alias,0.0490196078431372,2,1
LOPO,WHIL,百部,百部,exact_or_verified_alias,0.0892857142857142,2,1
LOPO,WHIL,皂角刺,皂角刺,exact_or_verified_alias,0.125,3,1
LOPO,PHOL,知母,知母,exact_or_verified_alias,0.1862745098039215,9,1
LOPO,WHIL,知母,知母,exact_or_verified_alias,0.0892857142857142,2,1
LOPO,PHOL,矮地茶,矮地茶,exact_or_verified_alias,0.0294117647058823,1,1
LOPO,PHOL,石斛,石斛,exact_or_verified_alias,0.0294117647058823,1,1
LOPO,PDOL,石膏,,unmapped,0.0454545454545454,1,0
LOPO,PHOL,石膏,,unmapped,0.3039215686274509,15,0
LOPO,WHIL,石膏,,unmapped,0.2321428571428571,6,0
LOPO,PHOL,石菖蒲,石菖蒲,exact_or_verified_alias,0.0490196078431372,2,1
LOPO,PDOL,砂仁,砂仁,exact_or_verified_alias,0.0757575757575757,2,1
LOPO,PDOL,神曲,,unmapped,0.0454545454545454,1,0
LOPO,PHOL,神曲,,unmapped,0.0294117647058823,1,0
LOPO,WHIL,神曲,,unmapped,0.0535714285714285,1,0
LOPO,PHOL,穿山龙,穿山龙,exact_or_verified_alias,0.0294117647058823,1,1
LOPO,PHOL,竹沥,,unmapped,0.0490196078431372,2,0
LOPO,PDOL,竹茹,,unmapped,0.0454545454545454,1,0
LOPO,PHOL,竹茹,,unmapped,0.0686274509803921,3,0
LOPO,WHIL,竹茹,,unmapped,0.0535714285714285,1,0
LOPO,PHOL,紫花地丁,紫花地丁,exact_or_verified_alias,0.0294117647058823,1,1
LOPO,WHIL,紫花地丁,紫花地丁,exact_or_verified_alias,0.0535714285714285,1,1
LOPO,PDOL,紫苏,,unmapped,0.0454545454545454,1,0
LOPO,PDOL,紫苏叶,紫苏叶,exact_or_verified_alias,0.0757575757575757,2,1
LOPO,PDOL,紫苏子,紫苏子,exact_or_verified_alias,0.5303030303030303,17,1
LOPO,PHOL,紫苏子,紫苏子,exact_or_verified_alias,0.4215686274509804,21,1
LOPO,WHIL,紫苏子,紫苏子,exact_or_verified_alias,0.0535714285714285,1,1
LOPO,PDOL,紫菀,紫菀,exact_or_verified_alias,0.1363636363636363,4,1
LOPO,PHOL,紫菀,紫菀,exact_or_verified_alias,0.0294117647058823,1,1
LOPO,WHIL,紫菀,紫菀,exact_or_verified_alias,0.1607142857142857,4,1
LOPO,WHIL,红花,红花,exact_or_verified_alias,0.0535714285714285,1,1
LOPO,PDOL,细辛,细辛,exact_or_verified_alias,0.1666666666666666,5,1
LOPO,WHIL,细辛,细辛,exact_or_verified_alias,0.0535714285714285,1,1
LOPO,PDOL,肉桂,肉桂,exact_or_verified_alias,0.0454545454545454,1,1
LOPO,PDOL,胆南星,,unmapped,0.0757575757575757,2,0
LOPO,PHOL,胆南星,,unmapped,0.088235294117647,4,0
LOPO,PDOL,芍药,芍药,exact_or_verified_alias,0.0454545454545454,1,1
LOPO,PHOL,芒硝,,unmapped,0.0294117647058823,1,0
LOPO,PDOL,芡实,芡实,exact_or_verified_alias,0.0454545454545454,1,1
LOPO,PHOL,芦根,芦根,exact_or_verified_alias,0.1862745098039215,9,1
LOPO,WHIL,芦根,芦根,exact_or_verified_alias,0.1607142857142857,4,1
LOPO,PHOL,芫花,芫花,exact_or_verified_alias,0.0294117647058823,1,1
LOPO,PHOL,苇茎,,unmapped,0.0490196078431372,2,0
LOPO,PDOL,苍术,苍术,exact_or_verified_alias,0.1666666666666666,5,1
LOPO,PHOL,苍术,苍术,exact_or_verified_alias,0.0490196078431372,2,1
LOPO,PDOL,苦杏仁,苦杏仁,exact_or_verified_alias,0.1666666666666666,5,1
LOPO,PHOL,苦杏仁,苦杏仁,exact_or_verified_alias,0.3823529411764705,19,1
LOPO,WHIL,苦杏仁,苦杏仁,exact_or_verified_alias,0.125,3,1
LOPO,PDOL,茯苓,茯苓,exact_or_verified_alias,0.7727272727272727,25,1
LOPO,PHOL,茯苓,茯苓,exact_or_verified_alias,0.3431372549019608,17,1
LOPO,WHIL,茯苓,茯苓,exact_or_verified_alias,0.125,3,1
LOPO,PHOL,茵陈,茵陈,exact_or_verified_alias,0.0294117647058823,1,1
LOPO,PDOL,荆芥,荆芥,exact_or_verified_alias,0.0454545454545454,1,1
LOPO,WHIL,荆芥,荆芥,exact_or_verified_alias,0.1607142857142857,4,1
LOPO,PDOL,莱菔子,莱菔子,exact_or_verified_alias,0.4393939393939394,14,1
LOPO,PHOL,莱菔子,莱菔子,exact_or_verified_alias,0.088235294117647,4,1
LOPO,WHIL,莱菔子,莱菔子,exact_or_verified_alias,0.0892857142857142,2,1
LOPO,PHOL,菊花,菊花,exact_or_verified_alias,0.0294117647058823,1,1
LOPO,WHIL,菊花,菊花,exact_or_verified_alias,0.1607142857142857,4,1
LOPO,WHIL,葛根,葛根,exact_or_verified_alias,0.0535714285714285,1,1
LOPO,PDOL,葶苈子,葶苈子,exact_or_verified_alias,0.1666666666666666,5,1
LOPO,PHOL,葶苈子,葶苈子,exact_or_verified_alias,0.2647058823529412,13,1
LOPO,PHOL,蒲公英,蒲公英,exact_or_verified_alias,0.0294117647058823,1,1
LOPO,WHIL,蒲公英,蒲公英,exact_or_verified_alias,0.0892857142857142,2,1
LOPO,PHOL,蒲黄炭,,unmapped,0.0294117647058823,1,0
LOPO,PHOL,薄荷,薄荷,exact_or_verified_alias,0.0294117647058823,1,1
LOPO,WHIL,薄荷,薄荷,exact_or_verified_alias,0.1964285714285714,5,1
LOPO,PDOL,薏苡仁,薏苡仁,exact_or_verified_alias,0.1666666666666666,5,1
LOPO,PHOL,薏苡仁,薏苡仁,exact_or_verified_alias,0.2450980392156862,12,1
LOPO,WHIL,薏苡仁,薏苡仁,exact_or_verified_alias,0.0535714285714285,1,1
LOPO,PDOL,薤白,薤白,exact_or_verified_alias,0.0757575757575757,2,1
LOPO,WHIL,藏青果,藏青果,exact_or_verified_alias,0.0535714285714285,1,1
LOPO,PHOL,藿香,藿香,exact_or_verified_alias,0.0294117647058823,1,1
LOPO,PHOL,虎杖,虎杖,exact_or_verified_alias,0.0686274509803921,3,1
LOPO,PDOL,蜈蚣,,unmapped,0.0454545454545454,1,0
LOPO,PHOL,蜜款冬花,蜜款冬花,exact_or_verified_alias,0.0686274509803921,3,1
LOPO,WHIL,蜜款冬花,蜜款冬花,exact_or_verified_alias,0.0535714285714285,1,1
LOPO,PHOL,蜜百部,蜜百部,exact_or_verified_alias,0.0490196078431372,2,1
LOPO,PDOL,蜜紫菀,蜜紫菀,exact_or_verified_alias,0.106060606060606,3,1
LOPO,PHOL,蜜紫菀,蜜紫菀,exact_or_verified_alias,0.088235294117647,4,1
LOPO,WHIL,蜜紫菀,蜜紫菀,exact_or_verified_alias,0.0892857142857142,2,1
LOPO,PDOL,蜜麻黄,蜜麻黄,exact_or_verified_alias,0.0757575757575757,2,1
LOPO,PHOL,蜜麻黄,蜜麻黄,exact_or_verified_alias,0.1470588235294117,7,1
LOPO,PHOL,蝉蜕,蝉蜕,exact_or_verified_alias,0.0686274509803921,3,1
LOPO,WHIL,蝉蜕,蝉蜕,exact_or_verified_alias,0.3035714285714285,8,1
LOPO,PDOL,补骨脂,补骨脂,exact_or_verified_alias,0.0454545454545454,1,1
LOPO,WHIL,西青果,,unmapped,0.0535714285714285,1,0
LOPO,WHIL,诃子,诃子,exact_or_verified_alias,0.0892857142857142,2,1
LOPO,PHOL,豆蔻,豆蔻,exact_or_verified_alias,0.0294117647058823,1,1
LOPO,PHOL,败酱草,败酱草,exact_or_verified_alias,0.0490196078431372,2,1
LOPO,WHIL,贯众,贯众,exact_or_verified_alias,0.0535714285714285,1,1
LOPO,PDOL,赤芍,赤芍,exact_or_verified_alias,0.0757575757575757,2,1
LOPO,PHOL,赤芍,赤芍,exact_or_verified_alias,0.0294117647058823,1,1
LOPO,WHIL,赤芍,赤芍,exact_or_verified_alias,0.2678571428571428,7,1
LOPO,PDOL,车前子,车前子,exact_or_verified_alias,0.0454545454545454,1,1
LOPO,PHOL,车前子,车前子,exact_or_verified_alias,0.0294117647058823,1,1
LOPO,WHIL,辛夷,辛夷,exact_or_verified_alias,0.0535714285714285,1,1
LOPO,PHOL,连翘,连翘,exact_or_verified_alias,0.088235294117647,4,1
LOPO,WHIL,连翘,连翘,exact_or_verified_alias,0.625,17,1
LOPO,PHOL,通草,通草,exact_or_verified_alias,0.0294117647058823,1,1
LOPO,WHIL,野菊花,野菊花,exact_or_verified_alias,0.0892857142857142,2,1
LOPO,PHOL,金荞麦,金荞麦,exact_or_verified_alias,0.1274509803921568,6,1
LOPO,WHIL,金荞麦,金荞麦,exact_or_verified_alias,0.0535714285714285,1,1
LOPO,PHOL,金银花,金银花,exact_or_verified_alias,0.1078431372549019,5,1
LOPO,WHIL,金银花,金银花,exact_or_verified_alias,0.5178571428571429,14,1
LOPO,PHOL,银杏叶,银杏叶,exact_or_verified_alias,0.0294117647058823,1,1
LOPO,PDOL,防风,防风,exact_or_verified_alias,0.106060606060606,3,1
LOPO,WHIL,防风,防风,exact_or_verified_alias,0.1607142857142857,4,1
LOPO,PDOL,附子,附子,exact_or_verified_alias,0.0454545454545454,1,1
LOPO,PDOL,陈皮,陈皮,exact_or_verified_alias,0.7121212121212122,23,1
LOPO,PHOL,陈皮,陈皮,exact_or_verified_alias,0.1862745098039215,9,1
LOPO,WHIL,陈皮,陈皮,exact_or_verified_alias,0.125,3,1
LOPO,WHIL,青果,青果,exact_or_verified_alias,0.0535714285714285,1,1
LOPO,PHOL,青葙子,青葙子,exact_or_verified_alias,0.0294117647058823,1,1
LOPO,PHOL,青蒿,青蒿,exact_or_verified_alias,0.0294117647058823,1,1
LOPO,WHIL,青蒿,青蒿,exact_or_verified_alias,0.0535714285714285,1,1
LOPO,PDOL,香附,香附,exact_or_verified_alias,0.0454545454545454,1,1
LOPO,PHOL,马鞭草,马鞭草,exact_or_verified_alias,0.0294117647058823,1,1
LOPO,PDOL,鱼腥草,鱼腥草,exact_or_verified_alias,0.0757575757575757,2,1
LOPO,PHOL,鱼腥草,鱼腥草,exact_or_verified_alias,0.3235294117647059,16,1
LOPO,WHIL,鱼腥草,鱼腥草,exact_or_verified_alias,0.1607142857142857,4,1
LOPO,PHOL,麦冬,麦冬,exact_or_verified_alias,0.1862745098039215,9,1
LOPO,WHIL,麦冬,麦冬,exact_or_verified_alias,0.1964285714285714,5,1
LOPO,PDOL,麻黄,麻黄,exact_or_verified_alias,0.1666666666666666,5,1
LOPO,PHOL,麻黄,麻黄,exact_or_verified_alias,0.2450980392156862,12,1
LOPO,WHIL,麻黄,麻黄,exact_or_verified_alias,0.0535714285714285,1,1
LOPO,WHIL,麻黄绒,麻黄绒,exact_or_verified_alias,0.0535714285714285,1,1
LOPO,PDOL,黄芩,黄芩,exact_or_verified_alias,0.1363636363636363,4,1
LOPO,PHOL,黄芩,黄芩,exact_or_verified_alias,0.7941176470588235,40,1
LOPO,WHIL,黄芩,黄芩,exact_or_verified_alias,0.6607142857142857,18,1
LOPO,PDOL,黄芪,黄芪,exact_or_verified_alias,0.2272727272727272,7,1
LOPO,PHOL,黄芪,黄芪,exact_or_verified_alias,0.1078431372549019,5,1
LOPO,PHOL,黄连,黄连,exact_or_verified_alias,0.088235294117647,4,1
LOPO,WHIL,黄连,黄连,exact_or_verified_alias,0.0535714285714285,1,1
LOPO,PDOL,黑芝麻,黑芝麻,exact_or_verified_alias,0.0454545454545454,1,1
LOPO,WHIL,龙脷叶,,unmapped,0.0535714285714285,1,0
LOPO,PDOL,龙骨,龙骨,exact_or_verified_alias,0.0454545454545454,1,1
