syndrome_code,target_id,ubiquity_corrected,ubiquity_corrected_sum1,contributing_herbs,target_herb_degree,target_idf
PDOL,ABCB1,0.03315825956833009,0.0014432498221752397,12.0,28.0,2.7859957645113047
PDOL,ABCB11,0.03603156841486146,0.0015683137590584563,12.0,18.0,3.2088526153313386
PDOL,ABCC1,0.0702900600303285,0.003059452394671255,34.0,60.0,2.042417730324468
PDOL,ABCG2,0.07413756956591652,0.0032269194911155635,36.0,63.0,1.9944085111381071
PDOL,ACHE,0.0809357249964352,0.0035228167047795388,47.0,95.0,1.5889434030299427
PDOL,ACP1,0.08479623590702796,0.0036908497004117997,13.0,24.0,2.9344157696295783
PDOL,ADORA1,0.05779217456725204,0.002515468144382692,18.0,31.0,2.6875556916980523
PDOL,ADORA2A,0.07129488222027439,0.0031031883888349007,21.0,35.0,2.569772656041669
PDOL,ADORA2B,0.05779217456725204,0.002515468144382692,18.0,31.0,2.6875556916980523
PDOL,ADORA3,0.0870644079580822,0.0037895743907895014,43.0,74.0,1.8358034809614685
PDOL,ADRA2A,0.003850695255837735,0.00016760575843211356,1.0,2.0,5.054679305829669
PDOL,ADRA2B,0.013245653579871109,0.0005765316823806553,6.0,13.0,3.5142342648825204
PDOL,ADRB1,0.00745921368024294,0.00032467050314848327,1.0,1.0,5.460144413937834
PDOL,ADRB2,0.057593297285203265,0.0025068117913144587,16.0,25.0,2.8951950564762967
PDOL,AGTR1,0.001522628113200733,6.627406812735347e-05,1.0,1.0,5.460144413937834
PDOL,AKR1B1,0.1390772249846297,0.006053489623424208,59.0,113.0,1.4170931461032836
PDOL,AKR1B10,0.10490876897099227,0.004566269886692765,43.0,87.0,1.6759547800195724
PDOL,AKR1C2,0.035658474437257504,0.001552074432150422,18.0,44.0,2.3466291047274592
PDOL,AKR1C3,0.03532449141377441,0.0015375374526609465,18.0,45.0,2.324650198008684
PDOL,AKR1C4,0.035658474437257504,0.001552074432150422,18.0,44.0,2.3466291047274592
PDOL,AKT1,0.10418247925556573,0.004534657325711481,39.0,67.0,1.9337838893216723
PDOL,ALDH2,0.01543151755511093,0.0006716738229704852,1.0,2.0,5.054679305829669
PDOL,ALK,0.05338422089495281,0.0023236070987028763,29.0,51.0,2.2020478759163513
PDOL,ALOX12,0.07649080449401967,0.0033293466370434904,43.0,79.0,1.7712649598238974
PDOL,ALOX15,0.2670278416226065,0.011622681345608206,62.0,116.0,1.391117659700023
PDOL,ALOX5,0.15824298331093922,0.006887700394930418,55.0,105.0,1.4898525003857117
PDOL,ALPI,0.0594730640713875,0.002588630714117105,23.0,46.0,2.3031439927877204
PDOL,ALPL,0.0594730640713875,0.002588630714117105,23.0,46.0,2.3031439927877204
PDOL,AMY1A,0.09931793928083484,0.004322922857591197,45.0,83.0,1.7224747956544653
PDOL,AOC3,0.013216764015968855,0.0005752742322458336,3.0,5.0,4.361532125269724
PDOL,AOX1,0.029850871223013158,0.0012992920963058685,4.0,5.0,4.361532125269724
PDOL,APEX1,0.11330359722078075,0.004931664045989078,46.0,91.0,1.6315030174487386
PDOL,APOBEC3G,0.011625467761867465,0.0005060113075429488,3.0,10.0,3.755396321699408
PDOL,APP,0.09720298701857417,0.004230867227526336,48.0,94.0,1.599414702897238
PDOL,AR,0.3295043760589973,0.014342041420271718,38.0,71.0,1.8766254754817235
PDOL,ATR,0.010146556057135263,0.0004416400443145777,2.0,3.0,4.7669972333778885
PDOL,AURKA,0.017927782978277504,0.0007803265289625807,5.0,11.0,3.6683849447097785
PDOL,AURKB,0.05634789671422426,0.0024526043577518374,32.0,59.0,2.058947032275678
PDOL,AVPR2,0.050115525793968,0.002181333538972763,27.0,49.0,2.241268589069633
PDOL,AXL,0.05338422089495281,0.0023236070987028763,29.0,51.0,2.2020478759163513
PDOL,BACE1,0.11917872091451773,0.0051873852851804765,51.0,96.0,1.578580615994396
PDOL,BCHE,0.07497748842443554,0.0032634778858859873,41.0,79.0,1.7712649598238974
PDOL,BCL2,0.08153736457493492,0.0035490037310585854,25.0,51.0,2.2020478759163513
PDOL,BCL2L1,0.04288676091149683,0.0018666935739385987,17.0,43.0,2.369101960579518
PDOL,BCR,0.005368513272534552,0.00023367046180346662,2.0,8.0,3.9560670171615597
PDOL,BRAF,0.017927782978277504,0.0007803265289625807,5.0,11.0,3.6683849447097785
PDOL,CA1,0.12095055598261774,0.005264506360901882,59.0,117.0,1.3826069700321142
PDOL,CA12,0.12283735078558956,0.005346631185887302,58.0,113.0,1.4170931461032836
PDOL,CA13,0.0962038643311523,0.004187379310496754,29.0,52.0,2.182999680945657
PDOL,CA14,0.11955027691110384,0.005203557669768274,51.0,99.0,1.5481214085096875
PDOL,CA2,0.12095055598261774,0.005264506360901882,59.0,117.0,1.3826069700321142
PDOL,CA3,0.12030030185859887,0.005236203332905946,50.0,97.0,1.568324115827207
PDOL,CA4,0.11876645360823883,0.005169440895932616,56.0,111.0,1.4347927232026845
PDOL,CA5A,0.12030030185859887,0.005236203332905946,50.0,97.0,1.568324115827207
PDOL,CA5B,0.12030030185859887,0.005236203332905946,50.0,97.0,1.568324115827207
PDOL,CA6,0.11878188445666547,0.005170112540631032,51.0,100.0,1.5381710776565196
PDOL,CA7,0.12283735078558956,0.005346631185887302,58.0,113.0,1.4170931461032836
PDOL,CA9,0.12787943127413823,0.005566093300703529,55.0,103.0,1.5089006953564064
PDOL,CACNA1C,0.006905299598127961,0.0003005607817421053,1.0,2.0,5.054679305829669
PDOL,CACNA1D,0.00745921368024294,0.00032467050314848327,1.0,1.0,5.460144413937834
PDOL,CAMK2B,0.05270752189668614,0.0022941530283858884,28.0,50.0,2.221465961773453
PDOL,CARM1,0.013222693883561357,0.0005755323362736027,4.0,10.0,3.755396321699408
PDOL,CBR1,0.06318627548036201,0.0027502523364660685,17.0,23.0,2.975237764149833
PDOL,CCR4,0.050115525793968,0.002181333538972763,27.0,49.0,2.241268589069633
PDOL,CD38,0.08416343312147505,0.003663306261171896,34.0,67.0,1.9337838893216723
PDOL,CDC25B,0.08248591297348214,0.003590290346380079,15.0,32.0,2.6567840330312986
PDOL,CDK6,0.07374823414632152,0.003209973237530116,38.0,69.0,1.90479635244842
PDOL,CES1,0.03587149392581712,0.0015613463403562789,8.0,13.0,3.5142342648825204
PDOL,CES2,0.03848989589912112,0.0016753151744130482,9.0,12.0,3.588342237036242
PDOL,CHRM1,0.00623807557045428,0.00027151911997132786,4.0,6.0,4.207381445442466
PDOL,CHRM2,0.00623807557045428,0.00027151911997132786,4.0,6.0,4.207381445442466
PDOL,CHRM3,0.006736946249668907,0.000293233016552095,4.0,4.0,4.543853682063679
PDOL,CHRM4,0.00623807557045428,0.00027151911997132786,4.0,6.0,4.207381445442466
PDOL,CHRM5,0.006466627129771767,0.0002814670786892181,4.0,5.0,4.361532125269724
PDOL,CHRNA3,0.007067790114007714,0.00030763336067723745,4.0,3.0,4.7669972333778885
PDOL,CHRNA7,0.03848003392505739,0.0016748859211138981,8.0,10.0,3.755396321699408
PDOL,CLK1,0.00745921368024294,0.00032467050314848327,1.0,1.0,5.460144413937834
PDOL,CNR1,0.13073632869380641,0.0056904429121302745,7.0,16.0,3.3200782504415627
PDOL,CNR2,0.13073632869380641,0.0056904429121302745,7.0,16.0,3.3200782504415627
PDOL,CSNK1D,0.00745921368024294,0.00032467050314848327,1.0,1.0,5.460144413937834
PDOL,CSNK2A1,0.055462857798162825,0.002414082062708227,23.0,49.0,2.241268589069633
PDOL,CTBP2,0.016906939011820554,0.000735893169303835,7.0,8.0,3.9560670171615597
PDOL,CTSD,0.012738140524956719,0.0005544416168647801,8.0,12.0,3.588342237036242
PDOL,CTSL,0.091984723554104,0.004003736554348503,20.0,39.0,2.4644121403838426
PDOL,CXCL8,0.3642139515764586,0.015852813980276652,49.0,94.0,1.599414702897238
PDOL,CXCR1,0.050115525793968,0.002181333538972763,27.0,49.0,2.241268589069633
PDOL,CYP19A1,0.14379227818511015,0.006258717514807256,62.0,115.0,1.3997014033914144
PDOL,CYP1A1,0.07620406325237403,0.003316865908217462,42.0,79.0,1.7712649598238974
PDOL,CYP1A2,0.19415156226548155,0.00845066090206776,48.0,86.0,1.6873834758431951
PDOL,CYP1B1,0.0767452326068588,0.0033404209012959534,42.0,78.0,1.7838437420307574
PDOL,CYP2A13,0.02920639342213479,0.0012712404891460649,7.0,10.0,3.755396321699408
PDOL,CYP2A6,0.08045481122056358,0.00350188440222373,36.0,66.0,1.948598975106813
PDOL,CYP2B6,0.027562907561132277,0.0011997059542362505,9.0,14.0,3.445241393395569
PDOL,CYP2C19,0.09872551396384696,0.004297136892208034,54.0,105.0,1.4898525003857117
PDOL,CYP2C8,0.051553524478430195,0.0022439240178657063,29.0,51.0,2.2020478759163513
PDOL,CYP2C9,0.10602172823011763,0.00461471266607058,54.0,106.0,1.4804627600358728
PDOL,CYP2D6,0.08756098716039963,0.003811188548310757,52.0,105.0,1.4898525003857117
PDOL,CYP2E1,0.030618235520325977,0.001332692473770135,3.0,4.0,4.543853682063679
PDOL,CYP2J2,0.05342436518048847,0.0023253544230110567,29.0,51.0,2.2020478759163513
PDOL,CYP3A4,0.4110026571349716,0.01788934399892788,69.0,134.0,1.2480168160593494
PDOL,CYP3A5,0.001522628113200733,6.627406812735347e-05,1.0,1.0,5.460144413937834
PDOL,DAO,0.06759741483870851,0.0029422520426449898,16.0,29.0,2.7520942128356234
PDOL,DAPK1,0.09636448989916296,0.004194370715518796,46.0,82.0,1.734450986701181
PDOL,DHFR,0.027930313057268223,0.0012156976837138394,6.0,11.0,3.6683849447097785
PDOL,DNMT1,0.022295293879369862,0.0009704272584161387,3.0,8.0,3.9560670171615597
PDOL,DPP4,0.09039529801391792,0.0039345550545322305,47.0,82.0,1.734450986701181
PDOL,DRD1,0.23582353792447008,0.010264479607949704,38.0,74.0,1.8358034809614685
PDOL,DRD2,0.018637234908993643,0.0008112062067918087,6.0,11.0,3.6683849447097785
PDOL,DRD3,0.012755073671579803,0.0005551786507492719,3.0,4.0,4.543853682063679
PDOL,DRD4,0.0020048704211604257,8.726419650770308e-05,1.0,2.0,5.054679305829669
PDOL,DRD5,0.0020048704211604257,8.726419650770308e-05,1.0,2.0,5.054679305829669
PDOL,DUSP3,0.09624371544468154,0.004189113874169978,40.0,75.0,1.8225582542114478
PDOL,DYRK1A,0.012916328135777809,0.0005621974291715573,4.0,11.0,3.6683849447097785
PDOL,DYRK1B,0.00745921368024294,0.00032467050314848327,1.0,1.0,5.460144413937834
PDOL,EDNRA,0.006153430969877346,0.00026783487036591627,1.0,1.0,5.460144413937834
PDOL,EGFR,0.09778897711311714,0.004256373092754357,49.0,97.0,1.568324115827207
PDOL,EGLN1,0.1550911373852536,0.006750512824443026,13.0,23.0,2.975237764149833
PDOL,EHMT2,0.38516228290322485,0.016764613207854325,70.0,138.0,1.2188176613670871
PDOL,EP300,0.005993228560982456,0.00026086188381114464,2.0,7.0,4.073850052817943
PDOL,EPHB4,0.017927782978277504,0.0007803265289625807,5.0,11.0,3.6683849447097785
PDOL,EPHX2,0.08050530128953474,0.003504082038167621,39.0,73.0,1.849226501293609
PDOL,ERBB2,0.061544151553499966,0.002678777081241968,21.0,41.0,2.4156219762144104
PDOL,ERN1,0.0011286273427877978,4.91247500015465e-05,1.0,4.0,4.543853682063679
PDOL,ESR1,0.14101576514270425,0.006137866722067011,62.0,117.0,1.3826069700321142
PDOL,ESR2,0.05807625714482561,0.002527833151922404,21.0,43.0,2.369101960579518
PDOL,ESRRA,0.05222517401472378,0.0022731583047806213,20.0,39.0,2.4644121403838426
PDOL,ESRRB,0.0256078961117178,0.001114611924469594,3.0,4.0,4.543853682063679
PDOL,F10,0.04959578891860984,0.002158711418188866,4.0,5.0,4.361532125269724
PDOL,F2,0.0836249371236902,0.003639867628892554,34.0,59.0,2.058947032275678
PDOL,F3,0.1192907118188218,0.0051922598128193295,35.0,60.0,2.042417730324468
PDOL,FABP2,0.10869390796635554,0.004731022236577386,33.0,63.0,1.9944085111381071
PDOL,FABP3,0.11815836418828553,0.0051429731331899525,40.0,70.0,1.8906117174564634
PDOL,FABP4,0.13469045749973654,0.005862550729920183,42.0,73.0,1.849226501293609
PDOL,FABP5,0.10869390796635554,0.004731022236577386,33.0,63.0,1.9944085111381071
PDOL,FASN,0.06567858401653477,0.002858732814587204,24.0,51.0,2.2020478759163513
PDOL,FDPS,0.12037871801459299,0.005239616482590747,2.0,3.0,4.7669972333778885
PDOL,FLT3,0.0745422909028216,0.0032445354337230182,41.0,76.0,1.8094861726440952
PDOL,FLT4,0.017927782978277504,0.0007803265289625807,5.0,11.0,3.6683849447097785
PDOL,FOLH1,0.015541015332060287,0.0006764398344912371,3.0,5.0,4.361532125269724
PDOL,FUT7,0.04173192397094833,0.0018164280222846172,13.0,26.0,2.85745472849345
PDOL,FYN,0.029459420988930098,0.0012822537930871304,4.0,6.0,4.207381445442466
PDOL,GAA,0.19321356842185097,0.008409833685390973,55.0,108.0,1.4619437122686354
PDOL,GABRR1,0.3194825753568384,0.013905831490391042,7.0,16.0,3.3200782504415627
PDOL,GBA,0.09757681673150327,0.004247138578125933,51.0,97.0,1.568324115827207
PDOL,GBA2,0.023233934386033363,0.001011282621814719,2.0,3.0,4.7669972333778885
PDOL,GLO1,0.07157568190614559,0.0031154105048921484,40.0,74.0,1.8358034809614685
PDOL,GLRA1,0.0380645264400033,0.0016568004995108428,8.0,13.0,3.5142342648825204
PDOL,GLRA2,0.0013280817934392178,5.780622496984259e-05,1.0,2.0,5.054679305829669
PDOL,GPR35,0.06291402936656858,0.0027384025240683283,37.0,70.0,1.8906117174564634
PDOL,GRIA1,0.015541015332060287,0.0006764398344912371,3.0,5.0,4.361532125269724
PDOL,GRIA2,0.015541015332060287,0.0006764398344912371,3.0,5.0,4.361532125269724
PDOL,GRIA4,0.015541015332060287,0.0006764398344912371,3.0,5.0,4.361532125269724
PDOL,GRIK2,0.015541015332060287,0.0006764398344912371,3.0,5.0,4.361532125269724
PDOL,GRIK5,0.015541015332060287,0.0006764398344912371,3.0,5.0,4.361532125269724
PDOL,GRK6,0.014259753126374643,0.0006206714837216497,4.0,7.0,4.073850052817943
PDOL,GRM1,0.015541015332060287,0.0006764398344912371,3.0,5.0,4.361532125269724
PDOL,GRM2,0.015541015332060287,0.0006764398344912371,3.0,5.0,4.361532125269724
PDOL,GRM3,0.015541015332060287,0.0006764398344912371,3.0,5.0,4.361532125269724
PDOL,GRM4,0.015541015332060287,0.0006764398344912371,3.0,5.0,4.361532125269724
PDOL,GRM5,0.06921626112064708,0.003012714112697919,13.0,21.0,3.0622491411394632
PDOL,GRM8,0.015541015332060287,0.0006764398344912371,3.0,5.0,4.361532125269724
PDOL,GSK3B,0.22420846237730663,0.009758920633014643,49.0,86.0,1.6873834758431951
PDOL,GSTP1,0.013222693883561357,0.0005755323362736027,4.0,10.0,3.755396321699408
PDOL,HCAR2,0.07944011304325024,0.0034577185448164322,30.0,63.0,1.9944085111381071
PDOL,HDAC1,0.013631234133064114,0.0005933145012642358,4.0,5.0,4.361532125269724
PDOL,HDAC10,0.0028203225278604477,0.00012275764891771153,1.0,1.0,5.460144413937834
PDOL,HDAC2,0.013631234133064114,0.0005933145012642358,4.0,5.0,4.361532125269724
PDOL,HDAC3,0.013631234133064114,0.0005933145012642358,4.0,5.0,4.361532125269724
PDOL,HDAC6,0.013631234133064114,0.0005933145012642358,4.0,5.0,4.361532125269724
PDOL,HDAC8,0.013631234133064114,0.0005933145012642358,4.0,5.0,4.361532125269724
PDOL,HIF1A,0.09332210635298092,0.004061947615839284,54.0,101.0,1.5283187812135077
PDOL,HKDC1,0.10287500133378637,0.004477747906982265,1.0,7.0,4.073850052817943
PDOL,HMGCR,0.002472251110700707,0.00010760745655357777,2.0,6.0,4.207381445442466
PDOL,HRH1,0.0027030370619409963,0.00011765266964450316,1.0,2.0,5.054679305829669
PDOL,HRH3,0.003850695255837735,0.00016760575843211356,1.0,2.0,5.054679305829669
PDOL,HSD11B1,0.05941803675826434,0.002586235589616794,31.0,57.0,2.0928485839513593
PDOL,HSD11B2,0.021257732333376488,0.0009252662476681243,2.0,5.0,4.361532125269724
PDOL,HSD17B1,0.12446806252939271,0.005417609713255815,38.0,70.0,1.8906117174564634
PDOL,HSD17B2,0.12446806252939271,0.005417609713255815,38.0,70.0,1.8906117174564634
PDOL,HSD17B3,0.012560323470346059,0.0005467019334257954,4.0,12.0,3.588342237036242
PDOL,HSP90AA1,0.007145097332082584,0.0003109982426159139,2.0,3.0,4.7669972333778885
PDOL,HSP90AB1,0.08654226415647762,0.003766847505885824,15.0,24.0,2.9344157696295783
PDOL,HSPA1A,0.012634498967691598,0.0005499305037653544,4.0,12.0,3.588342237036242
PDOL,HSPA8,0.05942052259053814,0.002586343788208452,20.0,39.0,2.4644121403838426
PDOL,HTR1A,0.04839465081227323,0.0021064305572225097,27.0,53.0,2.1643075479335048
PDOL,HTR2A,0.0016688011444718636,7.263641054626529e-05,1.0,6.0,4.207381445442466
PDOL,HTR3A,0.0036315367445743166,0.00015806664249156454,1.0,3.0,4.7669972333778885
PDOL,HTR7,0.11027151533476989,0.004799689337431528,30.0,57.0,2.0928485839513593
PDOL,IDH1,0.11612913728429516,0.005054648793901212,52.0,97.0,1.568324115827207
PDOL,IDO1,0.06908443960461853,0.0030069764358100527,25.0,47.0,2.2820905835898877
PDOL,IGF1R,0.05634789671422426,0.0024526043577518374,32.0,59.0,2.058947032275678
PDOL,INSR,0.054801960521564025,0.0023853157797565625,21.0,42.0,2.3920914788042165
PDOL,JAK2,0.00745921368024294,0.00032467050314848327,1.0,1.0,5.460144413937834
PDOL,KAT2B,0.001193865917515416,5.196433092649137e-05,1.0,4.0,4.543853682063679
PDOL,KCNA5,0.00745921368024294,0.00032467050314848327,1.0,1.0,5.460144413937834
PDOL,KCNH2,0.10789110153767184,0.004696079201251565,28.0,44.0,2.3466291047274592
PDOL,KDM4E,0.2526583198576333,0.010997232060813756,69.0,132.0,1.2629424662760251
PDOL,KDR,0.05634789671422426,0.0024526043577518374,32.0,59.0,2.058947032275678
PDOL,KIT,0.012267491512955742,0.0005339560994787549,3.0,6.0,4.207381445442466
PDOL,KMT2A,0.2489063581719294,0.010833923789927535,52.0,100.0,1.5381710776565196
PDOL,LDHA,0.005786654449480136,0.0002518705177511332,2.0,6.0,4.207381445442466
PDOL,LIMK1,0.00745921368024294,0.00032467050314848327,1.0,1.0,5.460144413937834
PDOL,MAOA,0.07220159374262841,0.0031426540079728714,19.0,38.0,2.4897299483681326
PDOL,MAOB,0.06724029070644898,0.002926707820870746,14.0,30.0,2.719304390012633
PDOL,MAP2K1,0.09522869136715806,0.004144933831596558,34.0,58.0,2.0757541505920596
PDOL,MAP3K8,0.013222693883561357,0.0005755323362736027,4.0,10.0,3.755396321699408
PDOL,MAPK1,0.13325708460013297,0.005800161593415578,59.0,120.0,1.3575010489010377
PDOL,MAPK14,0.09652365751222446,0.004201298661443511,33.0,55.0,2.1279399037626296
PDOL,MAPK9,0.08736294779010248,0.0038025686662757525,12.0,17.0,3.2629198366016143
PDOL,MAPKAPK2,0.05270752189668614,0.0022941530283858884,28.0,50.0,2.221465961773453
PDOL,MAPT,0.283245488578705,0.012328572317878822,71.0,135.0,1.240636708761727
PDOL,MCL1,0.05993947480393853,0.002608931755715134,11.0,23.0,2.975237764149833
PDOL,MERTK,0.00745921368024294,0.00032467050314848327,1.0,1.0,5.460144413937834
PDOL,MET,0.08558470772678131,0.0037251688060724623,35.0,65.0,1.9636368524713532
PDOL,MGLL,0.09341312666177232,0.00406590937517731,14.0,25.0,2.8951950564762967
PDOL,MIF,0.07162486584504174,0.0031175512900838277,8.0,9.0,3.8507065015037334
PDOL,MMP1,0.09207420585193304,0.004007631370062924,35.0,67.0,1.9337838893216723
PDOL,MMP12,0.06629475870415959,0.0028855524975235415,35.0,65.0,1.9636368524713532
PDOL,MMP13,0.06528688650715866,0.0028416837484385843,35.0,67.0,1.9337838893216723
PDOL,MMP2,0.10187332431592269,0.004434148809902708,46.0,88.0,1.6646552247656392
PDOL,MMP3,0.10468751447692028,0.004556639540788546,46.0,84.0,1.7106403380074624
PDOL,MMP9,0.10275898349135829,0.004472698102419742,47.0,92.0,1.620692101344523
PDOL,MPG,0.06931981444527953,0.0030172213853746845,33.0,65.0,1.9636368524713532
PDOL,MTNR1A,0.006108089884345202,0.0002658613496056771,1.0,2.0,5.054679305829669
PDOL,MTNR1B,0.006108089884345202,0.0002658613496056771,1.0,2.0,5.054679305829669
PDOL,MYLK,0.00745921368024294,0.00032467050314848327,1.0,1.0,5.460144413937834
PDOL,NEK2,0.05338422089495281,0.0023236070987028763,29.0,51.0,2.2020478759163513
PDOL,NEK6,0.05338422089495281,0.0023236070987028763,29.0,51.0,2.2020478759163513
PDOL,NFKB1,0.12811174956227522,0.005576205210448093,55.0,102.0,1.518562606268143
PDOL,NOS2,0.083657266191641,0.0036412747872349555,10.0,22.0,3.017797378568629
PDOL,NQO1,0.0468174405198698,0.0020377807395397284,2.0,4.0,4.543853682063679
PDOL,NQO2,0.009878741058560587,0.0004299831010943751,3.0,9.0,3.8507065015037334
PDOL,NR1H4,0.09941297880399183,0.004327059557667788,25.0,40.0,2.4397195277934713
PDOL,NR1I2,0.08521000565144833,0.003708859484936997,20.0,39.0,2.4644121403838426
PDOL,NR3C1,0.03162199317443769,0.0013763821328373863,4.0,6.0,4.207381445442466
PDOL,NT5E,0.00458599102325319,0.0001996103177601352,2.0,2.0,5.054679305829669
PDOL,NUAK1,0.05634789671422426,0.0024526043577518374,32.0,59.0,2.058947032275678
PDOL,ODC1,0.028534623319142145,0.0012420009544325847,6.0,13.0,3.5142342648825204
PDOL,OPRD1,0.008900502988666627,0.00038740421007899814,3.0,9.0,3.8507065015037334
PDOL,OPRK1,0.013398130428765219,0.0005831684054148898,4.0,8.0,3.9560670171615597
PDOL,OPRM1,0.005967003876297101,0.0002597204254836729,2.0,9.0,3.8507065015037334
PDOL,PARP1,0.07050025650511074,0.00306860142808859,23.0,45.0,2.324650198008684
PDOL,PDE4B,0.001184052964077964,5.153721130417129e-05,1.0,3.0,4.7669972333778885
PDOL,PDE4D,0.001184052964077964,5.153721130417129e-05,1.0,3.0,4.7669972333778885
PDOL,PDE5A,0.08098427265288854,0.0035249297950760584,40.0,72.0,1.862832153349388
PDOL,PDGFRB,0.017927782978277504,0.0007803265289625807,5.0,11.0,3.6683849447097785
PDOL,PDPK1,0.01791036908466904,0.0007795685700352733,4.0,7.0,4.073850052817943
PDOL,PIK3CA,0.01384610417844459,0.000602666956996935,5.0,11.0,3.6683849447097785
PDOL,PIK3CB,0.009044200682253208,0.000393658810694825,4.0,10.0,3.755396321699408
PDOL,PIK3CG,0.051553524478430195,0.0022439240178657063,29.0,51.0,2.2020478759163513
PDOL,PIM1,0.07807600250225913,0.0033983441288687032,43.0,79.0,1.7712649598238974
PDOL,PIM3,0.00745921368024294,0.00032467050314848327,1.0,1.0,5.460144413937834
PDOL,PKN1,0.05338422089495281,0.0023236070987028763,29.0,51.0,2.2020478759163513
PDOL,PLA2G2A,0.03418787223783848,0.0014880648493064178,2.0,5.0,4.361532125269724
PDOL,PLG,0.06951520548581774,0.0030257259959357513,36.0,67.0,1.9337838893216723
PDOL,PLK1,0.05634789671422426,0.0024526043577518374,32.0,59.0,2.058947032275678
PDOL,PLK4,0.017927782978277504,0.0007803265289625807,5.0,11.0,3.6683849447097785
PDOL,PNP,0.06124738993917326,0.0026658602046422523,18.0,32.0,2.6567840330312986
PDOL,POLA1,0.012157297028544279,0.0005291597629972275,3.0,5.0,4.361532125269724
PDOL,POLB,0.212632804901596,0.009255077373118774,59.0,110.0,1.443761393185445
PDOL,PPARA,0.19010716254580717,0.008274623943185854,57.0,101.0,1.5283187812135077
PDOL,PPARD,0.14764859772473668,0.006426568076395016,55.0,98.0,1.558171744363189
PDOL,PPARG,0.14632853754364805,0.00636911100095079,57.0,103.0,1.5089006953564064
PDOL,PRKCA,0.09378832753712357,0.004082240407133761,34.0,60.0,2.042417730324468
PDOL,PRKCD,0.00745921368024294,0.00032467050314848327,1.0,1.0,5.460144413937834
PDOL,PRKCE,0.00745921368024294,0.00032467050314848327,1.0,1.0,5.460144413937834
PDOL,PTAFR,0.0025491963814854987,0.00011095658433721581,1.0,3.0,4.7669972333778885
PDOL,PTGES,0.036823730700957985,0.0016027934963373908,7.0,12.0,3.588342237036242
PDOL,PTGS1,0.08244231566101588,0.0035883927252659616,36.0,71.0,1.8766254754817235
PDOL,PTGS2,0.09295281263059692,0.004045873699231484,46.0,89.0,1.6534819241675138
PDOL,PTK2,0.05634789671422426,0.0024526043577518374,32.0,59.0,2.058947032275678
PDOL,PTK2B,0.03253319852563181,0.0014160433508324378,4.0,5.0,4.361532125269724
PDOL,PTPN1,0.2360486139394486,0.010274276289766621,49.0,90.0,1.6424320879809289
PDOL,PTPN11,0.08671765457096398,0.0037744815671367483,16.0,31.0,2.6875556916980523
PDOL,PTPN2,0.08534540033583005,0.0037147526879187367,19.0,35.0,2.569772656041669
PDOL,PTPN6,0.09140742422293821,0.0039786089641826216,21.0,38.0,2.4897299483681326
PDOL,PTPRF,0.08763756745783907,0.0038145217902269633,19.0,35.0,2.569772656041669
PDOL,PTPRS,0.06134320997601403,0.0026700308774378584,25.0,46.0,2.3031439927877204
PDOL,PYGL,0.050115525793968,0.002181333538972763,27.0,49.0,2.241268589069633
PDOL,RELA,0.05656442257124549,0.002462028884512606,15.0,24.0,2.9344157696295783
PDOL,RORB,0.01688166568716692,0.0007347931199711199,2.0,3.0,4.7669972333778885
PDOL,RORC,0.1839269517884704,0.008005623453031931,61.0,111.0,1.4347927232026845
PDOL,RXRA,0.14756930848259642,0.006423116924672667,3.0,7.0,4.073850052817943
PDOL,SAE1,0.0012524953319437422,5.4516240859325693e-05,1.0,3.0,4.7669972333778885
PDOL,SHBG,0.04456760252280104,0.0019398540590847048,14.0,22.0,3.017797378568629
PDOL,SIRT2,0.021139594996566955,0.0009201241897747884,2.0,6.0,4.207381445442466
PDOL,SIRT3,0.024141254919146968,0.0010507747488177556,1.0,2.0,5.054679305829669
PDOL,SLC1A1,0.015541015332060287,0.0006764398344912371,3.0,5.0,4.361532125269724
PDOL,SLC22A1,0.041580728326265415,0.001809847065076878,16.0,28.0,2.7859957645113047
PDOL,SLC22A12,0.014317251246986573,0.0006231741528432774,2.0,4.0,4.543853682063679
PDOL,SLC28A1,0.05779851338119713,0.0025157440482515363,18.0,31.0,2.6875556916980523
PDOL,SLC28A2,0.05779851338119713,0.0025157440482515363,18.0,31.0,2.6875556916980523
PDOL,SLC28A3,0.05649472160262629,0.002458995072971388,18.0,33.0,2.6269310698816177
PDOL,SLC47A1,0.013308730420330204,0.0005792771714371109,5.0,9.0,3.8507065015037334
PDOL,SLC5A1,0.04606045426324955,0.002004832077743867,8.0,11.0,3.6683849447097785
PDOL,SLC5A2,0.04715297416250191,0.0020523852114380397,8.0,10.0,3.755396321699408
PDOL,SLC6A15,0.002919863322961405,0.00012709027182068958,1.0,1.0,5.460144413937834
PDOL,SLC6A2,0.003850695255837735,0.00016760575843211356,1.0,2.0,5.054679305829669
PDOL,SLC6A3,0.003850695255837735,0.00016760575843211356,1.0,2.0,5.054679305829669
PDOL,SLC6A4,0.003850695255837735,0.00016760575843211356,1.0,2.0,5.054679305829669
PDOL,SLCO1B1,0.20268649524805696,0.00882215327439796,49.0,81.0,1.746572347233526
PDOL,SLCO1B3,0.20127983374455236,0.008760926780871961,49.0,82.0,1.734450986701181
PDOL,SLCO2B1,0.20268649524805696,0.00882215327439796,49.0,81.0,1.746572347233526
PDOL,SMAD3,0.012634498967691598,0.0005499305037653544,4.0,12.0,3.588342237036242
PDOL,SOAT1,0.10717151545784466,0.004664758423404036,30.0,52.0,2.182999680945657
PDOL,SOAT2,0.00262280993453179,0.00011416069543131019,1.0,2.0,5.054679305829669
PDOL,SRC,0.06553667662670784,0.0028525561389172696,35.0,66.0,1.948598975106813
PDOL,STAT3,0.038808809479119376,0.0016891962397528396,12.0,19.0,3.157559320943788
PDOL,SYK,0.07815176512336099,0.003401641780520397,39.0,69.0,1.90479635244842
PDOL,TAS2R31,0.00850956112092537,0.0003703880340660289,1.0,2.0,5.054679305829669
PDOL,TBXAS1,0.03196787192635945,0.0013914368870284674,9.0,16.0,3.3200782504415627
PDOL,TEK,0.017927782978277504,0.0007803265289625807,5.0,11.0,3.6683849447097785
PDOL,TERT,0.12501142885164096,0.005441260331779527,39.0,67.0,1.9337838893216723
PDOL,TGM2,0.010124451163243484,0.00044067790442563784,1.0,4.0,4.543853682063679
PDOL,THRB,0.3138913323680913,0.013662466472012481,51.0,104.0,1.4993312443402556
PDOL,TLR2,0.10869390796635554,0.004731022236577386,33.0,63.0,1.9944085111381071
PDOL,TNKS,0.059879659634495895,0.0026063282344873815,21.0,42.0,2.3920914788042165
PDOL,TNKS2,0.059879659634495895,0.0026063282344873815,21.0,42.0,2.3920914788042165
PDOL,TOP1,0.08996803164720335,0.0039159578146345355,24.0,50.0,2.221465961773453
PDOL,TOP2A,0.1211449559796067,0.005272967835199319,42.0,83.0,1.7224747956544653
PDOL,TRPV1,0.2363093489774396,0.01028562506989303,25.0,37.0,2.515705434771393
PDOL,TTR,0.0648837361665164,0.0028241361851763206,31.0,64.0,1.9789043246021418
PDOL,TUBB3,0.007597603544440396,0.00033069407463546803,1.0,1.0,5.460144413937834
PDOL,TYR,0.08153320637122742,0.003548822740655604,34.0,77.0,1.7965827678081872
PDOL,UBE2N,0.2705801878683485,0.011777301134288815,10.0,14.0,3.445241393395569
PDOL,UGT1A1,0.7571095428499608,0.03295402796499712,61.0,109.0,1.4528112287053627
PDOL,VCP,0.03561699987254324,0.001550269205973659,2.0,4.0,4.543853682063679
PDOL,XDH,0.1097589819148964,0.004777380754993209,42.0,73.0,1.849226501293609
PDOL,XPO1,0.03922909194121764,0.0017074894974986724,8.0,11.0,3.6683849447097785
PHOL,ABCB1,0.05793628090970329,0.0024221918087533657,19.0,28.0,2.7859957645113047
PHOL,ABCB11,0.09286379971820065,0.0038824365574605998,10.0,18.0,3.2088526153313386
PHOL,ABCC1,0.08190436925730536,0.003424246244341334,47.0,60.0,2.042417730324468
PHOL,ABCG2,0.09614029262738204,0.004019419707939775,48.0,63.0,1.9944085111381071
PHOL,ACHE,0.12436921726853203,0.00519961058250207,64.0,95.0,1.5889434030299427
PHOL,ACP1,0.15845727979478186,0.0066247594621141595,18.0,24.0,2.9344157696295783
PHOL,ADORA1,0.04798275292871916,0.002006056123735667,20.0,31.0,2.6875556916980523
PHOL,ADORA2A,0.06189448614699392,0.0025876758914833687,23.0,35.0,2.569772656041669
PHOL,ADORA2B,0.04798275292871916,0.002006056123735667,20.0,31.0,2.6875556916980523
PHOL,ADORA3,0.09028475317652163,0.0037746121457178992,55.0,74.0,1.8358034809614685
PHOL,ADRA1A,0.0019822271787567295,8.287267253063713e-05,1.0,2.0,5.054679305829669
PHOL,ADRA1B,0.0019822271787567295,8.287267253063713e-05,1.0,2.0,5.054679305829669
PHOL,ADRA1D,0.002141233103505029,8.952036966309286e-05,1.0,1.0,5.460144413937834
PHOL,ADRA2A,0.00304532108468213,0.0001273183516532136,1.0,2.0,5.054679305829669
PHOL,ADRA2B,0.01173953625112972,0.0004908048652685812,8.0,13.0,3.5142342648825204
PHOL,ADRA2C,0.0019822271787567295,8.287267253063713e-05,1.0,2.0,5.054679305829669
PHOL,ADRB2,0.08156239978784485,0.003409949233301534,19.0,25.0,2.8951950564762967
PHOL,AGTR1,0.0009852299556004735,4.119035413945991e-05,1.0,1.0,5.460144413937834
PHOL,AKR1B1,0.21310194322937126,0.008909335794682637,76.0,113.0,1.4170931461032836
PHOL,AKR1B10,0.18599368696659166,0.007775997664614733,64.0,87.0,1.6759547800195724
PHOL,AKR1C2,0.055264244793541306,0.0023104797020796915,32.0,44.0,2.3466291047274592
PHOL,AKR1C3,0.05474663096238504,0.002288839376497209,32.0,45.0,2.324650198008684
PHOL,AKR1C4,0.055264244793541306,0.0023104797020796915,32.0,44.0,2.3466291047274592
PHOL,AKT1,0.07697064514745583,0.003217977807053275,49.0,67.0,1.9337838893216723
PHOL,ALDH2,0.01383386940934546,0.0005783644486760332,2.0,2.0,5.054679305829669
PHOL,ALK,0.052960508070399724,0.0022141654041527205,39.0,51.0,2.2020478759163513
PHOL,ALOX12,0.09601961643830409,0.004014374494955674,56.0,79.0,1.7712649598238974
PHOL,ALOX15,0.20859376781565483,0.008720858636879806,76.0,116.0,1.391117659700023
PHOL,ALOX5,0.14993583735761867,0.006268496206241222,70.0,105.0,1.4898525003857117
PHOL,ALPI,0.06776620063165317,0.00283315969722241,35.0,46.0,2.3031439927877204
PHOL,ALPL,0.06776620063165317,0.00283315969722241,35.0,46.0,2.3031439927877204
PHOL,AMY1A,0.1025520546388117,0.00428748174402328,57.0,83.0,1.7224747956544653
PHOL,AOC3,0.018279168894296344,0.0007642128985736905,4.0,5.0,4.361532125269724
PHOL,AOX1,0.029728632163115155,0.0012428904337709957,4.0,5.0,4.361532125269724
PHOL,APEX1,0.15791311520389334,0.006602009106137426,67.0,91.0,1.6315030174487386
PHOL,APOBEC3G,0.010483251047536694,0.00043828227179483557,9.0,10.0,3.755396321699408
PHOL,APP,0.13187575782520808,0.005513442964611541,65.0,94.0,1.599414702897238
PHOL,AR,0.2903089166671414,0.012137193981352757,49.0,71.0,1.8766254754817235
PHOL,ATR,0.0038363519394299344,0.0001603896573489923,2.0,3.0,4.7669972333778885
PHOL,AURKA,0.007022417833979552,0.0002935922480357211,5.0,11.0,3.6683849447097785
PHOL,AURKB,0.05297739663172541,0.0022148714787274494,43.0,59.0,2.058947032275678
PHOL,AVPR2,0.053903788604033366,0.0022536019428129237,39.0,49.0,2.241268589069633
PHOL,AXL,0.052960508070399724,0.0022141654041527205,39.0,51.0,2.2020478759163513
PHOL,BACE1,0.1515787381968793,0.0063371823713344435,63.0,96.0,1.578580615994396
PHOL,BBOX1,0.0010850843429924134,4.53650521941349e-05,1.0,1.0,5.460144413937834
PHOL,BCHE,0.09435683178031894,0.003944857029991542,55.0,79.0,1.7712649598238974
PHOL,BCL2,0.07982479130766823,0.0033373035445997713,36.0,51.0,2.2020478759163513
PHOL,BCL2L1,0.0610864221209466,0.002553892465379601,32.0,43.0,2.369101960579518
PHOL,BCR,0.01721266918113286,0.000719624829945527,6.0,8.0,3.9560670171615597
PHOL,BRAF,0.007022417833979552,0.0002935922480357211,5.0,11.0,3.6683849447097785
PHOL,CA1,0.1514446181828882,0.0063315751008266,78.0,117.0,1.3826069700321142
PHOL,CA12,0.14653873038808835,0.00612647044024703,74.0,113.0,1.4170931461032836
PHOL,CA13,0.10893315850498303,0.0045542620287214635,35.0,52.0,2.182999680945657
PHOL,CA14,0.12141113248131835,0.005075939393591032,67.0,99.0,1.5481214085096875
PHOL,CA2,0.1514446181828882,0.0063315751008266,78.0,117.0,1.3826069700321142
PHOL,CA3,0.12056777972221375,0.005040680621144515,66.0,97.0,1.568324115827207
PHOL,CA4,0.12308122977360025,0.005145762584131882,73.0,111.0,1.4347927232026845
PHOL,CA5A,0.12056777972221375,0.005040680621144515,66.0,97.0,1.568324115827207
PHOL,CA5B,0.12056777972221375,0.005040680621144515,66.0,97.0,1.568324115827207
PHOL,CA6,0.11942784334661402,0.004993022322956872,67.0,100.0,1.5381710776565196
PHOL,CA7,0.14653873038808835,0.00612647044024703,74.0,113.0,1.4170931461032836
PHOL,CA9,0.1486820812607103,0.006216079349300766,70.0,103.0,1.5089006953564064
PHOL,CAMK2B,0.05342752411668746,0.0022336903447273074,39.0,50.0,2.221465961773453
PHOL,CARM1,0.007188984389763798,0.00030055603895736603,5.0,10.0,3.755396321699408
PHOL,CBR1,0.09217858568255986,0.003853789226318328,19.0,23.0,2.975237764149833
PHOL,CCR4,0.053903788604033366,0.0022536019428129237,39.0,49.0,2.241268589069633
PHOL,CD38,0.07722737193654731,0.003228711004211617,49.0,67.0,1.9337838893216723
PHOL,CDC25B,0.15131774111802374,0.006326270642507773,24.0,32.0,2.6567840330312986
PHOL,CDK6,0.0949906421837869,0.003971355285376203,51.0,69.0,1.90479635244842
PHOL,CES1,0.041893849490106036,0.0017514921130376867,8.0,13.0,3.5142342648825204
PHOL,CES2,0.04939296632339577,0.0020650141251735516,8.0,12.0,3.588342237036242
PHOL,CHRM1,0.007373139850062587,0.0003082551843023726,4.0,6.0,4.207381445442466
PHOL,CHRM2,0.007373139850062587,0.0003082551843023726,4.0,6.0,4.207381445442466
PHOL,CHRM3,0.007962783762420206,0.00033290693329571724,4.0,4.0,4.543853682063679
PHOL,CHRM4,0.007373139850062587,0.0003082551843023726,4.0,6.0,4.207381445442466
PHOL,CHRM5,0.007643278066691307,0.0003195490845195634,4.0,5.0,4.361532125269724
PHOL,CHRNA3,0.006484416450567382,0.0002710995625623482,3.0,3.0,4.7669972333778885
PHOL,CHRNA7,0.04758704350384626,0.001989512360267876,10.0,10.0,3.755396321699408
PHOL,CNR1,0.04485810591642948,0.0018754213249606193,8.0,16.0,3.3200782504415627
PHOL,CNR2,0.04485810591642948,0.0018754213249606193,8.0,16.0,3.3200782504415627
PHOL,CSNK2A1,0.093905172985233,0.00392597414319538,37.0,49.0,2.241268589069633
PHOL,CTBP2,0.008625595110975553,0.0003606176560761753,5.0,8.0,3.9560670171615597
PHOL,CTSD,0.014977301879907545,0.0006261689111056236,9.0,12.0,3.588342237036242
PHOL,CTSL,0.06444911693822136,0.00269447953299678,28.0,39.0,2.4644121403838426
PHOL,CXCL8,0.2910557981645526,0.0121684194969836,63.0,94.0,1.599414702897238
PHOL,CXCR1,0.053903788604033366,0.0022536019428129237,39.0,49.0,2.241268589069633
PHOL,CYP19A1,0.15303872650201544,0.006398221355163732,76.0,115.0,1.3997014033914144
PHOL,CYP1A1,0.10124683486114865,0.004232913300822624,56.0,79.0,1.7712649598238974
PHOL,CYP1A2,0.15318977639855966,0.006404536427798316,58.0,86.0,1.6873834758431951
PHOL,CYP1B1,0.10196584749547465,0.004262973678981329,56.0,78.0,1.7838437420307574
PHOL,CYP2A13,0.017001786928716196,0.0007108082946692774,5.0,10.0,3.755396321699408
PHOL,CYP2A6,0.08239701235920482,0.0034448425972194124,40.0,66.0,1.948598975106813
PHOL,CYP2B6,0.04817516804870261,0.0020141005877603877,10.0,14.0,3.445241393395569
PHOL,CYP2C19,0.1038048975781347,0.004339860423801021,68.0,105.0,1.4898525003857117
PHOL,CYP2C8,0.052960508070399724,0.0022141654041527205,39.0,51.0,2.2020478759163513
PHOL,CYP2C9,0.14361489776719838,0.0060042312610438745,69.0,106.0,1.4804627600358728
PHOL,CYP2D6,0.09978097522518005,0.004171628849227274,67.0,105.0,1.4898525003857117
PHOL,CYP2E1,0.01918689139208566,0.0008021628319184487,4.0,4.0,4.543853682063679
PHOL,CYP2J2,0.052960508070399724,0.0022141654041527205,39.0,51.0,2.2020478759163513
PHOL,CYP3A4,0.3298228329336539,0.013789186183987964,82.0,134.0,1.2480168160593494
PHOL,CYP3A5,0.0009852299556004735,4.119035413945991e-05,1.0,1.0,5.460144413937834
PHOL,DAO,0.043084419571096565,0.0018012672979933215,19.0,29.0,2.7520942128356234
PHOL,DAPK1,0.12332909887005683,0.005156125460133811,56.0,82.0,1.734450986701181
PHOL,DHFR,0.04400323617201431,0.0018396810520269675,8.0,11.0,3.6683849447097785
PHOL,DNMT1,0.03282489184712937,0.0013723384191548218,5.0,8.0,3.9560670171615597
PHOL,DPP4,0.10208326308535946,0.004267882573297176,60.0,82.0,1.734450986701181
PHOL,DRD1,0.23872647957463689,0.009980642773039441,55.0,74.0,1.8358034809614685
PHOL,DRD2,0.011630824596545856,0.00048625986384435353,4.0,11.0,3.6683849447097785
PHOL,DRD3,0.001781903404730851,7.449756462027111e-05,1.0,4.0,4.543853682063679
PHOL,DRD4,0.0019822271787567295,8.287267253063713e-05,1.0,2.0,5.054679305829669
PHOL,DRD5,0.0019822271787567295,8.287267253063713e-05,1.0,2.0,5.054679305829669
PHOL,DUSP3,0.11105949129554196,0.004643159448215868,56.0,75.0,1.8225582542114478
PHOL,DYRK1A,0.012257764925585711,0.0005124708961324676,6.0,11.0,3.6683849447097785
PHOL,EBP,0.0030624296301016924,0.0001280336232917148,1.0,2.0,5.054679305829669
PHOL,EDNRA,0.0022120176689101553,9.247972072633566e-05,1.0,1.0,5.460144413937834
PHOL,EGFR,0.10289661725578102,0.004301887169006055,67.0,97.0,1.568324115827207
PHOL,EGLN1,0.17086677782495208,0.007143573994345984,18.0,23.0,2.975237764149833
PHOL,EHMT2,0.40558007041694427,0.01695643401564981,89.0,138.0,1.2188176613670871
PHOL,EP300,0.009813243432126997,0.00041027068851117436,5.0,7.0,4.073850052817943
PHOL,EPHB4,0.007022417833979552,0.0002935922480357211,5.0,11.0,3.6683849447097785
PHOL,EPHX2,0.08725003685685628,0.003647737156575259,55.0,73.0,1.849226501293609
PHOL,ERBB2,0.05119944246271913,0.002140539023193794,26.0,41.0,2.4156219762144104
PHOL,ERN1,0.004105105335041891,0.00017162566116567685,2.0,4.0,4.543853682063679
PHOL,ESR1,0.1267343510571353,0.005298491760227118,76.0,117.0,1.3826069700321142
PHOL,ESR2,0.1149253525922976,0.004804782828587353,29.0,43.0,2.369101960579518
PHOL,ESRRA,0.056476790912305785,0.0023611736581032844,31.0,39.0,2.4644121403838426
PHOL,ESRRB,0.030151459630974382,0.0012605679445308038,3.0,4.0,4.543853682063679
PHOL,F10,0.003721495242841588,0.00015558774488087305,3.0,5.0,4.361532125269724
PHOL,F2,0.06550187622158514,0.0027384931436862043,45.0,59.0,2.058947032275678
PHOL,F3,0.131245848824727,0.005487107818529189,43.0,60.0,2.042417730324468
PHOL,FABP2,0.0921463332617868,0.003852440821688581,44.0,63.0,1.9944085111381071
PHOL,FABP3,0.11379043907687601,0.004757334525425089,50.0,70.0,1.8906117174564634
PHOL,FABP4,0.13796086461396762,0.005767848245511343,51.0,73.0,1.849226501293609
PHOL,FABP5,0.0921463332617868,0.003852440821688581,44.0,63.0,1.9944085111381071
PHOL,FASN,0.062111029359131924,0.002596729099360127,37.0,51.0,2.2020478759163513
PHOL,FDPS,0.03338233356707201,0.0013956438634584844,1.0,3.0,4.7669972333778885
PHOL,FLT3,0.09384130979252377,0.003923304159899382,55.0,76.0,1.8094861726440952
PHOL,FLT4,0.007022417833979552,0.0002935922480357211,5.0,11.0,3.6683849447097785
PHOL,FOLH1,0.020359931668046272,0.0008512051332735865,5.0,5.0,4.361532125269724
PHOL,FUCA1,0.0012806418083164057,5.354089094682591e-05,1.0,1.0,5.460144413937834
PHOL,FUT7,0.04701139870895134,0.001965445884390366,19.0,26.0,2.85745472849345
PHOL,FYN,0.027918744898219043,0.0011672229238969855,3.0,6.0,4.207381445442466
PHOL,GAA,0.13961756985158993,0.0058371115429318625,71.0,108.0,1.4619437122686354
PHOL,GABRR1,0.2557469643744325,0.010692232785648818,10.0,16.0,3.3200782504415627
PHOL,GBA,0.12607921894160876,0.005271102089731132,65.0,97.0,1.568324115827207
PHOL,GBA2,0.029878232892309824,0.0012491449198227258,3.0,3.0,4.7669972333778885
PHOL,GLO1,0.09139871338956278,0.003821184436188369,52.0,74.0,1.8358034809614685
PHOL,GLRA1,0.022882288181258387,0.0009566594563527682,11.0,13.0,3.5142342648825204
PHOL,GLRA2,0.0028644901427120387,0.00011975819729860863,2.0,2.0,5.054679305829669
PHOL,GPBAR1,0.0028881344771511754,0.00012074671627674535,1.0,3.0,4.7669972333778885
PHOL,GPR35,0.11230414889337946,0.004695195916398618,52.0,70.0,1.8906117174564634
PHOL,GRIA1,0.020359931668046272,0.0008512051332735865,5.0,5.0,4.361532125269724
PHOL,GRIA2,0.020359931668046272,0.0008512051332735865,5.0,5.0,4.361532125269724
PHOL,GRIA4,0.020359931668046272,0.0008512051332735865,5.0,5.0,4.361532125269724
PHOL,GRIK2,0.020359931668046272,0.0008512051332735865,5.0,5.0,4.361532125269724
PHOL,GRIK5,0.020359931668046272,0.0008512051332735865,5.0,5.0,4.361532125269724
PHOL,GRK6,0.048694472113639836,0.002035811578396872,5.0,7.0,4.073850052817943
PHOL,GRM1,0.020359931668046272,0.0008512051332735865,5.0,5.0,4.361532125269724
PHOL,GRM2,0.020359931668046272,0.0008512051332735865,5.0,5.0,4.361532125269724
PHOL,GRM3,0.020359931668046272,0.0008512051332735865,5.0,5.0,4.361532125269724
PHOL,GRM4,0.020359931668046272,0.0008512051332735865,5.0,5.0,4.361532125269724
PHOL,GRM5,0.03606655161519846,0.0015078652706146162,16.0,21.0,3.0622491411394632
PHOL,GRM8,0.020359931668046272,0.0008512051332735865,5.0,5.0,4.361532125269724
PHOL,GSK3B,0.13780015276723478,0.005761129227434697,61.0,86.0,1.6873834758431951
PHOL,GSTP1,0.007188984389763798,0.00030055603895736603,5.0,10.0,3.755396321699408
PHOL,HCAR2,0.10342815211616325,0.004324109503002455,46.0,63.0,1.9944085111381071
PHOL,HDAC1,0.010628073283251141,0.00044433697926940757,4.0,5.0,4.361532125269724
PHOL,HDAC2,0.010628073283251141,0.00044433697926940757,4.0,5.0,4.361532125269724
PHOL,HDAC3,0.010628073283251141,0.00044433697926940757,4.0,5.0,4.361532125269724
PHOL,HDAC6,0.010628073283251141,0.00044433697926940757,4.0,5.0,4.361532125269724
PHOL,HDAC8,0.010628073283251141,0.00044433697926940757,4.0,5.0,4.361532125269724
PHOL,HIF1A,0.12810884653655077,0.005355956472133593,67.0,101.0,1.5283187812135077
PHOL,HKDC1,0.13747942527315263,0.005747720297886414,4.0,7.0,4.073850052817943
PHOL,HMGCR,0.005903107456281521,0.000246796278640683,5.0,6.0,4.207381445442466
PHOL,HRH1,0.0019822271787567295,8.287267253063713e-05,1.0,2.0,5.054679305829669
PHOL,HRH3,0.005027548263438859,0.0002101910241838507,2.0,2.0,5.054679305829669
PHOL,HRH4,0.002141233103505029,8.952036966309286e-05,1.0,1.0,5.460144413937834
PHOL,HSD11B1,0.06592293479475216,0.0027560967007477987,44.0,57.0,2.0928485839513593
PHOL,HSD11B2,0.029344163952510043,0.0012268166413937256,3.0,5.0,4.361532125269724
PHOL,HSD17B1,0.10700548801434016,0.004473670254463673,51.0,70.0,1.8906117174564634
PHOL,HSD17B2,0.10700548801434016,0.004473670254463673,51.0,70.0,1.8906117174564634
PHOL,HSD17B3,0.0444271891838833,0.0018574056193709754,7.0,12.0,3.588342237036242
PHOL,HSP90AA1,0.007379252683247493,0.00030851074876450695,1.0,3.0,4.7669972333778885
PHOL,HSP90AB1,0.04166148707146674,0.0017417775380209122,19.0,24.0,2.9344157696295783
PHOL,HSPA1A,0.008096394683513069,0.0003384929197199325,7.0,12.0,3.588342237036242
PHOL,HSPA8,0.048716463228260044,0.002036730979795478,25.0,39.0,2.4644121403838426
PHOL,HTR1A,0.05787741835371899,0.0024197308913677697,42.0,53.0,2.1643075479335048
PHOL,HTR1B,0.0037935232148711183,0.00015859908011177885,1.0,1.0,5.460144413937834
PHOL,HTR1D,0.0037935232148711183,0.00015859908011177885,1.0,1.0,5.460144413937834
PHOL,HTR1E,0.005494046983640703,0.00022969433646286838,2.0,2.0,5.054679305829669
PHOL,HTR2A,0.011322909292308976,0.00047338658451054913,3.0,6.0,4.207381445442466
PHOL,HTR2B,0.005494046983640703,0.00022969433646286838,2.0,2.0,5.054679305829669
PHOL,HTR2C,0.005181358734441917,0.00021662151052357202,2.0,3.0,4.7669972333778885
PHOL,HTR3A,0.0080533583821118,0.0003366936641395534,3.0,3.0,4.7669972333778885
PHOL,HTR4,0.0037935232148711183,0.00015859908011177885,1.0,1.0,5.460144413937834
PHOL,HTR5A,0.005494046983640703,0.00022969433646286838,2.0,2.0,5.054679305829669
PHOL,HTR6,0.005181358734441917,0.00021662151052357202,2.0,3.0,4.7669972333778885
PHOL,HTR7,0.0933097426480307,0.003901080476173458,42.0,57.0,2.0928485839513593
PHOL,IDH1,0.16967497493203618,0.00709374726816436,66.0,97.0,1.568324115827207
PHOL,IDO1,0.06957963145447027,0.0029089753556630054,30.0,47.0,2.2820905835898877
PHOL,IGF1R,0.05297739663172541,0.0022148714787274494,43.0,59.0,2.058947032275678
PHOL,INSR,0.07869998954298665,0.003290277992077177,30.0,42.0,2.3920914788042165
PHOL,KAT2B,0.010125511670387624,0.00042332595469278485,4.0,4.0,4.543853682063679
PHOL,KCNA3,0.0055376718194095585,0.00023151819740455055,1.0,1.0,5.460144413937834
PHOL,KCNH2,0.11338344366548965,0.0047403189190350845,32.0,44.0,2.3466291047274592
PHOL,KDM2A,0.0010850843429924134,4.53650521941349e-05,1.0,1.0,5.460144413937834
PHOL,KDM4E,0.24896529443888835,0.010408705691578944,82.0,132.0,1.2629424662760251
PHOL,KDM5C,0.0010850843429924134,4.53650521941349e-05,1.0,1.0,5.460144413937834
PHOL,KDM7A,0.0010850843429924134,4.53650521941349e-05,1.0,1.0,5.460144413937834
PHOL,KDR,0.05297739663172541,0.0022148714787274494,43.0,59.0,2.058947032275678
PHOL,KIT,0.0078055137357057845,0.0003263318103418672,3.0,6.0,4.207381445442466
PHOL,KMT2A,0.25907583141872653,0.010831405586534757,70.0,100.0,1.5381710776565196
PHOL,LDHA,0.0038196208227799975,0.0001596901651989191,4.0,6.0,4.207381445442466
PHOL,MAN1B1,0.0012806418083164057,5.354089094682591e-05,1.0,1.0,5.460144413937834
PHOL,MAOA,0.054396258872130225,0.002274191069879915,26.0,38.0,2.4897299483681326
PHOL,MAOB,0.040370068787943636,0.001687786105728266,20.0,30.0,2.719304390012633
PHOL,MAP2K1,0.06805348791581572,0.0028451705632209037,44.0,58.0,2.0757541505920596
PHOL,MAP3K8,0.007188984389763798,0.00030055603895736603,5.0,10.0,3.755396321699408
PHOL,MAPK1,0.12945181088410623,0.005412102934954817,75.0,120.0,1.3575010489010377
PHOL,MAPK14,0.06828597452177794,0.0028548903302436472,43.0,55.0,2.1279399037626296
PHOL,MAPK9,0.03525356312467041,0.0014738759631988203,12.0,17.0,3.2629198366016143
PHOL,MAPKAPK2,0.05342752411668746,0.0022336903447273074,39.0,50.0,2.221465961773453
PHOL,MAPT,0.2315812344714255,0.009681915379965872,82.0,135.0,1.240636708761727
PHOL,MCL1,0.09406180155804167,0.003932522448335386,16.0,23.0,2.975237764149833
PHOL,MET,0.06537059267729403,0.002733004459900967,46.0,65.0,1.9636368524713532
PHOL,MGAM,0.0012806418083164057,5.354089094682591e-05,1.0,1.0,5.460144413937834
PHOL,MGLL,0.18607006127240497,0.00777919071075155,19.0,25.0,2.8951950564762967
PHOL,MIF,0.032453292841038574,0.0013568026606532216,7.0,9.0,3.8507065015037334
PHOL,MMP1,0.09828838001151743,0.004109226640394561,50.0,67.0,1.9337838893216723
PHOL,MMP12,0.0637450100872871,0.002665042333714379,48.0,65.0,1.9636368524713532
PHOL,MMP13,0.06277590144852999,0.0026245259773012342,48.0,67.0,1.9337838893216723
PHOL,MMP14,0.008399344012704734,0.0003511585822739208,2.0,2.0,5.054679305829669
PHOL,MMP2,0.10098626079843534,0.004222019257394786,63.0,88.0,1.6646552247656392
PHOL,MMP3,0.10028144118803359,0.004192552259165738,60.0,84.0,1.7106403380074624
PHOL,MMP9,0.10452201247987435,0.004369841461825122,65.0,92.0,1.620692101344523
PHOL,MPG,0.06959677857163044,0.002909692239903363,50.0,65.0,1.9636368524713532
PHOL,MPO,0.0011855425710267527,4.9564995532677726e-05,1.0,2.0,5.054679305829669
PHOL,MTNR1A,0.004423887525170812,0.00018495326172240172,2.0,2.0,5.054679305829669
PHOL,MTNR1B,0.004423887525170812,0.00018495326172240172,2.0,2.0,5.054679305829669
PHOL,NEK2,0.052960508070399724,0.0022141654041527205,39.0,51.0,2.2020478759163513
PHOL,NEK6,0.052960508070399724,0.0022141654041527205,39.0,51.0,2.2020478759163513
PHOL,NFKB1,0.1373743388711736,0.005743326860508517,67.0,102.0,1.518562606268143
PHOL,NOS2,0.1577605107434206,0.006595629040514773,15.0,22.0,3.017797378568629
PHOL,NQO1,0.012194925731880331,0.0005098437240414757,3.0,4.0,4.543853682063679
PHOL,NQO2,0.017449072866311165,0.0007295083616601438,7.0,9.0,3.8507065015037334
PHOL,NR1H4,0.1727204266287597,0.007221071080427261,30.0,40.0,2.4397195277934713
PHOL,NR1I2,0.2242388151757132,0.009374944556239276,24.0,39.0,2.4644121403838426
PHOL,NR3C1,0.0331776080332389,0.001387084727398887,5.0,6.0,4.207381445442466
PHOL,NR3C2,0.0033080848509206948,0.0001383039418952279,1.0,1.0,5.460144413937834
PHOL,NT5E,0.005934811912445305,0.000248121774043824,2.0,2.0,5.054679305829669
PHOL,NUAK1,0.05297739663172541,0.0022148714787274494,43.0,59.0,2.058947032275678
PHOL,ODC1,0.040033221111991826,0.0016737032259044864,10.0,13.0,3.5142342648825204
PHOL,OPRD1,0.010748871497640096,0.0004493872938703911,5.0,9.0,3.8507065015037334
PHOL,OPRK1,0.012743542748977451,0.0005327802264211579,6.0,8.0,3.9560670171615597
PHOL,OPRM1,0.00986253586775894,0.00041233149966346907,5.0,9.0,3.8507065015037334
PHOL,OXER1,0.03539691390637019,0.0014798691523328065,1.0,2.0,5.054679305829669
PHOL,OXTR,0.0012806418083164057,5.354089094682591e-05,1.0,1.0,5.460144413937834
PHOL,PARP1,0.09231936259359096,0.003859674807432735,35.0,45.0,2.324650198008684
PHOL,PDE4B,0.0018842205063036325,7.877522347985922e-05,2.0,3.0,4.7669972333778885
PHOL,PDE4D,0.0018842205063036325,7.877522347985922e-05,2.0,3.0,4.7669972333778885
PHOL,PDE5A,0.0942958530515,0.003942307639952446,51.0,72.0,1.862832153349388
PHOL,PDGFRB,0.007022417833979552,0.0002935922480357211,5.0,11.0,3.6683849447097785
PHOL,PDPK1,0.01556445651421957,0.0006507165887157682,4.0,7.0,4.073850052817943
PHOL,PGR,0.0033080848509206948,0.0001383039418952279,1.0,1.0,5.460144413937834
PHOL,PHF8,0.0010850843429924134,4.53650521941349e-05,1.0,1.0,5.460144413937834
PHOL,PIK3CA,0.01596097745776866,0.000667294280041186,6.0,11.0,3.6683849447097785
PHOL,PIK3CB,0.01633956003501527,0.0006831220066944151,6.0,10.0,3.755396321699408
PHOL,PIK3CG,0.052960508070399724,0.0022141654041527205,39.0,51.0,2.2020478759163513
PHOL,PIM1,0.10156786349853479,0.004246334820527417,56.0,79.0,1.7712649598238974
PHOL,PKN1,0.052960508070399724,0.0022141654041527205,39.0,51.0,2.2020478759163513
PHOL,PLA2G2A,0.02114920700650615,0.0008842030445935788,4.0,5.0,4.361532125269724
PHOL,PLG,0.0724777140108694,0.0030301379798249113,49.0,67.0,1.9337838893216723
PHOL,PLK1,0.05297739663172541,0.0022148714787274494,43.0,59.0,2.058947032275678
PHOL,PLK4,0.007022417833979552,0.0002935922480357211,5.0,11.0,3.6683849447097785
PHOL,PNP,0.05509788474810431,0.0023035245449133323,22.0,32.0,2.6567840330312986
PHOL,POLA1,0.023998457392363618,0.0010033241003007541,5.0,5.0,4.361532125269724
PHOL,POLB,0.13816676811713435,0.005776456629945638,71.0,110.0,1.443761393185445
PHOL,PPARA,0.14579530391805565,0.006095389371910418,68.0,101.0,1.5283187812135077
PHOL,PPARD,0.1370986071041551,0.005731799105930584,66.0,98.0,1.558171744363189
PHOL,PPARG,0.14463293688279247,0.00604679329588739,69.0,103.0,1.5089006953564064
PHOL,PRKCA,0.0842818488217409,0.0035236435725100085,46.0,60.0,2.042417730324468
PHOL,PRMT1,0.00522203532074224,0.00021832211146995053,2.0,4.0,4.543853682063679
PHOL,PTAFR,0.003245504652354223,0.00013568759783624153,1.0,3.0,4.7669972333778885
PHOL,PTGES,0.037595738628210404,0.001571797304200659,9.0,12.0,3.588342237036242
PHOL,PTGS1,0.08471185697368841,0.003541621292290948,50.0,71.0,1.8766254754817235
PHOL,PTGS2,0.1331659411721477,0.005567382766850793,62.0,89.0,1.6534819241675138
PHOL,PTK2,0.05297739663172541,0.0022148714787274494,43.0,59.0,2.058947032275678
PHOL,PTK2B,0.03354731207276952,0.0014025412614075124,4.0,5.0,4.361532125269724
PHOL,PTPN1,0.20473987470532712,0.008559735620747726,63.0,90.0,1.6424320879809289
PHOL,PTPN11,0.15391881271231586,0.00643501587452387,23.0,31.0,2.6875556916980523
PHOL,PTPN2,0.1478361144443476,0.006180711288719443,25.0,35.0,2.569772656041669
PHOL,PTPN6,0.16909557565782946,0.0070695238255486965,29.0,38.0,2.4897299483681326
PHOL,PTPRF,0.1494911848539923,0.006249906237483923,26.0,35.0,2.569772656041669
PHOL,PTPRS,0.11915343864954987,0.004981550050331225,37.0,46.0,2.3031439927877204
PHOL,PYGL,0.053903788604033366,0.0022536019428129237,39.0,49.0,2.241268589069633
PHOL,RELA,0.09878246539488912,0.0041298832919717116,17.0,24.0,2.9344157696295783
PHOL,RORB,0.003969415953825434,0.00016595277877563255,2.0,3.0,4.7669972333778885
PHOL,RORC,0.15252694052245738,0.006376824679573657,72.0,111.0,1.4347927232026845
PHOL,RXRA,0.0756853214983503,0.003164241178371281,5.0,7.0,4.073850052817943
PHOL,SAE1,0.0027014605198786594,0.00011294227796773862,2.0,3.0,4.7669972333778885
PHOL,SENP6,0.002141233103505029,8.952036966309286e-05,1.0,1.0,5.460144413937834
PHOL,SENP7,0.002141233103505029,8.952036966309286e-05,1.0,1.0,5.460144413937834
PHOL,SENP8,0.009516999824212532,0.00039788537780052806,2.0,3.0,4.7669972333778885
PHOL,SHBG,0.05096616412121714,0.0021307861554039826,15.0,22.0,3.017797378568629
PHOL,SIGMAR1,0.002141233103505029,8.952036966309286e-05,1.0,1.0,5.460144413937834
PHOL,SIRT2,0.0203474843144354,0.0008506847360806099,5.0,6.0,4.207381445442466
PHOL,SIRT3,0.017823643962133658,0.0007451683768673861,2.0,2.0,5.054679305829669
PHOL,SLC15A2,0.0008902217868667947,3.721826610657355e-05,1.0,2.0,5.054679305829669
PHOL,SLC1A1,0.020359931668046272,0.0008512051332735865,5.0,5.0,4.361532125269724
PHOL,SLC22A1,0.03938052788469733,0.001646415520101528,17.0,28.0,2.7859957645113047
PHOL,SLC22A12,0.07931908423790571,0.0033161610152075832,4.0,4.0,4.543853682063679
PHOL,SLC28A1,0.048524162213912155,0.0020286912862829726,21.0,31.0,2.6875556916980523
PHOL,SLC28A2,0.048524162213912155,0.0020286912862829726,21.0,31.0,2.6875556916980523
PHOL,SLC28A3,0.05061585232188006,0.0021161403694208198,23.0,33.0,2.6269310698816177
PHOL,SLC47A1,0.026440933541847705,0.0011054387964714739,5.0,9.0,3.8507065015037334
PHOL,SLC5A1,0.04644596983435964,0.0019418065142588386,9.0,11.0,3.6683849447097785
PHOL,SLC5A2,0.04373891549874592,0.001828630370836839,8.0,10.0,3.755396321699408
PHOL,SLC6A2,0.005027548263438859,0.0002101910241838507,2.0,2.0,5.054679305829669
PHOL,SLC6A3,0.005027548263438859,0.0002101910241838507,2.0,2.0,5.054679305829669
PHOL,SLC6A4,0.005027548263438859,0.0002101910241838507,2.0,2.0,5.054679305829669
PHOL,SLCO1B1,0.1636154232311762,0.006840410390752155,57.0,81.0,1.746572347233526
PHOL,SLCO1B3,0.1624799182881496,0.006792937361268529,57.0,82.0,1.734450986701181
PHOL,SLCO2B1,0.1636154232311762,0.006840410390752155,57.0,81.0,1.746572347233526
PHOL,SMAD3,0.010167300129819036,0.00042507304067320784,6.0,12.0,3.588342237036242
PHOL,SOAT1,0.11848632212075705,0.004953659337186478,38.0,52.0,2.182999680945657
PHOL,SOAT2,0.012386483820850759,0.0005178523574352514,2.0,2.0,5.054679305829669
PHOL,SRC,0.08053063868582494,0.0033668135115972365,48.0,66.0,1.948598975106813
PHOL,STAT3,0.02930237605790034,0.0012250695790272884,14.0,19.0,3.157559320943788
PHOL,SYK,0.12323576681136066,0.005152223446671465,52.0,69.0,1.90479635244842
PHOL,TAS2R31,0.007734643256491779,0.00032336886740629744,2.0,2.0,5.054679305829669
PHOL,TBXAS1,0.030954755427230328,0.0012941520211602598,10.0,16.0,3.3200782504415627
PHOL,TEK,0.007022417833979552,0.0002935922480357211,5.0,11.0,3.6683849447097785
PHOL,TERT,0.13502864362188033,0.005645258366475821,49.0,67.0,1.9337838893216723
PHOL,TGM2,0.0016916804475292893,7.072553603190297e-05,1.0,4.0,4.543853682063679
PHOL,THRB,0.23539325252575358,0.009841287689700495,72.0,104.0,1.4993312443402556
PHOL,TLR2,0.0921463332617868,0.003852440821688581,44.0,63.0,1.9944085111381071
PHOL,TNKS,0.08126199244212133,0.003397389845631571,32.0,42.0,2.3920914788042165
PHOL,TNKS2,0.08126199244212133,0.003397389845631571,32.0,42.0,2.3920914788042165
PHOL,TOP1,0.14726490185354904,0.006156830113801684,36.0,50.0,2.221465961773453
PHOL,TOP2A,0.2123404961948608,0.00887750132514419,58.0,83.0,1.7224747956544653
PHOL,TRPV1,0.10685870802671397,0.00446753369757506,27.0,37.0,2.515705434771393
PHOL,TTR,0.0864889014087764,0.0036159157137980757,47.0,64.0,1.9789043246021418
PHOL,TUBB3,0.044244867699976445,0.0018497831486506467,1.0,1.0,5.460144413937834
PHOL,TYR,0.11211301515244024,0.0046872050240870985,55.0,77.0,1.7965827678081872
PHOL,UBE2N,0.12350901665753425,0.0051636474374550006,12.0,14.0,3.445241393395569
PHOL,UGT1A1,0.9363150648714914,0.03914532733087919,73.0,109.0,1.4528112287053627
PHOL,VCP,0.01928034933948302,0.0008060701085177458,3.0,4.0,4.543853682063679
PHOL,XDH,0.10207696307216893,0.004267619183239935,54.0,73.0,1.849226501293609
PHOL,XIAP,0.001728686493101799,7.227267953253238e-05,2.0,2.0,5.054679305829669
PHOL,XPO1,0.04193353334060411,0.0017531512098265545,9.0,11.0,3.6683849447097785
WHIL,ABCB1,0.10924551306612583,0.00460903374676015,19.0,28.0,2.7859957645113047
WHIL,ABCB11,0.11744891719519682,0.004955132780102724,9.0,18.0,3.2088526153313386
WHIL,ABCC1,0.07669505385547204,0.003235740137130316,38.0,60.0,2.042417730324468
WHIL,ABCG2,0.08921428651725821,0.003763922615314,40.0,63.0,1.9944085111381071
WHIL,ACHE,0.13301972925876182,0.00561206043096186,58.0,95.0,1.5889434030299427
WHIL,ACP1,0.2164194180668368,0.009130667002501706,15.0,24.0,2.9344157696295783
WHIL,ADORA1,0.07612342970868159,0.003211623494633288,18.0,31.0,2.6875556916980523
WHIL,ADORA2A,0.09018407134416426,0.0038048375313490448,22.0,35.0,2.569772656041669
WHIL,ADORA2B,0.07612342970868159,0.003211623494633288,18.0,31.0,2.6875556916980523
WHIL,ADORA3,0.10295580249725561,0.0043436728412579746,45.0,74.0,1.8358034809614685
WHIL,ADRA2A,0.0015127731362219662,6.382342157905244e-05,1.0,2.0,5.054679305829669
WHIL,ADRA2B,0.0147990432792809,0.0006243669692198972,6.0,13.0,3.5142342648825204
WHIL,ADRB1,0.0023976043972209426,0.00010115417345775059,1.0,1.0,5.460144413937834
WHIL,ADRB2,0.06943329538097005,0.002929368837015298,15.0,25.0,2.8951950564762967
WHIL,AGTR1,0.0029908766509300112,0.00012618414275915722,1.0,1.0,5.460144413937834
WHIL,AKR1B1,0.20745600911666112,0.008752503605416781,64.0,113.0,1.4170931461032836
WHIL,AKR1B10,0.2108897839534122,0.008897373482972136,54.0,87.0,1.6759547800195724
WHIL,AKR1C2,0.09616420597495423,0.0040571375256453455,26.0,44.0,2.3466291047274592
WHIL,AKR1C3,0.0952635165099891,0.004019137721142044,26.0,45.0,2.324650198008684
WHIL,AKR1C4,0.09616420597495423,0.0040571375256453455,26.0,44.0,2.3466291047274592
WHIL,AKT1,0.0853261698842538,0.003599884200646941,44.0,67.0,1.9337838893216723
WHIL,ALDH2,0.01200779168751111,0.0005066049447569077,2.0,2.0,5.054679305829669
WHIL,ALK,0.06493074389989442,0.0027394076098641094,33.0,51.0,2.2020478759163513
WHIL,ALOX12,0.1040159303496641,0.004388399301050182,49.0,79.0,1.7712649598238974
WHIL,ALOX15,0.1591000545641613,0.006712381131422201,63.0,116.0,1.391117659700023
WHIL,ALOX5,0.12448015990910934,0.005251778692969354,58.0,105.0,1.4898525003857117
WHIL,ALPI,0.06735463907956671,0.002841670983142942,28.0,46.0,2.3031439927877204
WHIL,ALPL,0.06735463907956671,0.002841670983142942,28.0,46.0,2.3031439927877204
WHIL,AMY1A,0.10223669580754381,0.004313333956782266,52.0,83.0,1.7224747956544653
WHIL,ANPEP,0.003008737682041466,0.00012693769402944875,1.0,2.0,5.054679305829669
WHIL,AOC3,0.009123148067673077,0.0003849027400799779,3.0,5.0,4.361532125269724
WHIL,AOX1,0.029574181365999035,0.001247725385903839,5.0,5.0,4.361532125269724
WHIL,APEX1,0.13367685954907801,0.005639784550690717,54.0,91.0,1.6315030174487386
WHIL,APOBEC3G,0.014953691510937636,0.0006308915293466937,5.0,10.0,3.755396321699408
WHIL,APP,0.13385103941689658,0.005647133144388071,58.0,94.0,1.599414702897238
WHIL,AR,0.12073504736733319,0.005093773575816279,43.0,71.0,1.8766254754817235
WHIL,AURKA,0.02767827113334336,0.0011677375310447692,9.0,11.0,3.6683849447097785
WHIL,AURKB,0.07212575587318415,0.003042962896140836,39.0,59.0,2.058947032275678
WHIL,AVPR2,0.06510306290520744,0.00274667769435916,32.0,49.0,2.241268589069633
WHIL,AXL,0.06493074389989442,0.0027394076098641094,33.0,51.0,2.2020478759163513
WHIL,BACE1,0.135486386868674,0.005716127937687802,58.0,96.0,1.578580615994396
WHIL,BBOX1,0.005929210874208555,0.0002501515370644376,1.0,1.0,5.460144413937834
WHIL,BCHE,0.0929839875242206,0.003922965112059551,47.0,79.0,1.7712649598238974
WHIL,BCL2,0.0688398452078801,0.0029043313613513174,32.0,51.0,2.2020478759163513
WHIL,BCL2L1,0.07435451429710496,0.003136993511228974,26.0,43.0,2.369101960579518
WHIL,BCR,0.03870924242689041,0.0016331307314110515,5.0,8.0,3.9560670171615597
WHIL,BRAF,0.02767827113334336,0.0011677375310447692,9.0,11.0,3.6683849447097785
WHIL,CA1,0.1465076247626028,0.006181110488993522,66.0,117.0,1.3826069700321142
WHIL,CA12,0.15016194435800784,0.006335285080369864,66.0,113.0,1.4170931461032836
WHIL,CA13,0.08766712959368751,0.0036986485525892943,30.0,52.0,2.182999680945657
WHIL,CA14,0.14078551041922285,0.005939696289258886,58.0,99.0,1.5481214085096875
WHIL,CA2,0.1465076247626028,0.006181110488993522,66.0,117.0,1.3826069700321142
WHIL,CA3,0.13525279198082918,0.005706272643031483,57.0,97.0,1.568324115827207
WHIL,CA4,0.13248437959093357,0.005589474197293447,63.0,111.0,1.4347927232026845
WHIL,CA5A,0.13525279198082918,0.005706272643031483,57.0,97.0,1.568324115827207
WHIL,CA5B,0.13525279198082918,0.005706272643031483,57.0,97.0,1.568324115827207
WHIL,CA6,0.1334602469278193,0.005630645732506475,58.0,100.0,1.5381710776565196
WHIL,CA7,0.15016194435800784,0.006335285080369864,66.0,113.0,1.4170931461032836
WHIL,CA9,0.150691122881452,0.006357610955402723,60.0,103.0,1.5089006953564064
WHIL,CACNA1C,0.0022195605851125567,9.364256116926546e-05,1.0,2.0,5.054679305829669
WHIL,CACNA1D,0.0023976043972209426,0.00010115417345775059,1.0,1.0,5.460144413937834
WHIL,CAMK2B,0.06550331581061591,0.0027635642382225203,33.0,50.0,2.221465961773453
WHIL,CARM1,0.02668574690536565,0.0011258632468491578,8.0,10.0,3.755396321699408
WHIL,CBR1,0.06562126291113826,0.0027685403892000983,14.0,23.0,2.975237764149833
WHIL,CCR4,0.06510306290520744,0.00274667769435916,32.0,49.0,2.241268589069633
WHIL,CD38,0.0956121177208521,0.004033845096300386,45.0,67.0,1.9337838893216723
WHIL,CDC25B,0.1865134098027147,0.007868941944404408,17.0,32.0,2.6567840330312986
WHIL,CDK6,0.09259886210112166,0.0039067167919045265,44.0,69.0,1.90479635244842
WHIL,CES1,0.03714757854491273,0.0015672446246857818,8.0,13.0,3.5142342648825204
WHIL,CES2,0.035094658797776394,0.0014806325879221816,9.0,12.0,3.588342237036242
WHIL,CHRM1,0.009934787763651013,0.0004191455629106796,4.0,6.0,4.207381445442466
WHIL,CHRM2,0.009934787763651013,0.0004191455629106796,4.0,6.0,4.207381445442466
WHIL,CHRM3,0.008342813721182467,0.00035198068007231194,3.0,4.0,4.543853682063679
WHIL,CHRM4,0.009934787763651013,0.0004191455629106796,4.0,6.0,4.207381445442466
WHIL,CHRM5,0.008008059371214682,0.0003378574996086679,3.0,5.0,4.361532125269724
WHIL,CHRNA3,0.008752519933564745,0.0003692660559758897,3.0,3.0,4.7669972333778885
WHIL,CHRNA7,0.03886769143578803,0.001639815645131103,8.0,10.0,3.755396321699408
WHIL,CLK1,0.0023976043972209426,0.00010115417345775059,1.0,1.0,5.460144413937834
WHIL,CNR1,0.03234343061352179,0.0013645591384012692,9.0,16.0,3.3200782504415627
WHIL,CNR2,0.03234343061352179,0.0013645591384012692,9.0,16.0,3.3200782504415627
WHIL,CSNK1D,0.0023976043972209426,0.00010115417345775059,1.0,1.0,5.460144413937834
WHIL,CSNK2A1,0.08318058012590218,0.0035093624453327458,31.0,49.0,2.241268589069633
WHIL,CTBP2,0.013322072458429172,0.0005620540360364065,4.0,8.0,3.9560670171615597
WHIL,CTSD,0.045698741641201565,0.0019280154991929022,9.0,12.0,3.588342237036242
WHIL,CTSL,0.06870706032873161,0.0028987292091724503,22.0,39.0,2.4644121403838426
WHIL,CXCL8,0.1218085086438651,0.005139062568567688,53.0,94.0,1.599414702897238
WHIL,CXCR1,0.06510306290520744,0.00274667769435916,32.0,49.0,2.241268589069633
WHIL,CYP19A1,0.13687398826683153,0.005774670403109594,63.0,115.0,1.3997014033914144
WHIL,CYP1A1,0.10521665411635667,0.004439057458130493,49.0,79.0,1.7712649598238974
WHIL,CYP1A2,0.16572459287889202,0.0069918683139375895,49.0,86.0,1.6873834758431951
WHIL,CYP1B1,0.10434414590424644,0.0044022466117984585,48.0,78.0,1.7838437420307574
WHIL,CYP2A13,0.04113549434663325,0.001735493534810286,6.0,10.0,3.755396321699408
WHIL,CYP2A6,0.11153036891476989,0.004705431094507589,37.0,66.0,1.948598975106813
WHIL,CYP2B6,0.05253870114815415,0.0022165912338771732,9.0,14.0,3.445241393395569
WHIL,CYP2C19,0.12151217781238316,0.005126560464232484,59.0,105.0,1.4898525003857117
WHIL,CYP2C8,0.06396380250239016,0.0026986126572188787,32.0,51.0,2.2020478759163513
WHIL,CYP2C9,0.12893658695733487,0.005439793944843484,60.0,106.0,1.4804627600358728
WHIL,CYP2D6,0.12837385209342386,0.005416052338387991,59.0,105.0,1.4898525003857117
WHIL,CYP2E1,0.011190084195653826,0.0004721061235314761,3.0,4.0,4.543853682063679
WHIL,CYP2J2,0.06493074389989442,0.0027394076098641094,33.0,51.0,2.2020478759163513
WHIL,CYP3A4,0.21940142260782006,0.009256476833739941,72.0,134.0,1.2480168160593494
WHIL,CYP3A5,0.0029908766509300112,0.00012618414275915722,1.0,1.0,5.460144413937834
WHIL,DAO,0.0617568232768417,0.002605500899642214,13.0,29.0,2.7520942128356234
WHIL,DAPK1,0.10317895933847436,0.004353087758018676,50.0,82.0,1.734450986701181
WHIL,DHFR,0.03958505386605721,0.0016700809398509622,7.0,11.0,3.6683849447097785
WHIL,DNMT1,0.03697362991851991,0.0015599057869912598,7.0,8.0,3.9560670171615597
WHIL,DNMT3B,0.003008737682041466,0.00012693769402944875,1.0,2.0,5.054679305829669
WHIL,DPP4,0.10077592521931801,0.00425170450630468,46.0,82.0,1.734450986701181
WHIL,DRD1,0.11883434913973721,0.005013583716960525,46.0,74.0,1.8358034809614685
WHIL,DRD2,0.011704424998587867,0.0004938059998149421,5.0,11.0,3.6683849447097785
WHIL,DRD3,0.0012744540993073128,5.376881656319109e-05,1.0,4.0,4.543853682063679
WHIL,DRD4,0.001417729797820586,5.98135731028816e-05,1.0,2.0,5.054679305829669
WHIL,DRD5,0.001417729797820586,5.98135731028816e-05,1.0,2.0,5.054679305829669
WHIL,DUSP3,0.1444083845363262,0.006092544205821703,51.0,75.0,1.8225582542114478
WHIL,DYRK1A,0.029798850578451733,0.0012572041091299885,9.0,11.0,3.6683849447097785
WHIL,DYRK1B,0.0023976043972209426,0.00010115417345775059,1.0,1.0,5.460144413937834
WHIL,EBP,0.014705627996494827,0.0006204258078967447,1.0,2.0,5.054679305829669
WHIL,EGFR,0.13300018845283076,0.005611236010521631,61.0,97.0,1.568324115827207
WHIL,EGLN1,0.2374972282337462,0.010019933166763171,13.0,23.0,2.975237764149833
WHIL,EHMT2,0.37681531259205064,0.015897719213250307,71.0,138.0,1.2188176613670871
WHIL,ENPP2,0.0032500859606772775,0.00013712010179828412,1.0,1.0,5.460144413937834
WHIL,EP300,0.01312875302983438,0.0005538979503053755,4.0,7.0,4.073850052817943
WHIL,EPHB4,0.02767827113334336,0.0011677375310447692,9.0,11.0,3.6683849447097785
WHIL,EPHX2,0.08839211772694151,0.0037292355733133924,48.0,73.0,1.849226501293609
WHIL,ERBB2,0.08842672693751623,0.0037306957249938653,27.0,41.0,2.4156219762144104
WHIL,ERN1,0.006146988206254971,0.0002593394940295329,1.0,4.0,4.543853682063679
WHIL,ESR1,0.12485586380451415,0.005267629521841949,61.0,117.0,1.3826069700321142
WHIL,ESR2,0.10662133818065767,0.004498320635850027,27.0,43.0,2.369101960579518
WHIL,ESRRA,0.05711404632518741,0.002409623604106037,25.0,39.0,2.4644121403838426
WHIL,ESRRB,0.029317067928397646,0.001236877851049634,4.0,4.0,4.543853682063679
WHIL,F10,0.020687433324727354,0.0008727962883913092,3.0,5.0,4.361532125269724
WHIL,F2,0.07940262683897951,0.003349971787497946,38.0,59.0,2.058947032275678
WHIL,F3,0.10510793024709125,0.0044344704323711895,35.0,60.0,2.042417730324468
WHIL,FABP2,0.08034703637679694,0.0033898161280881897,36.0,63.0,1.9944085111381071
WHIL,FABP3,0.09082214281664759,0.0038317575655635442,40.0,70.0,1.8906117174564634
WHIL,FABP4,0.10446483082524202,0.004407338270558458,42.0,73.0,1.849226501293609
WHIL,FABP5,0.08034703637679694,0.0033898161280881897,36.0,63.0,1.9944085111381071
WHIL,FASN,0.06943412397999853,0.002929403795347019,34.0,51.0,2.2020478759163513
WHIL,FLT3,0.09522890289557169,0.004017677383664838,48.0,76.0,1.8094861726440952
WHIL,FLT4,0.02767827113334336,0.0011677375310447692,9.0,11.0,3.6683849447097785
WHIL,FOLH1,0.006068922252230597,0.00025604591604657653,2.0,5.0,4.361532125269724
WHIL,FUCA1,0.006997792738300366,0.0002952346689436743,1.0,1.0,5.460144413937834
WHIL,FUT7,0.057207096905460886,0.002413549378745188,20.0,26.0,2.85745472849345
WHIL,FYN,0.030526945715759705,0.0012879222133753605,6.0,6.0,4.207381445442466
WHIL,GAA,0.13252915869063125,0.005591363413389043,59.0,108.0,1.4619437122686354
WHIL,GABRR1,0.08031607415316155,0.0033885098416366463,9.0,16.0,3.3200782504415627
WHIL,GBA,0.10407981236066616,0.004391094462949794,54.0,97.0,1.568324115827207
WHIL,GBA2,0.031111179956518766,0.001312570871760455,3.0,3.0,4.7669972333778885
WHIL,GLO1,0.09642943090234372,0.0040683272816958325,48.0,74.0,1.8358034809614685
WHIL,GLRA1,0.010778107003756102,0.00045472493571827277,4.0,13.0,3.5142342648825204
WHIL,GPBAR1,0.013868671726320104,0.0005851148867840137,1.0,3.0,4.7669972333778885
WHIL,GPR35,0.1000060039078256,0.0042192217689599396,46.0,70.0,1.8906117174564634
WHIL,GRIA1,0.006068922252230597,0.00025604591604657653,2.0,5.0,4.361532125269724
WHIL,GRIA2,0.006068922252230597,0.00025604591604657653,2.0,5.0,4.361532125269724
WHIL,GRIA4,0.006068922252230597,0.00025604591604657653,2.0,5.0,4.361532125269724
WHIL,GRIK2,0.006068922252230597,0.00025604591604657653,2.0,5.0,4.361532125269724
WHIL,GRIK5,0.006068922252230597,0.00025604591604657653,2.0,5.0,4.361532125269724
WHIL,GRK6,0.04398710568526008,0.0018558021179593206,4.0,7.0,4.073850052817943
WHIL,GRM1,0.006068922252230597,0.00025604591604657653,2.0,5.0,4.361532125269724
WHIL,GRM2,0.006068922252230597,0.00025604591604657653,2.0,5.0,4.361532125269724
WHIL,GRM3,0.006068922252230597,0.00025604591604657653,2.0,5.0,4.361532125269724
WHIL,GRM4,0.006068922252230597,0.00025604591604657653,2.0,5.0,4.361532125269724
WHIL,GRM5,0.06690660432774624,0.002822768538246996,12.0,21.0,3.0622491411394632
WHIL,GRM8,0.006068922252230597,0.00025604591604657653,2.0,5.0,4.361532125269724
WHIL,GSK3B,0.11654204993000947,0.004916872336156156,53.0,86.0,1.6873834758431951
WHIL,GSTP1,0.02668574690536565,0.0011258632468491578,8.0,10.0,3.755396321699408
WHIL,HCAR2,0.11967181273342348,0.005048916041892229,36.0,63.0,1.9944085111381071
WHIL,HDAC1,0.006266569145502477,0.0002643845761477103,1.0,5.0,4.361532125269724
WHIL,HDAC2,0.006266569145502477,0.0002643845761477103,1.0,5.0,4.361532125269724
WHIL,HDAC3,0.006266569145502477,0.0002643845761477103,1.0,5.0,4.361532125269724
WHIL,HDAC6,0.006266569145502477,0.0002643845761477103,1.0,5.0,4.361532125269724
WHIL,HDAC8,0.006266569145502477,0.0002643845761477103,1.0,5.0,4.361532125269724
WHIL,HIF1A,0.11570737590564786,0.004881657702274596,57.0,101.0,1.5283187812135077
WHIL,HKDC1,0.08928851269571234,0.0037670541943764834,5.0,7.0,4.073850052817943
WHIL,HMGCR,0.00841027740959981,0.00035482695181262804,1.0,6.0,4.207381445442466
WHIL,HRH3,0.0015127731362219662,6.382342157905244e-05,1.0,2.0,5.054679305829669
WHIL,HSD11B1,0.07771904374044067,0.0032789419474719885,37.0,57.0,2.0928485839513593
WHIL,HSD11B2,0.027311109955166418,0.0011522471167181557,4.0,5.0,4.361532125269724
WHIL,HSD17B1,0.09566011870039014,0.004035870242490459,44.0,70.0,1.8906117174564634
WHIL,HSD17B2,0.09566011870039014,0.004035870242490459,44.0,70.0,1.8906117174564634
WHIL,HSD17B3,0.04671191452178965,0.001970760943530796,7.0,12.0,3.588342237036242
WHIL,HSP90AA1,0.022401302788429906,0.0009451039006130156,1.0,3.0,4.7669972333778885
WHIL,HSP90AB1,0.035950061397609104,0.0015167217538663142,15.0,24.0,2.9344157696295783
WHIL,HSPA1A,0.025498664999503998,0.0010757806355754759,8.0,12.0,3.588342237036242
WHIL,HSPA8,0.08662385263476893,0.003654633026679663,25.0,39.0,2.4644121403838426
WHIL,HTR1A,0.06588858835977918,0.0027798187655798034,34.0,53.0,2.1643075479335048
WHIL,HTR1B,0.0023032105233146065,9.717172568382341e-05,1.0,1.0,5.460144413937834
WHIL,HTR1D,0.0023032105233146065,9.717172568382341e-05,1.0,1.0,5.460144413937834
WHIL,HTR1E,0.0021321763101081253,8.995584616260147e-05,1.0,2.0,5.054679305829669
WHIL,HTR2A,0.007052946821196869,0.00029756160230877936,3.0,6.0,4.207381445442466
WHIL,HTR2B,0.0021321763101081253,8.995584616260147e-05,1.0,2.0,5.054679305829669
WHIL,HTR2C,0.0045145006221611154,0.00019046535764554094,2.0,3.0,4.7669972333778885
WHIL,HTR3A,0.00343750075428491,0.0001450270728411755,2.0,3.0,4.7669972333778885
WHIL,HTR4,0.0023032105233146065,9.717172568382341e-05,1.0,1.0,5.460144413937834
WHIL,HTR5A,0.0021321763101081253,8.995584616260147e-05,1.0,2.0,5.054679305829669
WHIL,HTR6,0.0020108256046307152,8.483609816526278e-05,1.0,3.0,4.7669972333778885
WHIL,HTR7,0.10576190145913712,0.004462061271584005,36.0,57.0,2.0928485839513593
WHIL,IDH1,0.18702070772986593,0.007890344683979499,56.0,97.0,1.568324115827207
WHIL,IDO1,0.07540213291456943,0.0031811922103435566,22.0,47.0,2.2820905835898877
WHIL,IGF1R,0.07212575587318415,0.003042962896140836,39.0,59.0,2.058947032275678
WHIL,INSR,0.07914197727192608,0.003338975064457243,26.0,42.0,2.3920914788042165
WHIL,JAK2,0.0023976043972209426,0.00010115417345775059,1.0,1.0,5.460144413937834
WHIL,KAT2B,0.01044537516247431,0.0004406870842583125,2.0,4.0,4.543853682063679
WHIL,KCNA5,0.0023976043972209426,0.00010115417345775059,1.0,1.0,5.460144413937834
WHIL,KCNH2,0.08246858556333511,0.003479323619258534,29.0,44.0,2.3466291047274592
WHIL,KDM2A,0.005929210874208555,0.0002501515370644376,1.0,1.0,5.460144413937834
WHIL,KDM4E,0.568595992121635,0.023988885606449566,71.0,132.0,1.2629424662760251
WHIL,KDM5C,0.005929210874208555,0.0002501515370644376,1.0,1.0,5.460144413937834
WHIL,KDM7A,0.005929210874208555,0.0002501515370644376,1.0,1.0,5.460144413937834
WHIL,KDR,0.07212575587318415,0.003042962896140836,39.0,59.0,2.058947032275678
WHIL,KIT,0.019203334258958357,0.000810182616802581,4.0,6.0,4.207381445442466
WHIL,KMT2A,0.13884473572014552,0.005857815616709056,59.0,100.0,1.5381710776565196
WHIL,LIMK1,0.0023976043972209426,0.00010115417345775059,1.0,1.0,5.460144413937834
WHIL,MAN1B1,0.006997792738300366,0.0002952346689436743,1.0,1.0,5.460144413937834
WHIL,MAOA,0.10963854432651754,0.004625615611697527,23.0,38.0,2.4897299483681326
WHIL,MAOB,0.06231034334220265,0.002628853736652676,16.0,30.0,2.719304390012633
WHIL,MAP2K1,0.06818673426042175,0.0028767768164301728,36.0,58.0,2.0757541505920596
WHIL,MAP3K8,0.02668574690536565,0.0011258632468491578,8.0,10.0,3.755396321699408
WHIL,MAPK1,0.17095574723613144,0.007212569066676366,66.0,120.0,1.3575010489010377
WHIL,MAPK14,0.06900337881541004,0.002911230792684288,35.0,55.0,2.1279399037626296
WHIL,MAPK9,0.03282077224909813,0.001384698031481238,12.0,17.0,3.2629198366016143
WHIL,MAPKAPK2,0.06550331581061591,0.0027635642382225203,33.0,50.0,2.221465961773453
WHIL,MAPT,0.22499947507548257,0.009492656902059754,69.0,135.0,1.240636708761727
WHIL,MCL1,0.06063947930301286,0.0025583605097298247,15.0,23.0,2.975237764149833
WHIL,MERTK,0.0023976043972209426,0.00010115417345775059,1.0,1.0,5.460144413937834
WHIL,MET,0.07341822032041004,0.0030974915636033254,40.0,65.0,1.9636368524713532
WHIL,MGAM,0.006997792738300366,0.0002952346689436743,1.0,1.0,5.460144413937834
WHIL,MGLL,0.2238480846697308,0.009444080103920744,15.0,25.0,2.8951950564762967
WHIL,MIF,0.011430796957717095,0.00048226171905651983,4.0,9.0,3.8507065015037334
WHIL,MMP1,0.10774242454622229,0.004545618916089623,39.0,67.0,1.9337838893216723
WHIL,MMP12,0.08123017095035417,0.003427075297258755,42.0,65.0,1.9636368524713532
WHIL,MMP13,0.08114629910128295,0.0034235367703946036,43.0,67.0,1.9337838893216723
WHIL,MMP14,0.01161965709498966,0.0004902296686928598,2.0,2.0,5.054679305829669
WHIL,MMP2,0.11491701892979204,0.00484831279069455,52.0,88.0,1.6646552247656392
WHIL,MMP3,0.1036237302218375,0.004371852501333636,49.0,84.0,1.7106403380074624
WHIL,MMP9,0.11500655813079214,0.004852090421349436,54.0,92.0,1.620692101344523
WHIL,MPG,0.08880733454825217,0.003746753440069942,40.0,65.0,1.9636368524713532
WHIL,MPO,0.006478143334539048,0.00027331082446532053,1.0,2.0,5.054679305829669
WHIL,MTNR1A,0.0037934425149162964,0.000160044143479475,2.0,2.0,5.054679305829669
WHIL,MTNR1B,0.0037934425149162964,0.000160044143479475,2.0,2.0,5.054679305829669
WHIL,MYLK,0.0023976043972209426,0.00010115417345775059,1.0,1.0,5.460144413937834
WHIL,NEK2,0.06493074389989442,0.0027394076098641094,33.0,51.0,2.2020478759163513
WHIL,NEK6,0.06493074389989442,0.0027394076098641094,33.0,51.0,2.2020478759163513
WHIL,NFKB1,0.12544578838709566,0.005292518253954139,59.0,102.0,1.518562606268143
WHIL,NOS2,0.20290330799597558,0.008560426580784647,12.0,22.0,3.017797378568629
WHIL,NQO1,0.02142888116238193,0.0009040777388536616,3.0,4.0,4.543853682063679
WHIL,NQO2,0.0389438826618651,0.0016430301289331397,6.0,9.0,3.8507065015037334
WHIL,NR1H4,0.200607863884814,0.008463582517580497,24.0,40.0,2.4397195277934713
WHIL,NR1I2,0.21524490844299285,0.009081114811841805,25.0,39.0,2.4644121403838426
WHIL,NR3C1,0.03938671591271047,0.0016617131241431892,5.0,6.0,4.207381445442466
WHIL,NR3C2,0.015885251605557506,0.0006701937559803786,1.0,1.0,5.460144413937834
WHIL,NT5E,0.007566885188367765,0.0003192444999543025,2.0,2.0,5.054679305829669
WHIL,NUAK1,0.07212575587318415,0.003042962896140836,39.0,59.0,2.058947032275678
WHIL,ODC1,0.057059941841483136,0.0024073409529998713,9.0,13.0,3.5142342648825204
WHIL,OPRD1,0.018863670826635624,0.0007958523237024125,5.0,9.0,3.8507065015037334
WHIL,OPRK1,0.01598181767589285,0.0006742678480366649,5.0,8.0,3.9560670171615597
WHIL,OPRM1,0.02728576622881529,0.0011511778728952968,5.0,9.0,3.8507065015037334
WHIL,OXER1,0.0017358102011777686,7.323328501698965e-05,1.0,2.0,5.054679305829669
WHIL,OXTR,0.006997792738300366,0.0002952346689436743,1.0,1.0,5.460144413937834
WHIL,PARP1,0.08209002397663948,0.003463352225291524,29.0,45.0,2.324650198008684
WHIL,PDE4B,0.0061094462150263415,0.0002577556092580953,1.0,3.0,4.7669972333778885
WHIL,PDE4D,0.0061094462150263415,0.0002577556092580953,1.0,3.0,4.7669972333778885
WHIL,PDE5A,0.0926365641585161,0.003908307429817025,45.0,72.0,1.862832153349388
WHIL,PDGFRB,0.02767827113334336,0.0011677375310447692,9.0,11.0,3.6683849447097785
WHIL,PDPK1,0.014928476613217277,0.0006298277207631421,4.0,7.0,4.073850052817943
WHIL,PGR,0.015885251605557506,0.0006701937559803786,1.0,1.0,5.460144413937834
WHIL,PHF8,0.005929210874208555,0.0002501515370644376,1.0,1.0,5.460144413937834
WHIL,PIK3CA,0.037505161627060704,0.0015823309421612918,6.0,11.0,3.6683849447097785
WHIL,PIK3CB,0.03674572397158617,0.0015502905069580276,5.0,10.0,3.755396321699408
WHIL,PIK3CG,0.06396380250239016,0.0026986126572188787,32.0,51.0,2.2020478759163513
WHIL,PIM1,0.09595380438919414,0.004048260749090202,49.0,79.0,1.7712649598238974
WHIL,PIM3,0.0023976043972209426,0.00010115417345775059,1.0,1.0,5.460144413937834
WHIL,PKN1,0.06493074389989442,0.0027394076098641094,33.0,51.0,2.2020478759163513
WHIL,PLA2G2A,0.012689048117257426,0.0005353469387003799,1.0,5.0,4.361532125269724
WHIL,PLG,0.07992409139575331,0.0033719722127095054,42.0,67.0,1.9337838893216723
WHIL,PLK1,0.07212575587318415,0.003042962896140836,39.0,59.0,2.058947032275678
WHIL,PLK4,0.02767827113334336,0.0011677375310447692,9.0,11.0,3.6683849447097785
WHIL,PNP,0.08773672800092115,0.003701584887443307,19.0,32.0,2.6567840330312986
WHIL,POLA1,0.013998633063699327,0.0005905979146260116,4.0,5.0,4.361532125269724
WHIL,POLB,0.12878125625646292,0.005433240591555707,60.0,110.0,1.443761393185445
WHIL,PPARA,0.11137688851531925,0.004698955804853303,57.0,101.0,1.5283187812135077
WHIL,PPARD,0.10986990687426597,0.004635376724629127,55.0,98.0,1.558171744363189
WHIL,PPARG,0.10996178715670737,0.004639253124771784,57.0,103.0,1.5089006953564064
WHIL,PRKCA,0.08993077207638038,0.0037941509151166795,36.0,60.0,2.042417730324468
WHIL,PRKCD,0.0023976043972209426,0.00010115417345775059,1.0,1.0,5.460144413937834
WHIL,PRKCE,0.0023976043972209426,0.00010115417345775059,1.0,1.0,5.460144413937834
WHIL,PRMT1,0.0046213734955372,0.00019497429047196687,2.0,4.0,4.543853682063679
WHIL,PTAFR,0.0159609282367563,0.0006733865291867733,1.0,3.0,4.7669972333778885
WHIL,PTGES,0.02611246260933295,0.001101676563179111,7.0,12.0,3.588342237036242
WHIL,PTGS1,0.09468777806453611,0.003994847497681848,42.0,71.0,1.8766254754817235
WHIL,PTGS2,0.12339458810701272,0.0052059787609633045,52.0,89.0,1.6534819241675138
WHIL,PTK2,0.07212575587318415,0.003042962896140836,39.0,59.0,2.058947032275678
WHIL,PTK2B,0.03105693031263737,0.0013102820963921914,4.0,5.0,4.361532125269724
WHIL,PTPN1,0.22298898696352162,0.009407835042603802,50.0,90.0,1.6424320879809289
WHIL,PTPN11,0.19140142303704447,0.00807516568137381,17.0,31.0,2.6875556916980523
WHIL,PTPN2,0.19759671348500477,0.008336543031749253,20.0,35.0,2.569772656041669
WHIL,PTPN6,0.2147333965685521,0.009059534287159395,23.0,38.0,2.4897299483681326
WHIL,PTPRF,0.19759671348500477,0.008336543031749253,20.0,35.0,2.569772656041669
WHIL,PTPRS,0.08965456267670649,0.00378249772764436,29.0,46.0,2.3031439927877204
WHIL,PYGL,0.06510306290520744,0.00274667769435916,32.0,49.0,2.241268589069633
WHIL,RELA,0.06634705840045793,0.0027991614720220153,16.0,24.0,2.9344157696295783
WHIL,RORB,0.003325193382657564,0.0001402888602472445,1.0,3.0,4.7669972333778885
WHIL,RORC,0.13278810007671837,0.005602288068813435,62.0,111.0,1.4347927232026845
WHIL,RXRA,0.003117427654634303,0.00013152328969882508,2.0,7.0,4.073850052817943
WHIL,SAE1,0.001637018280692954,6.906528504479726e-05,1.0,3.0,4.7669972333778885
WHIL,SENP8,0.004643179123420015,0.00019589426303615224,1.0,3.0,4.7669972333778885
WHIL,SHBG,0.06874397298336803,0.0029002865424315174,17.0,22.0,3.017797378568629
WHIL,SIRT2,0.009831569183635674,0.00041479080356879804,3.0,6.0,4.207381445442466
WHIL,SIRT3,0.009679310226294986,0.00040836704617196136,2.0,2.0,5.054679305829669
WHIL,SLC15A2,0.005945409790860389,0.0002508349642498092,1.0,2.0,5.054679305829669
WHIL,SLC1A1,0.006068922252230597,0.00025604591604657653,2.0,5.0,4.361532125269724
WHIL,SLC22A1,0.041997560458341326,0.0017718638322191673,15.0,28.0,2.7859957645113047
WHIL,SLC22A12,0.039297793395216496,0.001657961511170961,4.0,4.0,4.543853682063679
WHIL,SLC28A1,0.08039669585252635,0.0033919112457095855,19.0,31.0,2.6875556916980523
WHIL,SLC28A2,0.08039669585252635,0.0033919112457095855,19.0,31.0,2.6875556916980523
WHIL,SLC28A3,0.08143574858372532,0.0034357485527837955,20.0,33.0,2.6269310698816177
WHIL,SLC47A1,0.007634254421172496,0.00032208678664210813,3.0,9.0,3.8507065015037334
WHIL,SLC5A1,0.026379149018727063,0.0011129279786945083,6.0,11.0,3.6683849447097785
WHIL,SLC5A2,0.027004842917957603,0.0011393258069966182,6.0,10.0,3.755396321699408
WHIL,SLC6A2,0.0015127731362219662,6.382342157905244e-05,1.0,2.0,5.054679305829669
WHIL,SLC6A3,0.0015127731362219662,6.382342157905244e-05,1.0,2.0,5.054679305829669
WHIL,SLC6A4,0.0015127731362219662,6.382342157905244e-05,1.0,2.0,5.054679305829669
WHIL,SLCO1B1,0.12328697279440454,0.005201438504859797,45.0,81.0,1.746572347233526
WHIL,SLCO1B3,0.12243135072495552,0.00516534007956176,45.0,82.0,1.734450986701181
WHIL,SLCO2B1,0.12328697279440454,0.005201438504859797,45.0,81.0,1.746572347233526
WHIL,SMAD3,0.026806369896383093,0.001130952292802908,9.0,12.0,3.588342237036242
WHIL,SOAT1,0.09750137819747755,0.004113552400049476,31.0,52.0,2.182999680945657
WHIL,SOAT2,0.012042247267081491,0.0005080586147937534,2.0,2.0,5.054679305829669
WHIL,SRC,0.09536871502475118,0.004023576013306538,45.0,66.0,1.948598975106813
WHIL,STAT3,0.026959897814292973,0.0011374295872460046,10.0,19.0,3.157559320943788
WHIL,SYK,0.1045461024562963,0.004410767095044427,46.0,69.0,1.90479635244842
WHIL,TBXAS1,0.04416831578548511,0.001863447314944989,12.0,16.0,3.3200782504415627
WHIL,TEK,0.02767827113334336,0.0011677375310447692,9.0,11.0,3.6683849447097785
WHIL,TERT,0.1209077484365521,0.0051010597794670385,41.0,67.0,1.9337838893216723
WHIL,TGM2,0.011298008703142057,0.000476659424469471,1.0,4.0,4.543853682063679
WHIL,THRB,0.15910942930608887,0.006712776648827893,61.0,104.0,1.4993312443402556
WHIL,TLR2,0.08034703637679694,0.0033898161280881897,36.0,63.0,1.9944085111381071
WHIL,TNKS,0.07725772913079353,0.0032594792295620074,26.0,42.0,2.3920914788042165
WHIL,TNKS2,0.07725772913079353,0.0032594792295620074,26.0,42.0,2.3920914788042165
WHIL,TOP1,0.19253530139990715,0.008123003651945581,33.0,50.0,2.221465961773453
WHIL,TOP2A,0.1995060480292684,0.008417097254081839,51.0,83.0,1.7224747956544653
WHIL,TRPV1,0.09002238228484899,0.0037980159209235905,20.0,37.0,2.515705434771393
WHIL,TTR,0.10335686358736029,0.004360593482178815,40.0,64.0,1.9789043246021418
WHIL,TUBB3,0.0368121981260386,0.001553095030572404,1.0,1.0,5.460144413937834
WHIL,TYR,0.1325497119737362,0.005592230549921964,48.0,77.0,1.7965827678081872
WHIL,UBE2N,0.06498367218181249,0.002741640637387819,7.0,14.0,3.445241393395569
WHIL,UGT1A1,0.39859727943275736,0.01681669352553039,64.0,109.0,1.4528112287053627
WHIL,VDR,0.00283749835320112,0.00011971316074431525,1.0,3.0,4.7669972333778885
WHIL,XDH,0.09533560024394683,0.004022178911146823,46.0,73.0,1.849226501293609
WHIL,XPO1,0.030002043431163545,0.0012657767515110291,5.0,11.0,3.6683849447097785
