canonical_name,herb_target_degree
一枝蒿,48
丹参,179
乌梅,141
五味子,137
五指毛桃,88
人参,183
仙鹤草,76
佩兰,22
侧柏叶,8
党参,145
全蝎,9
冬瓜子,74
冰片,4
制半夏,5
制南星,1
前胡,87
化橘红,8
北沙参,163
半夏,92
半枝莲,123
南沙参,15
厚朴,15
厚朴花,9
合欢皮,4
地骨皮,32
地龙,3
夏枯草,147
大枣,191
大青叶,79
大黄,127
天冬,3
天竺黄,2
天花粉,107
太子参,22
姜黄,90
射干,41
山楂,158
山药,4
岩白菜,44
川芎,66
川贝母,142
广藿香,172
延胡索,75
当归,121
旋覆花,32
木蝴蝶,167
木通,64
杏仁,134
板蓝根,79
枳壳,167
枳实,167
柏子仁,6
柴胡,146
栀子,158
桂枝,42
桃仁,76
桑叶,209
桑白皮,39
桔梗,15
橘红,75
款冬花,154
水牛角,46
沙参,9
法半夏,5
海藻,110
海蛤壳,7
淡豆豉,1
淫羊藿,30
火麻仁,102
炙甘草,143
炙麻黄,145
焦槟榔,8
熟地黄,89
牛蒡子,134
牡丹皮,2
牡蛎,18
玄参,64
玉竹,32
瓜蒌,107
瓜蒌子,57
瓜蒌皮,107
甘草,143
生地黄,19
生姜,163
生晒参,183
白前,2
白头翁,29
白术,128
白果,173
白芍,14
白芥子,171
白芷,11
白茅根,1
百合,135
百部,2
皂角刺,40
知母,67
矮地茶,14
石斛,2
石菖蒲,72
砂仁,120
穿山龙,3
紫花地丁,5
紫苏叶,31
紫苏子,4
紫菀,132
红景天,47
红花,156
红藤,49
细辛,122
肉桂,42
芍药,109
芡实,4
芦根,27
芫花,84
苍术,109
苍耳子,3
苦地丁,19
苦杏仁,1
茯苓,53
茵陈,152
荆芥,88
莱菔子,48
菊花,148
葛根,59
葶苈子,123
蒲公英,153
薄荷,40
薏苡仁,17
薤白,34
藏青果,124
藿香,172
虎杖,151
蜜款冬花,154
蜜百部,2
蜜紫菀,132
蜜麻黄,145
蝉蜕,2
补骨脂,46
诃子,124
豆蔻,1
败酱草,149
贯众,144
赤芍,109
车前子,71
辛夷,16
连翘,144
通草,20
郁金,81
野菊花,154
金荞麦,141
金银花,178
银杏叶,173
防风,54
附子,24
陈皮,12
青果,99
青葙子,1
青蒿,77
青黛,21
香附,43
马鞭草,96
鱼腥草,146
麦冬,37
麦芽,50
麻黄,145
麻黄绒,145
黄芩,98
黄芪,103
黄连,55
黑芝麻,85
龙骨,2
