representation,metric,top_k,syndrome_A,syndrome_B,overlap_n,jaccard
FULL,weighted_raw_sum1,50,PDOL,PHOL,44,0.7857142857142857
FULL,weighted_raw_sum1,50,PDOL,WHIL,44,0.7857142857142857
FULL,weighted_raw_sum1,50,PHOL,WHIL,47,0.8867924528301887
FULL,weighted_raw_sum1,100,PDOL,PHOL,94,0.8867924528301887
FULL,weighted_raw_sum1,100,PDOL,WHIL,92,0.8518518518518519
FULL,weighted_raw_sum1,100,PHOL,WHIL,94,0.8867924528301887
FULL,weighted_raw_sum1,200,PDOL,PHOL,195,0.9512195121951219
FULL,weighted_raw_sum1,200,PDOL,WHIL,194,0.941747572815534
FULL,weighted_raw_sum1,200,PHOL,WHIL,196,0.9607843137254902
FULL,herb_degree_normalized_sum1,50,PDOL,PHOL,44,0.7857142857142857
FULL,herb_degree_normalized_sum1,50,PDOL,WHIL,39,0.639344262295082
FULL,herb_degree_normalized_sum1,50,PHOL,WHIL,42,0.7241379310344828
FULL,herb_degree_normalized_sum1,100,PDOL,PHOL,86,0.7543859649122807
FULL,herb_degree_normalized_sum1,100,PDOL,WHIL,85,0.7391304347826086
FULL,herb_degree_normalized_sum1,100,PHOL,WHIL,94,0.8867924528301887
FULL,herb_degree_normalized_sum1,200,PDOL,PHOL,191,0.9138755980861244
FULL,herb_degree_normalized_sum1,200,PDOL,WHIL,189,0.8957345971563981
FULL,herb_degree_normalized_sum1,200,PHOL,WHIL,194,0.941747572815534
FULL,ubiquity_corrected_sum1,50,PDOL,PHOL,36,0.5625
FULL,ubiquity_corrected_sum1,50,PDOL,WHIL,32,0.47058823529411764
FULL,ubiquity_corrected_sum1,50,PHOL,WHIL,37,0.5873015873015873
FULL,ubiquity_corrected_sum1,100,PDOL,PHOL,85,0.7391304347826086
FULL,ubiquity_corrected_sum1,100,PDOL,WHIL,79,0.6528925619834711
FULL,ubiquity_corrected_sum1,100,PHOL,WHIL,90,0.8181818181818182
FULL,ubiquity_corrected_sum1,200,PDOL,PHOL,188,0.8867924528301887
FULL,ubiquity_corrected_sum1,200,PDOL,WHIL,185,0.8604651162790697
FULL,ubiquity_corrected_sum1,200,PHOL,WHIL,192,0.9230769230769231
LOPO,weighted_raw_sum1,50,PDOL,PHOL,44,0.7857142857142857
LOPO,weighted_raw_sum1,50,PDOL,WHIL,44,0.7857142857142857
LOPO,weighted_raw_sum1,50,PHOL,WHIL,46,0.8518518518518519
LOPO,weighted_raw_sum1,100,PDOL,PHOL,94,0.8867924528301887
LOPO,weighted_raw_sum1,100,PDOL,WHIL,93,0.8691588785046729
LOPO,weighted_raw_sum1,100,PHOL,WHIL,94,0.8867924528301887
LOPO,weighted_raw_sum1,200,PDOL,PHOL,195,0.9512195121951219
LOPO,weighted_raw_sum1,200,PDOL,WHIL,193,0.9323671497584541
LOPO,weighted_raw_sum1,200,PHOL,WHIL,196,0.9607843137254902
LOPO,herb_degree_normalized_sum1,50,PDOL,PHOL,43,0.7543859649122807
LOPO,herb_degree_normalized_sum1,50,PDOL,WHIL,36,0.5625
LOPO,herb_degree_normalized_sum1,50,PHOL,WHIL,36,0.5625
LOPO,herb_degree_normalized_sum1,100,PDOL,PHOL,84,0.7241379310344828
LOPO,herb_degree_normalized_sum1,100,PDOL,WHIL,84,0.7241379310344828
LOPO,herb_degree_normalized_sum1,100,PHOL,WHIL,94,0.8867924528301887
LOPO,herb_degree_normalized_sum1,200,PDOL,PHOL,193,0.9323671497584541
LOPO,herb_degree_normalized_sum1,200,PDOL,WHIL,188,0.8867924528301887
LOPO,herb_degree_normalized_sum1,200,PHOL,WHIL,193,0.9323671497584541
LOPO,ubiquity_corrected_sum1,50,PDOL,PHOL,34,0.5151515151515151
LOPO,ubiquity_corrected_sum1,50,PDOL,WHIL,26,0.35135135135135137
LOPO,ubiquity_corrected_sum1,50,PHOL,WHIL,38,0.6129032258064516
LOPO,ubiquity_corrected_sum1,100,PDOL,PHOL,83,0.7094017094017094
LOPO,ubiquity_corrected_sum1,100,PDOL,WHIL,77,0.6260162601626016
LOPO,ubiquity_corrected_sum1,100,PHOL,WHIL,89,0.8018018018018018
LOPO,ubiquity_corrected_sum1,200,PDOL,PHOL,190,0.9047619047619048
LOPO,ubiquity_corrected_sum1,200,PDOL,WHIL,183,0.8433179723502304
LOPO,ubiquity_corrected_sum1,200,PHOL,WHIL,190,0.9047619047619048
