representation,metric,syndrome_A,syndrome_B,spearman,spearman_p,pearson,positive_target_overlap,positive_target_union,positive_target_jaccard
FULL,binary_union,PDOL,PHOL,-0.03757252553524387,0.4687946576769623,-0.03757252553524364,314,373,0.8418230563002681
FULL,binary_union,PDOL,WHIL,0.3869845588529166,8.266615230279952e-15,0.3869845588529127,322,361,0.8919667590027701
FULL,binary_union,PHOL,WHIL,0.06720872173965017,0.19467565167075815,0.06720872173965017,340,372,0.9139784946236559
FULL,weighted_raw_sum1,PDOL,PHOL,0.9603044721678812,2.3549443457008154e-208,0.9861277112622275,314,373,0.8418230563002681
FULL,weighted_raw_sum1,PDOL,WHIL,0.952610802823002,2.3346413093834016e-194,0.9794863101273803,322,361,0.8919667590027701
FULL,weighted_raw_sum1,PHOL,WHIL,0.9707614260177251,1.2559663535030818e-232,0.9895497532787068,340,372,0.9139784946236559
FULL,herb_degree_normalized_sum1,PDOL,PHOL,0.9487309697709603,3.6813317684556395e-188,0.962033022303293,314,373,0.8418230563002681
FULL,herb_degree_normalized_sum1,PDOL,WHIL,0.9340520280383887,1.997014408206391e-168,0.8712259423137425,322,361,0.8919667590027701
FULL,herb_degree_normalized_sum1,PHOL,WHIL,0.9633517582834779,1.1067155266713648e-214,0.9098210581602861,340,372,0.9139784946236559
FULL,ubiquity_corrected_sum1,PDOL,PHOL,0.9223966116174753,9.201518101517199e-156,0.9267687770624632,314,373,0.8418230563002681
FULL,ubiquity_corrected_sum1,PDOL,WHIL,0.8954127028489381,8.710718454374813e-133,0.8102928287714374,322,361,0.8919667590027701
FULL,ubiquity_corrected_sum1,PHOL,WHIL,0.9484604902812989,9.549021842884638e-188,0.9057048383927845,340,372,0.9139784946236559
LOPO,binary_union,PDOL,PHOL,0.17145258565711957,0.0008705770136738271,0.1714525856571189,313,366,0.855191256830601
LOPO,binary_union,PDOL,WHIL,0.3726762269827348,9.104455858079707e-14,0.3726762269827337,319,360,0.8861111111111111
LOPO,binary_union,PHOL,WHIL,0.19857142857142857,0.00011068068119958921,0.19857142857142715,332,368,0.9021739130434783
LOPO,weighted_raw_sum1,PDOL,PHOL,0.9662649411895593,2.9632644579039867e-221,0.9862348726096636,313,366,0.855191256830601
LOPO,weighted_raw_sum1,PDOL,WHIL,0.9518159591152986,4.778931340220917e-193,0.9786389283700897,319,360,0.8861111111111111
LOPO,weighted_raw_sum1,PHOL,WHIL,0.9664858093782472,8.915302446980276e-222,0.9883605403870876,332,368,0.9021739130434783
LOPO,herb_degree_normalized_sum1,PDOL,PHOL,0.9553966433753874,3.873736171232327e-199,0.9601699795682449,313,366,0.855191256830601
LOPO,herb_degree_normalized_sum1,PDOL,WHIL,0.9258387557180837,2.766158696339084e-159,0.8314338217855087,319,360,0.8861111111111111
LOPO,herb_degree_normalized_sum1,PHOL,WHIL,0.9522652988768979,8.727411013228503e-194,0.8629647708526934,332,368,0.9021739130434783
LOPO,ubiquity_corrected_sum1,PDOL,PHOL,0.928626229879,2.9018708062932687e-162,0.9275784713120362,313,366,0.855191256830601
LOPO,ubiquity_corrected_sum1,PDOL,WHIL,0.8819108621457351,1.5034709053299042e-123,0.7584345827793584,319,360,0.8861111111111111
LOPO,ubiquity_corrected_sum1,PHOL,WHIL,0.9368496627252337,8.208433303922398e-172,0.8499685294604438,332,368,0.9021739130434783
