target_id,target_herb_degree,N_database_herbs,target_idf
ABCB1,28,172,2.7859957645113047
ABCB11,18,172,3.2088526153313386
ABCC1,60,172,2.042417730324468
ABCG2,63,172,1.9944085111381071
ACHE,95,172,1.5889434030299427
ACP1,24,172,2.9344157696295783
ADORA1,31,172,2.6875556916980523
ADORA2A,35,172,2.569772656041669
ADORA2B,31,172,2.6875556916980523
ADORA3,74,172,1.8358034809614685
ADRA1A,2,172,5.054679305829669
ADRA1B,2,172,5.054679305829669
ADRA1D,1,172,5.460144413937834
ADRA2A,2,172,5.054679305829669
ADRA2B,13,172,3.5142342648825204
ADRA2C,2,172,5.054679305829669
ADRB1,1,172,5.460144413937834
ADRB2,25,172,2.8951950564762967
AGTR1,1,172,5.460144413937834
AKR1B1,113,172,1.4170931461032836
AKR1B10,87,172,1.6759547800195724
AKR1C2,44,172,2.3466291047274592
AKR1C3,45,172,2.324650198008684
AKR1C4,44,172,2.3466291047274592
AKT1,67,172,1.9337838893216723
ALDH2,2,172,5.054679305829669
ALK,51,172,2.2020478759163513
ALOX12,79,172,1.7712649598238974
ALOX15,116,172,1.391117659700023
ALOX5,105,172,1.4898525003857117
ALPI,46,172,2.3031439927877204
ALPL,46,172,2.3031439927877204
AMY1A,83,172,1.7224747956544653
ANPEP,2,172,5.054679305829669
AOC3,5,172,4.361532125269724
AOX1,5,172,4.361532125269724
APEX1,91,172,1.6315030174487386
APOBEC3G,10,172,3.755396321699408
APP,94,172,1.599414702897238
AR,71,172,1.8766254754817235
ATR,3,172,4.7669972333778885
AURKA,11,172,3.6683849447097785
AURKB,59,172,2.058947032275678
AVPR2,49,172,2.241268589069633
AXL,51,172,2.2020478759163513
BACE1,96,172,1.578580615994396
BBOX1,1,172,5.460144413937834
BCHE,79,172,1.7712649598238974
BCL2,51,172,2.2020478759163513
BCL2L1,43,172,2.369101960579518
BCR,8,172,3.9560670171615597
BRAF,11,172,3.6683849447097785
CA1,117,172,1.3826069700321142
CA12,113,172,1.4170931461032836
CA13,52,172,2.182999680945657
CA14,99,172,1.5481214085096875
CA2,117,172,1.3826069700321142
CA3,97,172,1.568324115827207
CA4,111,172,1.4347927232026845
CA5A,97,172,1.568324115827207
CA5B,97,172,1.568324115827207
CA6,100,172,1.5381710776565196
CA7,113,172,1.4170931461032836
CA9,103,172,1.5089006953564064
CACNA1C,2,172,5.054679305829669
CACNA1D,1,172,5.460144413937834
CAMK2B,50,172,2.221465961773453
CARM1,10,172,3.755396321699408
CBR1,23,172,2.975237764149833
CCR4,49,172,2.241268589069633
CD38,67,172,1.9337838893216723
CDC25B,32,172,2.6567840330312986
CDK6,69,172,1.90479635244842
CES1,13,172,3.5142342648825204
CES2,12,172,3.588342237036242
CHRM1,6,172,4.207381445442466
CHRM2,6,172,4.207381445442466
CHRM3,4,172,4.543853682063679
CHRM4,6,172,4.207381445442466
CHRM5,5,172,4.361532125269724
CHRNA3,3,172,4.7669972333778885
CHRNA7,10,172,3.755396321699408
CLK1,1,172,5.460144413937834
CNR1,16,172,3.3200782504415627
CNR2,16,172,3.3200782504415627
CSNK1D,1,172,5.460144413937834
CSNK2A1,49,172,2.241268589069633
CTBP2,8,172,3.9560670171615597
CTSD,12,172,3.588342237036242
CTSL,39,172,2.4644121403838426
CXCL8,94,172,1.599414702897238
CXCR1,49,172,2.241268589069633
CYP19A1,115,172,1.3997014033914144
CYP1A1,79,172,1.7712649598238974
CYP1A2,86,172,1.6873834758431951
CYP1B1,78,172,1.7838437420307574
CYP2A13,10,172,3.755396321699408
CYP2A6,66,172,1.948598975106813
CYP2B6,14,172,3.445241393395569
CYP2C19,105,172,1.4898525003857117
CYP2C8,51,172,2.2020478759163513
CYP2C9,106,172,1.4804627600358728
CYP2D6,105,172,1.4898525003857117
CYP2E1,4,172,4.543853682063679
CYP2J2,51,172,2.2020478759163513
CYP3A4,134,172,1.2480168160593494
CYP3A5,1,172,5.460144413937834
DAO,29,172,2.7520942128356234
DAPK1,82,172,1.734450986701181
DHFR,11,172,3.6683849447097785
DNMT1,8,172,3.9560670171615597
DNMT3B,2,172,5.054679305829669
DPP4,82,172,1.734450986701181
DRD1,74,172,1.8358034809614685
DRD2,11,172,3.6683849447097785
DRD3,4,172,4.543853682063679
DRD4,2,172,5.054679305829669
DRD5,2,172,5.054679305829669
DUSP3,75,172,1.8225582542114478
DYRK1A,11,172,3.6683849447097785
DYRK1B,1,172,5.460144413937834
EBP,2,172,5.054679305829669
EDNRA,1,172,5.460144413937834
EGFR,97,172,1.568324115827207
EGLN1,23,172,2.975237764149833
EHMT2,138,172,1.2188176613670871
ENPP2,1,172,5.460144413937834
EP300,7,172,4.073850052817943
EPHB4,11,172,3.6683849447097785
EPHX2,73,172,1.849226501293609
ERBB2,41,172,2.4156219762144104
ERN1,4,172,4.543853682063679
ESR1,117,172,1.3826069700321142
ESR2,43,172,2.369101960579518
ESRRA,39,172,2.4644121403838426
ESRRB,4,172,4.543853682063679
F10,5,172,4.361532125269724
F2,59,172,2.058947032275678
F3,60,172,2.042417730324468
FABP2,63,172,1.9944085111381071
FABP3,70,172,1.8906117174564634
FABP4,73,172,1.849226501293609
FABP5,63,172,1.9944085111381071
FASN,51,172,2.2020478759163513
FDPS,3,172,4.7669972333778885
FLT3,76,172,1.8094861726440952
FLT4,11,172,3.6683849447097785
FOLH1,5,172,4.361532125269724
FUCA1,1,172,5.460144413937834
FUT7,26,172,2.85745472849345
FYN,6,172,4.207381445442466
GAA,108,172,1.4619437122686354
GABRR1,16,172,3.3200782504415627
GBA,97,172,1.568324115827207
GBA2,3,172,4.7669972333778885
GLO1,74,172,1.8358034809614685
GLRA1,13,172,3.5142342648825204
GLRA2,2,172,5.054679305829669
GPBAR1,3,172,4.7669972333778885
GPR35,70,172,1.8906117174564634
GRIA1,5,172,4.361532125269724
GRIA2,5,172,4.361532125269724
GRIA4,5,172,4.361532125269724
GRIK2,5,172,4.361532125269724
GRIK5,5,172,4.361532125269724
GRK6,7,172,4.073850052817943
GRM1,5,172,4.361532125269724
GRM2,5,172,4.361532125269724
GRM3,5,172,4.361532125269724
GRM4,5,172,4.361532125269724
GRM5,21,172,3.0622491411394632
GRM8,5,172,4.361532125269724
GSK3B,86,172,1.6873834758431951
GSTP1,10,172,3.755396321699408
HCAR2,63,172,1.9944085111381071
HDAC1,5,172,4.361532125269724
HDAC10,1,172,5.460144413937834
HDAC2,5,172,4.361532125269724
HDAC3,5,172,4.361532125269724
HDAC6,5,172,4.361532125269724
HDAC8,5,172,4.361532125269724
HIF1A,101,172,1.5283187812135077
HKDC1,7,172,4.073850052817943
HMGCR,6,172,4.207381445442466
HRH1,2,172,5.054679305829669
HRH3,2,172,5.054679305829669
HRH4,1,172,5.460144413937834
HSD11B1,57,172,2.0928485839513593
HSD11B2,5,172,4.361532125269724
HSD17B1,70,172,1.8906117174564634
HSD17B2,70,172,1.8906117174564634
HSD17B3,12,172,3.588342237036242
HSP90AA1,3,172,4.7669972333778885
HSP90AB1,24,172,2.9344157696295783
HSPA1A,12,172,3.588342237036242
HSPA8,39,172,2.4644121403838426
HTR1A,53,172,2.1643075479335048
HTR1B,1,172,5.460144413937834
HTR1D,1,172,5.460144413937834
HTR1E,2,172,5.054679305829669
HTR2A,6,172,4.207381445442466
HTR2B,2,172,5.054679305829669
HTR2C,3,172,4.7669972333778885
HTR3A,3,172,4.7669972333778885
HTR4,1,172,5.460144413937834
HTR5A,2,172,5.054679305829669
HTR6,3,172,4.7669972333778885
HTR7,57,172,2.0928485839513593
IDH1,97,172,1.568324115827207
IDO1,47,172,2.2820905835898877
IGF1R,59,172,2.058947032275678
INSR,42,172,2.3920914788042165
JAK2,1,172,5.460144413937834
KAT2B,4,172,4.543853682063679
KCNA3,1,172,5.460144413937834
KCNA5,1,172,5.460144413937834
KCNH2,44,172,2.3466291047274592
KDM2A,1,172,5.460144413937834
KDM4E,132,172,1.2629424662760251
KDM5C,1,172,5.460144413937834
KDM7A,1,172,5.460144413937834
KDR,59,172,2.058947032275678
KIT,6,172,4.207381445442466
KMT2A,100,172,1.5381710776565196
LDHA,6,172,4.207381445442466
LIMK1,1,172,5.460144413937834
MAN1B1,1,172,5.460144413937834
MAOA,38,172,2.4897299483681326
MAOB,30,172,2.719304390012633
MAP2K1,58,172,2.0757541505920596
MAP2K7,1,172,5.460144413937834
MAP3K7,1,172,5.460144413937834
MAP3K8,10,172,3.755396321699408
MAPK1,120,172,1.3575010489010377
MAPK14,55,172,2.1279399037626296
MAPK9,17,172,3.2629198366016143
MAPKAPK2,50,172,2.221465961773453
MAPT,135,172,1.240636708761727
MCL1,23,172,2.975237764149833
MERTK,1,172,5.460144413937834
MET,65,172,1.9636368524713532
MGAM,1,172,5.460144413937834
MGLL,25,172,2.8951950564762967
MIF,9,172,3.8507065015037334
MMP1,67,172,1.9337838893216723
MMP12,65,172,1.9636368524713532
MMP13,67,172,1.9337838893216723
MMP14,2,172,5.054679305829669
MMP2,88,172,1.6646552247656392
MMP3,84,172,1.7106403380074624
MMP9,92,172,1.620692101344523
MPG,65,172,1.9636368524713532
MPO,2,172,5.054679305829669
MTNR1A,2,172,5.054679305829669
MTNR1B,2,172,5.054679305829669
MYLK,1,172,5.460144413937834
NEK2,51,172,2.2020478759163513
NEK6,51,172,2.2020478759163513
NFKB1,102,172,1.518562606268143
NOS2,22,172,3.017797378568629
NQO1,4,172,4.543853682063679
NQO2,9,172,3.8507065015037334
NR1H4,40,172,2.4397195277934713
NR1I2,39,172,2.4644121403838426
NR3C1,6,172,4.207381445442466
NR3C2,1,172,5.460144413937834
NT5E,2,172,5.054679305829669
NUAK1,59,172,2.058947032275678
ODC1,13,172,3.5142342648825204
OPRD1,9,172,3.8507065015037334
OPRK1,8,172,3.9560670171615597
OPRM1,9,172,3.8507065015037334
OXER1,2,172,5.054679305829669
OXTR,1,172,5.460144413937834
PARP1,45,172,2.324650198008684
PCNA,1,172,5.460144413937834
PDE4B,3,172,4.7669972333778885
PDE4D,3,172,4.7669972333778885
PDE5A,72,172,1.862832153349388
PDGFRB,11,172,3.6683849447097785
PDPK1,7,172,4.073850052817943
PGR,1,172,5.460144413937834
PHF8,1,172,5.460144413937834
PIK3CA,11,172,3.6683849447097785
PIK3CB,10,172,3.755396321699408
PIK3CG,51,172,2.2020478759163513
PIM1,79,172,1.7712649598238974
PIM3,1,172,5.460144413937834
PKN1,51,172,2.2020478759163513
PLA2G2A,5,172,4.361532125269724
PLG,67,172,1.9337838893216723
PLK1,59,172,2.058947032275678
PLK4,11,172,3.6683849447097785
PNP,32,172,2.6567840330312986
POLA1,5,172,4.361532125269724
POLB,110,172,1.443761393185445
PPARA,101,172,1.5283187812135077
PPARD,98,172,1.558171744363189
PPARG,103,172,1.5089006953564064
PRKCA,60,172,2.042417730324468
PRKCD,1,172,5.460144413937834
PRKCE,1,172,5.460144413937834
PRMT1,4,172,4.543853682063679
PTAFR,3,172,4.7669972333778885
PTGES,12,172,3.588342237036242
PTGS1,71,172,1.8766254754817235
PTGS2,89,172,1.6534819241675138
PTK2,59,172,2.058947032275678
PTK2B,5,172,4.361532125269724
PTPN1,90,172,1.6424320879809289
PTPN11,31,172,2.6875556916980523
PTPN2,35,172,2.569772656041669
PTPN6,38,172,2.4897299483681326
PTPRF,35,172,2.569772656041669
PTPRS,46,172,2.3031439927877204
PYGL,49,172,2.241268589069633
RELA,24,172,2.9344157696295783
RORB,3,172,4.7669972333778885
RORC,111,172,1.4347927232026845
RXRA,7,172,4.073850052817943
SAE1,3,172,4.7669972333778885
SENP6,1,172,5.460144413937834
SENP7,1,172,5.460144413937834
SENP8,3,172,4.7669972333778885
SHBG,22,172,3.017797378568629
SIGMAR1,1,172,5.460144413937834
SIRT2,6,172,4.207381445442466
SIRT3,2,172,5.054679305829669
SLC15A2,2,172,5.054679305829669
SLC1A1,5,172,4.361532125269724
SLC22A1,28,172,2.7859957645113047
SLC22A12,4,172,4.543853682063679
SLC28A1,31,172,2.6875556916980523
SLC28A2,31,172,2.6875556916980523
SLC28A3,33,172,2.6269310698816177
SLC47A1,9,172,3.8507065015037334
SLC5A1,11,172,3.6683849447097785
SLC5A2,10,172,3.755396321699408
SLC6A15,1,172,5.460144413937834
SLC6A2,2,172,5.054679305829669
SLC6A3,2,172,5.054679305829669
SLC6A4,2,172,5.054679305829669
SLCO1B1,81,172,1.746572347233526
SLCO1B3,82,172,1.734450986701181
SLCO2B1,81,172,1.746572347233526
SMAD3,12,172,3.588342237036242
SOAT1,52,172,2.182999680945657
SOAT2,2,172,5.054679305829669
SRC,66,172,1.948598975106813
STAT3,19,172,3.157559320943788
SYK,69,172,1.90479635244842
TAS2R31,2,172,5.054679305829669
TBXAS1,16,172,3.3200782504415627
TEK,11,172,3.6683849447097785
TERT,67,172,1.9337838893216723
TGM2,4,172,4.543853682063679
THRA,1,172,5.460144413937834
THRB,104,172,1.4993312443402556
TLR2,63,172,1.9944085111381071
TNKS,42,172,2.3920914788042165
TNKS2,42,172,2.3920914788042165
TOP1,50,172,2.221465961773453
TOP2A,83,172,1.7224747956544653
TRPV1,37,172,2.515705434771393
TTR,64,172,1.9789043246021418
TUBB3,1,172,5.460144413937834
TYR,77,172,1.7965827678081872
UBE2N,14,172,3.445241393395569
UGT1A1,109,172,1.4528112287053627
VCP,4,172,4.543853682063679
VDR,3,172,4.7669972333778885
XDH,73,172,1.849226501293609
XIAP,2,172,5.054679305829669
XPO1,11,172,3.6683849447097785
