canonical_name,syndrome_code,primary_weight_W,article_support_m,representation,target_mapping_name,mapping_method,mapped_to_target_db
干姜,PDOL,0.1785714285714285,7,FULL,,unmapped,0
浙贝母,PDOL,0.1547619047619047,6,FULL,,unmapped,0
胆南星,PDOL,0.0833333333333333,3,FULL,,unmapped,0
僵蚕,PDOL,0.0595238095238095,2,FULL,,unmapped,0
浮小麦,PDOL,0.0357142857142857,1,FULL,,unmapped,0
石膏,PDOL,0.0357142857142857,1,FULL,,unmapped,0
神曲,PDOL,0.0357142857142857,1,FULL,,unmapped,0
竹茹,PDOL,0.0357142857142857,1,FULL,,unmapped,0
紫苏,PDOL,0.0357142857142857,1,FULL,,unmapped,0
蜈蚣,PDOL,0.0357142857142857,1,FULL,,unmapped,0
浙贝母,PHOL,0.4934210526315789,37,FULL,,unmapped,0
石膏,PHOL,0.3355263157894737,25,FULL,,unmapped,0
枇杷叶,PHOL,0.1381578947368421,10,FULL,,unmapped,0
胆南星,PHOL,0.1118421052631579,8,FULL,,unmapped,0
神曲,PHOL,0.0460526315789473,3,FULL,,unmapped,0
竹沥,PHOL,0.0460526315789473,3,FULL,,unmapped,0
竹茹,PHOL,0.0460526315789473,3,FULL,,unmapped,0
芒硝,PHOL,0.0328947368421052,2,FULL,,unmapped,0
苇茎,PHOL,0.0328947368421052,2,FULL,,unmapped,0
僵蚕,PHOL,0.0197368421052631,1,FULL,,unmapped,0
滑石,PHOL,0.0197368421052631,1,FULL,,unmapped,0
焦六神曲,PHOL,0.0197368421052631,1,FULL,,unmapped,0
白及,PHOL,0.0197368421052631,1,FULL,,unmapped,0
蒲黄炭,PHOL,0.0197368421052631,1,FULL,,unmapped,0
浙贝母,WHIL,0.3875,15,FULL,,unmapped,0
石膏,WHIL,0.3125,12,FULL,,unmapped,0
僵蚕,WHIL,0.2625,10,FULL,,unmapped,0
枇杷叶,WHIL,0.1875,7,FULL,,unmapped,0
海浮石,WHIL,0.0625,2,FULL,,unmapped,0
神曲,WHIL,0.0625,2,FULL,,unmapped,0
龙脷叶,WHIL,0.0625,2,FULL,,unmapped,0
梨皮,WHIL,0.0375,1,FULL,,unmapped,0
竹茹,WHIL,0.0375,1,FULL,,unmapped,0
紫苏,WHIL,0.0375,1,FULL,,unmapped,0
西青果,WHIL,0.0375,1,FULL,,unmapped,0
青天葵,WHIL,0.0375,1,FULL,,unmapped,0
马勃,WHIL,0.0375,1,FULL,,unmapped,0
干姜,PDOL,0.1666666666666666,5,LOPO,,unmapped,0
浙贝母,PDOL,0.1666666666666666,5,LOPO,,unmapped,0
僵蚕,PDOL,0.0757575757575757,2,LOPO,,unmapped,0
胆南星,PDOL,0.0757575757575757,2,LOPO,,unmapped,0
浮小麦,PDOL,0.0454545454545454,1,LOPO,,unmapped,0
石膏,PDOL,0.0454545454545454,1,LOPO,,unmapped,0
神曲,PDOL,0.0454545454545454,1,LOPO,,unmapped,0
竹茹,PDOL,0.0454545454545454,1,LOPO,,unmapped,0
紫苏,PDOL,0.0454545454545454,1,LOPO,,unmapped,0
蜈蚣,PDOL,0.0454545454545454,1,LOPO,,unmapped,0
浙贝母,PHOL,0.4803921568627451,24,LOPO,,unmapped,0
石膏,PHOL,0.3039215686274509,15,LOPO,,unmapped,0
枇杷叶,PHOL,0.1274509803921568,6,LOPO,,unmapped,0
胆南星,PHOL,0.088235294117647,4,LOPO,,unmapped,0
竹茹,PHOL,0.0686274509803921,3,LOPO,,unmapped,0
竹沥,PHOL,0.0490196078431372,2,LOPO,,unmapped,0
苇茎,PHOL,0.0490196078431372,2,LOPO,,unmapped,0
僵蚕,PHOL,0.0294117647058823,1,LOPO,,unmapped,0
滑石,PHOL,0.0294117647058823,1,LOPO,,unmapped,0
焦六神曲,PHOL,0.0294117647058823,1,LOPO,,unmapped,0
白及,PHOL,0.0294117647058823,1,LOPO,,unmapped,0
神曲,PHOL,0.0294117647058823,1,LOPO,,unmapped,0
芒硝,PHOL,0.0294117647058823,1,LOPO,,unmapped,0
蒲黄炭,PHOL,0.0294117647058823,1,LOPO,,unmapped,0
浙贝母,WHIL,0.4107142857142857,11,LOPO,,unmapped,0
僵蚕,WHIL,0.3035714285714285,8,LOPO,,unmapped,0
枇杷叶,WHIL,0.2321428571428571,6,LOPO,,unmapped,0
石膏,WHIL,0.2321428571428571,6,LOPO,,unmapped,0
梨皮,WHIL,0.0535714285714285,1,LOPO,,unmapped,0
神曲,WHIL,0.0535714285714285,1,LOPO,,unmapped,0
竹茹,WHIL,0.0535714285714285,1,LOPO,,unmapped,0
西青果,WHIL,0.0535714285714285,1,LOPO,,unmapped,0
龙脷叶,WHIL,0.0535714285714285,1,LOPO,,unmapped,0
