chain_id,iteration_within_chain,max_abs_herb_degree_error,max_abs_target_degree_error,edge_count,edge_count_error,pass
1,1,0,0,13285,0,True
1,250,0,0,13285,0,True
1,500,0,0,13285,0,True
1,750,0,0,13285,0,True
1,1000,0,0,13285,0,True
1,1250,0,0,13285,0,True
1,1500,0,0,13285,0,True
1,1750,0,0,13285,0,True
1,2000,0,0,13285,0,True
1,2250,0,0,13285,0,True
1,2500,0,0,13285,0,True
2,1,0,0,13285,0,True
2,250,0,0,13285,0,True
2,500,0,0,13285,0,True
2,750,0,0,13285,0,True
2,1000,0,0,13285,0,True
2,1250,0,0,13285,0,True
2,1500,0,0,13285,0,True
2,1750,0,0,13285,0,True
2,2000,0,0,13285,0,True
2,2250,0,0,13285,0,True
2,2500,0,0,13285,0,True
3,1,0,0,13285,0,True
3,250,0,0,13285,0,True
3,500,0,0,13285,0,True
3,750,0,0,13285,0,True
3,1000,0,0,13285,0,True
3,1250,0,0,13285,0,True
3,1500,0,0,13285,0,True
3,1750,0,0,13285,0,True
3,2000,0,0,13285,0,True
3,2250,0,0,13285,0,True
3,2500,0,0,13285,0,True
4,1,0,0,13285,0,True
4,250,0,0,13285,0,True
4,500,0,0,13285,0,True
4,750,0,0,13285,0,True
4,1000,0,0,13285,0,True
4,1250,0,0,13285,0,True
4,1500,0,0,13285,0,True
4,1750,0,0,13285,0,True
4,2000,0,0,13285,0,True
4,2250,0,0,13285,0,True
4,2500,0,0,13285,0,True
