syndrome_code,canonical_name,target_mapping_name,primary_weight_W,frozen_herb_degree,degree_normalized_coefficient
PHOL,一枝蒿,一枝蒿,0.0294117647058823,48,0.0006127450980392146
PDOL,丹参,丹参,0.1363636363636363,179,0.0007618080243778564
PHOL,丹参,丹参,0.1078431372549019,179,0.000602475627122357
WHIL,丹参,丹参,0.0535714285714285,179,0.00029928172386272907
PDOL,乌梅,乌梅,0.0454545454545454,141,0.00032237266279819434
PDOL,五味子,五味子,0.2575757575757575,137,0.0018801150188011498
PHOL,五味子,五味子,0.088235294117647,137,0.0006440532417346496
PDOL,五指毛桃,五指毛桃,0.0454545454545454,88,0.0005165289256198341
PDOL,人参,人参,0.0454545454545454,183,0.00024838549428713336
PHOL,仙鹤草,仙鹤草,0.0490196078431372,76,0.0006449948400412789
PHOL,侧柏叶,侧柏叶,0.0294117647058823,8,0.0036764705882352876
PDOL,党参,党参,0.1666666666666666,145,0.0011494252873563214
PHOL,党参,党参,0.0686274509803921,145,0.00047329276538201443
WHIL,党参,党参,0.0535714285714285,145,0.0003694581280788172
PDOL,全蝎,全蝎,0.0454545454545454,9,0.005050505050505045
PHOL,冬瓜子,冬瓜子,0.2254901960784313,74,0.0030471648118706933
PHOL,冰片,冰片,0.0294117647058823,4,0.007352941176470575
PDOL,制陈皮,陈皮,0.0454545454545454,12,0.003787878787878783
PDOL,前胡,前胡,0.106060606060606,87,0.001219087425983977
PHOL,前胡,前胡,0.1274509803921568,87,0.0014649537976109976
WHIL,前胡,前胡,0.125,87,0.0014367816091954023
PDOL,化橘红,化橘红,0.0454545454545454,8,0.005681818181818175
PHOL,化橘红,化橘红,0.0686274509803921,8,0.008578431372549012
PDOL,北沙参,北沙参,0.0454545454545454,163,0.0002788622420524258
PHOL,北沙参,北沙参,0.0294117647058823,163,0.00018044027426921658
WHIL,北沙参,北沙参,0.0892857142857142,163,0.000547765118317265
PDOL,半夏,半夏,0.4393939393939394,92,0.004776021080368906
PHOL,半夏,半夏,0.0686274509803921,92,0.0007459505541346967
WHIL,半夏,半夏,0.0535714285714285,92,0.000582298136645962
PHOL,南沙参,南沙参,0.0294117647058823,15,0.0019607843137254867
WHIL,南沙参,南沙参,0.0535714285714285,15,0.0035714285714285665
PDOL,厚朴,厚朴,0.4393939393939394,15,0.029292929292929294
PHOL,厚朴,厚朴,0.1078431372549019,15,0.007189542483660127
PDOL,厚朴花,厚朴花,0.0454545454545454,9,0.005050505050505045
PHOL,合欢皮,合欢皮,0.0294117647058823,4,0.007352941176470575
PHOL,地骨皮,地骨皮,0.0294117647058823,32,0.0009191176470588219
PDOL,地龙,地龙,0.0757575757575757,3,0.025252525252525235
PHOL,地龙,地龙,0.0686274509803921,3,0.02287581699346403
WHIL,地龙,地龙,0.0535714285714285,3,0.017857142857142832
WHIL,夏枯草,夏枯草,0.0535714285714285,147,0.000364431486880466
PDOL,大枣,大枣,0.0757575757575757,191,0.00039663652229097226
WHIL,大枣,大枣,0.0535714285714285,191,0.0002804786836200445
PHOL,大青叶,大青叶,0.0294117647058823,79,0.0003723008190618013
PHOL,大黄,大黄,0.088235294117647,127,0.0006947660954145432
WHIL,大黄,大黄,0.0535714285714285,127,0.00042182227221597245
PHOL,天竺黄,天竺黄,0.0490196078431372,2,0.0245098039215686
WHIL,天竺黄,天竺黄,0.0535714285714285,2,0.02678571428571425
PDOL,天花粉,天花粉,0.0757575757575757,107,0.000708014726706315
WHIL,天花粉,天花粉,0.125,107,0.0011682242990654205
PDOL,太子参,太子参,0.0454545454545454,22,0.0020661157024793363
PHOL,太子参,太子参,0.0294117647058823,22,0.0013368983957219227
WHIL,姜黄,姜黄,0.0535714285714285,90,0.0005952380952380944
PDOL,射干,射干,0.0454545454545454,41,0.0011086474501108634
PHOL,射干,射干,0.1078431372549019,41,0.002630320420851266
WHIL,射干,射干,0.2678571428571428,41,0.006533101045296166
PDOL,山楂,山楂,0.0454545454545454,158,0.0002876869965477557
PDOL,山药,山药,0.106060606060606,4,0.0265151515151515
PDOL,岩白菜,岩白菜,0.0454545454545454,44,0.0010330578512396681
PHOL,川芎,川芎,0.0490196078431372,66,0.0007427213309566242
WHIL,川芎,川芎,0.0892857142857142,66,0.0013528138528138517
PDOL,川贝母,川贝母,0.0454545454545454,142,0.0003201024327784887
PHOL,川贝母,川贝母,0.1274509803921568,142,0.0008975421154377239
WHIL,川贝母,川贝母,0.0535714285714285,142,0.0003772635814889331
PHOL,广藿香,广藿香,0.0294117647058823,172,0.0001709986320109436
PHOL,延胡索,延胡索,0.0294117647058823,75,0.0003921568627450973
PDOL,当归,当归,0.1363636363636363,121,0.0011269722013523662
PHOL,当归,当归,0.0490196078431372,121,0.0004051207259763405
PDOL,旋覆花,旋覆花,0.0757575757575757,32,0.0023674242424242408
PHOL,木蝴蝶,木蝴蝶,0.0294117647058823,167,0.00017611835153222933
WHIL,木蝴蝶,木蝴蝶,0.1964285714285714,167,0.001176218990590248
PHOL,木通,木通,0.0490196078431372,64,0.0007659313725490187
PDOL,杏仁,杏仁,0.4090909090909091,134,0.0030529172320217096
PHOL,杏仁,杏仁,0.3431372549019608,134,0.0025607257828504535
WHIL,杏仁,杏仁,0.1607142857142857,134,0.0011993603411513858
WHIL,板蓝根,板蓝根,0.1964285714285714,79,0.002486437613019891
PDOL,枳壳,枳壳,0.0757575757575757,167,0.0004536381781890761
PHOL,枳壳,枳壳,0.0686274509803921,167,0.0004109428202418688
WHIL,枳壳,枳壳,0.1607142857142857,167,0.0009623609923011119
PDOL,枳实,枳实,0.0757575757575757,167,0.0004536381781890761
PHOL,枳实,枳实,0.1274509803921568,167,0.0007631795233063282
WHIL,枳实,枳实,0.0892857142857142,167,0.0005346449957228395
PDOL,柏子仁,柏子仁,0.0454545454545454,6,0.007575757575757566
PDOL,柴胡,柴胡,0.0757575757575757,146,0.0005188875051888747
PHOL,柴胡,柴胡,0.0294117647058823,146,0.00020145044319097466
WHIL,柴胡,柴胡,0.2321428571428571,146,0.001590019569471624
PHOL,栀子,栀子,0.2254901960784313,158,0.001427153139736907
WHIL,栀子,栀子,0.1607142857142857,158,0.0010171790235081373
PDOL,桂枝,桂枝,0.0454545454545454,42,0.001082251082251081
PDOL,桃仁,桃仁,0.0757575757575757,76,0.0009968102073365224
PHOL,桃仁,桃仁,0.2058823529411764,76,0.002708978328173374
PHOL,桑叶,桑叶,0.0490196078431372,209,0.0002345435781968287
WHIL,桑叶,桑叶,0.2678571428571428,209,0.0012816131237183865
PDOL,桑白皮,桑白皮,0.0757575757575757,39,0.0019425019425019412
PHOL,桑白皮,桑白皮,0.6568627450980392,39,0.016842634489693312
WHIL,桑白皮,桑白皮,0.2321428571428571,39,0.005952380952380951
PDOL,桔梗,桔梗,0.2878787878787879,15,0.019191919191919194
PHOL,桔梗,桔梗,0.5588235294117647,15,0.03725490196078431
WHIL,桔梗,桔梗,0.7321428571428571,15,0.04880952380952381
PDOL,橘红,橘红,0.106060606060606,75,0.0014141414141414133
PHOL,橘红,橘红,0.1666666666666666,75,0.0022222222222222214
PDOL,款冬花,款冬花,0.1666666666666666,154,0.0010822510822510818
PHOL,款冬花,款冬花,0.0686274509803921,154,0.00044563279857397464
WHIL,款冬花,款冬花,0.1607142857142857,154,0.0010435992578849721
WHIL,沙参,沙参,0.0535714285714285,9,0.005952380952380944
PDOL,法半夏,法半夏,0.4393939393939394,5,0.08787878787878788
PHOL,法半夏,法半夏,0.3431372549019608,5,0.06862745098039216
WHIL,法半夏,法半夏,0.0535714285714285,5,0.0107142857142857
PHOL,海蛤壳,海蛤壳,0.0490196078431372,7,0.007002801120448171
WHIL,淡豆豉,淡豆豉,0.1607142857142857,1,0.1607142857142857
WHIL,火麻仁,火麻仁,0.0535714285714285,102,0.0005252100840336128
PDOL,炙甘草,炙甘草,0.1969696969696969,143,0.0013774104683195588
PHOL,炙甘草,炙甘草,0.1862745098039215,143,0.0013026189496777726
WHIL,炙甘草,炙甘草,0.125,143,0.0008741258741258741
PDOL,炙百部,百部,0.0454545454545454,2,0.0227272727272727
WHIL,炙百部,百部,0.0535714285714285,2,0.02678571428571425
PDOL,炙麻黄,炙麻黄,0.1969696969696969,145,0.001358411703239289
PHOL,炙麻黄,炙麻黄,0.1078431372549019,145,0.0007437457741717372
PDOL,焦山楂,山楂,0.0454545454545454,158,0.0002876869965477557
PHOL,焦山楂,山楂,0.0294117647058823,158,0.00018615040953090064
WHIL,焦山楂,山楂,0.0535714285714285,158,0.00033905967450271205
PDOL,熟地黄,熟地黄,0.0454545454545454,89,0.0005107252298263528
PDOL,牛蒡子,牛蒡子,0.0454545454545454,134,0.00033921302578018955
PHOL,牛蒡子,牛蒡子,0.0294117647058823,134,0.00021949078138718136
WHIL,牛蒡子,牛蒡子,0.2678571428571428,134,0.001998933901918976
WHIL,牡丹皮,牡丹皮,0.0535714285714285,2,0.02678571428571425
PDOL,牡蛎,牡蛎,0.0454545454545454,18,0.0025252525252525224
WHIL,玄参,玄参,0.3392857142857143,64,0.005301339285714286
PDOL,瓜蒌,瓜蒌,0.0757575757575757,107,0.000708014726706315
PHOL,瓜蒌,瓜蒌,0.3235294117647059,107,0.003023639362286971
WHIL,瓜蒌,瓜蒌,0.125,107,0.0011682242990654205
PDOL,瓜蒌子,瓜蒌子,0.0454545454545454,57,0.0007974481658692175
PHOL,瓜蒌子,瓜蒌子,0.1470588235294117,57,0.0025799793601651174
PHOL,瓜蒌皮,瓜蒌皮,0.1274509803921568,107,0.0011911306578706244
WHIL,瓜蒌皮,瓜蒌皮,0.0535714285714285,107,0.0005006675567423224
PDOL,甘草,甘草,0.5,143,0.0034965034965034965
PHOL,甘草,甘草,0.6764705882352942,143,0.004730563554092966
WHIL,甘草,甘草,0.625,143,0.004370629370629371
PHOL,生地黄,生地黄,0.0294117647058823,19,0.0015479876160990685
WHIL,生地黄,生地黄,0.0892857142857142,19,0.004699248120300747
PDOL,生姜,生姜,0.1969696969696969,163,0.001208403048893846
PHOL,生姜,生姜,0.0294117647058823,163,0.00018044027426921658
WHIL,生姜,生姜,0.0535714285714285,163,0.0003286590709903589
PHOL,生晒参,生晒参,0.0294117647058823,183,0.00016072002571520383
PDOL,白前,白前,0.1363636363636363,2,0.06818181818181815
PHOL,白前,白前,0.0686274509803921,2,0.03431372549019605
WHIL,白前,白前,0.0892857142857142,2,0.0446428571428571
PHOL,白头翁,白头翁,0.0294117647058823,29,0.0010141987829614587
PDOL,白术,白术,0.2575757575757575,128,0.0020123106060606056
PHOL,白术,白术,0.0490196078431372,128,0.00038296568627450936
WHIL,白术,白术,0.0892857142857142,128,0.0006975446428571422
PDOL,白果,白果,0.0454545454545454,173,0.00026274303730951096
PHOL,白果,白果,0.0686274509803921,173,0.000396690468094752
PDOL,白芍,白芍,0.1363636363636363,14,0.009740259740259735
PDOL,白芥子,白芥子,0.2878787878787879,171,0.0016835016835016836
PHOL,白芥子,白芥子,0.088235294117647,171,0.0005159958720330234
WHIL,白芷,白芷,0.0892857142857142,11,0.00811688311688311
PHOL,白茅根,白茅根,0.0490196078431372,1,0.0490196078431372
WHIL,白茅根,白茅根,0.0535714285714285,1,0.0535714285714285
PHOL,百合,百合,0.0294117647058823,135,0.0002178649237472763
WHIL,百合,百合,0.0892857142857142,135,0.0006613756613756608
PDOL,百部,百部,0.0454545454545454,2,0.0227272727272727
PHOL,百部,百部,0.0490196078431372,2,0.0245098039215686
WHIL,百部,百部,0.0892857142857142,2,0.0446428571428571
WHIL,皂角刺,皂角刺,0.125,40,0.003125
PHOL,知母,知母,0.1862745098039215,67,0.0027802165642376343
WHIL,知母,知母,0.0892857142857142,67,0.0013326226012793166
PHOL,矮地茶,矮地茶,0.0294117647058823,14,0.0021008403361344502
PHOL,石斛,石斛,0.0294117647058823,2,0.01470588235294115
PHOL,石菖蒲,石菖蒲,0.0490196078431372,72,0.0006808278867102388
PDOL,砂仁,砂仁,0.0757575757575757,120,0.0006313131313131308
PHOL,穿山龙,穿山龙,0.0294117647058823,3,0.009803921568627433
PHOL,紫花地丁,紫花地丁,0.0294117647058823,5,0.00588235294117646
WHIL,紫花地丁,紫花地丁,0.0535714285714285,5,0.0107142857142857
PDOL,紫苏叶,紫苏叶,0.0757575757575757,31,0.00244379276637341
PDOL,紫苏子,紫苏子,0.5303030303030303,4,0.13257575757575757
PHOL,紫苏子,紫苏子,0.4215686274509804,4,0.1053921568627451
WHIL,紫苏子,紫苏子,0.0535714285714285,4,0.013392857142857125
PDOL,紫菀,紫菀,0.1363636363636363,132,0.001033057851239669
PHOL,紫菀,紫菀,0.0294117647058823,132,0.00022281639928698713
WHIL,紫菀,紫菀,0.1607142857142857,132,0.0012175324675324675
WHIL,红花,红花,0.0535714285714285,156,0.00034340659340659295
PDOL,细辛,细辛,0.1666666666666666,122,0.0013661202185792345
WHIL,细辛,细辛,0.0535714285714285,122,0.00043911007025761064
PDOL,肉桂,肉桂,0.0454545454545454,42,0.001082251082251081
PDOL,芍药,芍药,0.0454545454545454,109,0.0004170141784820679
PDOL,芡实,芡实,0.0454545454545454,4,0.01136363636363635
PHOL,芦根,芦根,0.1862745098039215,27,0.006899055918663759
WHIL,芦根,芦根,0.1607142857142857,27,0.005952380952380952
PHOL,芫花,芫花,0.0294117647058823,84,0.0003501400560224083
PDOL,苍术,苍术,0.1666666666666666,109,0.0015290519877675835
PHOL,苍术,苍术,0.0490196078431372,109,0.0004497211728728183
PDOL,苦杏仁,苦杏仁,0.1666666666666666,1,0.1666666666666666
PHOL,苦杏仁,苦杏仁,0.3823529411764705,1,0.3823529411764705
WHIL,苦杏仁,苦杏仁,0.125,1,0.125
PDOL,茯苓,茯苓,0.7727272727272727,53,0.01457975986277873
PHOL,茯苓,茯苓,0.3431372549019608,53,0.006474287828338883
WHIL,茯苓,茯苓,0.125,53,0.0023584905660377358
PHOL,茵陈,茵陈,0.0294117647058823,152,0.00019349845201238356
PDOL,荆芥,荆芥,0.0454545454545454,88,0.0005165289256198341
WHIL,荆芥,荆芥,0.1607142857142857,88,0.001826298701298701
PDOL,莱菔子,莱菔子,0.4393939393939394,48,0.009154040404040404
PHOL,莱菔子,莱菔子,0.088235294117647,48,0.0018382352941176457
WHIL,莱菔子,莱菔子,0.0892857142857142,48,0.001860119047619046
PHOL,菊花,菊花,0.0294117647058823,148,0.00019872813990461013
WHIL,菊花,菊花,0.1607142857142857,148,0.001085907335907336
WHIL,葛根,葛根,0.0535714285714285,59,0.0009079903147699745
PDOL,葶苈子,葶苈子,0.1666666666666666,123,0.001355013550135501
PHOL,葶苈子,葶苈子,0.2647058823529412,123,0.002152080344332855
PHOL,蒲公英,蒲公英,0.0294117647058823,153,0.00019223375624759673
WHIL,蒲公英,蒲公英,0.0892857142857142,153,0.0005835667600373477
PHOL,薄荷,薄荷,0.0294117647058823,40,0.0007352941176470575
WHIL,薄荷,薄荷,0.1964285714285714,40,0.004910714285714285
PDOL,薏苡仁,薏苡仁,0.1666666666666666,17,0.009803921568627447
PHOL,薏苡仁,薏苡仁,0.2450980392156862,17,0.014417531718569777
WHIL,薏苡仁,薏苡仁,0.0535714285714285,17,0.0031512605042016764
PDOL,薤白,薤白,0.0757575757575757,34,0.0022281639928698736
WHIL,藏青果,藏青果,0.0535714285714285,124,0.0004320276497695847
PHOL,藿香,藿香,0.0294117647058823,172,0.0001709986320109436
PHOL,虎杖,虎杖,0.0686274509803921,151,0.00045448643033372247
PHOL,蜜款冬花,蜜款冬花,0.0686274509803921,154,0.00044563279857397464
WHIL,蜜款冬花,蜜款冬花,0.0535714285714285,154,0.00034786641929499023
PHOL,蜜百部,蜜百部,0.0490196078431372,2,0.0245098039215686
PDOL,蜜紫菀,蜜紫菀,0.106060606060606,132,0.0008034894398530757
PHOL,蜜紫菀,蜜紫菀,0.088235294117647,132,0.0006684491978609621
WHIL,蜜紫菀,蜜紫菀,0.0892857142857142,132,0.0006764069264069258
PDOL,蜜麻黄,蜜麻黄,0.0757575757575757,145,0.0005224660397074186
PHOL,蜜麻黄,蜜麻黄,0.1470588235294117,145,0.00101419878296146
PHOL,蝉蜕,蝉蜕,0.0686274509803921,2,0.03431372549019605
WHIL,蝉蜕,蝉蜕,0.3035714285714285,2,0.15178571428571425
PDOL,补骨脂,补骨脂,0.0454545454545454,46,0.0009881422924901174
WHIL,诃子,诃子,0.0892857142857142,124,0.0007200460829493081
PHOL,豆蔻,豆蔻,0.0294117647058823,1,0.0294117647058823
PHOL,败酱草,败酱草,0.0490196078431372,149,0.00032899065666535033
WHIL,贯众,贯众,0.0535714285714285,144,0.000372023809523809
PDOL,赤芍,赤芍,0.0757575757575757,109,0.0006950236308034468
PHOL,赤芍,赤芍,0.0294117647058823,109,0.0002698327037236908
WHIL,赤芍,赤芍,0.2678571428571428,109,0.0024574049803407594
PDOL,车前子,车前子,0.0454545454545454,71,0.0006402048655569774
PHOL,车前子,车前子,0.0294117647058823,71,0.00041425020712510284
WHIL,辛夷,辛夷,0.0535714285714285,16,0.003348214285714281
PHOL,连翘,连翘,0.088235294117647,144,0.0006127450980392152
WHIL,连翘,连翘,0.625,144,0.004340277777777778
PHOL,通草,通草,0.0294117647058823,20,0.001470588235294115
WHIL,野菊花,野菊花,0.0892857142857142,154,0.0005797773654916507
PHOL,金荞麦,金荞麦,0.1274509803921568,141,0.0009039076623557219
WHIL,金荞麦,金荞麦,0.0535714285714285,141,0.0003799392097264433
PHOL,金银花,金银花,0.1078431372549019,178,0.0006058603216567522
WHIL,金银花,金银花,0.5178571428571429,178,0.0029093097913322637
PHOL,银杏叶,银杏叶,0.0294117647058823,173,0.00017001020061203643
PDOL,防风,防风,0.106060606060606,54,0.0019640852974186296
WHIL,防风,防风,0.1607142857142857,54,0.002976190476190476
PDOL,附子,附子,0.0454545454545454,24,0.0018939393939393916
PDOL,陈皮,陈皮,0.7121212121212122,12,0.059343434343434344
PHOL,陈皮,陈皮,0.1862745098039215,12,0.015522875816993457
WHIL,陈皮,陈皮,0.125,12,0.010416666666666666
WHIL,青果,青果,0.0535714285714285,99,0.0005411255411255404
PHOL,青葙子,青葙子,0.0294117647058823,1,0.0294117647058823
PHOL,青蒿,青蒿,0.0294117647058823,77,0.00038197097020626367
WHIL,青蒿,青蒿,0.0535714285714285,77,0.0006957328385899805
PDOL,香附,香附,0.0454545454545454,43,0.0010570824524312884
PHOL,马鞭草,马鞭草,0.0294117647058823,96,0.0003063725490196073
PDOL,鱼腥草,鱼腥草,0.0757575757575757,146,0.0005188875051888747
PHOL,鱼腥草,鱼腥草,0.3235294117647059,146,0.0022159548751007254
WHIL,鱼腥草,鱼腥草,0.1607142857142857,146,0.0011007827788649706
PHOL,麦冬,麦冬,0.1862745098039215,37,0.005034446210916797
WHIL,麦冬,麦冬,0.1964285714285714,37,0.005308880308880308
PDOL,麻黄,麻黄,0.1666666666666666,145,0.0011494252873563214
PHOL,麻黄,麻黄,0.2450980392156862,145,0.001690331304935767
WHIL,麻黄,麻黄,0.0535714285714285,145,0.0003694581280788172
WHIL,麻黄绒,麻黄绒,0.0535714285714285,145,0.0003694581280788172
PDOL,黄芩,黄芩,0.1363636363636363,98,0.0013914656771799622
PHOL,黄芩,黄芩,0.7941176470588235,98,0.008103241296518607
WHIL,黄芩,黄芩,0.6607142857142857,98,0.006741982507288629
PDOL,黄芪,黄芪,0.2272727272727272,103,0.0022065313327449244
PHOL,黄芪,黄芪,0.1078431372549019,103,0.0010470207500475912
PHOL,黄连,黄连,0.088235294117647,55,0.001604278074866309
WHIL,黄连,黄连,0.0535714285714285,55,0.0009740259740259727
PDOL,黑芝麻,黑芝麻,0.0454545454545454,85,0.0005347593582887694
PDOL,龙骨,龙骨,0.0454545454545454,2,0.0227272727272727
