syndrome_code,target_id,reconstructed_ubiquity_corrected_sum1,frozen_ubiquity_corrected_sum1,absolute_error
PDOL,ABCB1,0.0014432498221752397,0.0014432498221752,3.968179951296946e-17
PDOL,ABCB11,0.0015683137590584563,0.0015683137590584,5.637851296924623e-17
PDOL,ABCC1,0.003059452394671255,0.0030594523946712,5.5077470362263625e-17
PDOL,ABCG2,0.0032269194911155635,0.0032269194911155,6.375108774214766e-17
PDOL,ACHE,0.0035228167047795388,0.0035228167047795,3.859759734048396e-17
PDOL,ACP1,0.003690849700411799,0.0036908497004117,9.8879238130678e-17
PDOL,ADORA1,0.0025154681443826914,0.0025154681443826,9.150666335777657e-17
PDOL,ADORA2A,0.0031031883888349,0.0031031883888349,0.0
PDOL,ADORA2B,0.0025154681443826914,0.0025154681443826,9.150666335777657e-17
PDOL,ADORA3,0.0037895743907895014,0.0037895743907895,1.3010426069826053e-18
PDOL,ADRA1A,0.0,0.0,0.0
PDOL,ADRA1B,0.0,0.0,0.0
PDOL,ADRA1D,0.0,0.0,0.0
PDOL,ADRA2A,0.00016760575843211356,0.0001676057584321,1.3552527156068805e-17
PDOL,ADRA2B,0.0005765316823806554,0.0005765316823806,5.5402731014009277e-17
PDOL,ADRA2C,0.0,0.0,0.0
PDOL,ADRB1,0.00032467050314848327,0.0003246705031484,8.326672684688674e-17
PDOL,ADRB2,0.0025068117913144587,0.0025068117913144,5.854691731421724e-17
PDOL,AGTR1,6.627406812735347e-05,6.627406812735347e-05,0.0
PDOL,AKR1B1,0.006053489623424208,0.0060534896234242,7.806255641895632e-18
PDOL,AKR1B10,0.004566269886692765,0.0045662698866927,6.505213034913027e-17
PDOL,AKR1C2,0.0015520744321504219,0.0015520744321504,2.190088388420719e-17
PDOL,AKR1C3,0.0015375374526609463,0.0015375374526609,4.640385298237959e-17
PDOL,AKR1C4,0.0015520744321504219,0.0015520744321504,2.190088388420719e-17
PDOL,AKT1,0.004534657325711481,0.0045346573257114,8.153200337090993e-17
PDOL,ALDH2,0.0006716738229704852,0.0006716738229704,8.521829075736065e-17
PDOL,ALK,0.0023236070987028767,0.0023236070987028,7.676151381197371e-17
PDOL,ALOX12,0.0033293466370434904,0.0033293466370434,9.020562075079397e-17
PDOL,ALOX15,0.011622681345608206,0.0116226813456082,6.938893903907228e-18
PDOL,ALOX5,0.006887700394930418,0.0068877003949304,1.8214596497756474e-17
PDOL,ALPI,0.002588630714117105,0.0025886307141171,5.204170427930421e-18
PDOL,ALPL,0.002588630714117105,0.0025886307141171,5.204170427930421e-18
PDOL,AMY1A,0.004322922857591197,0.0043229228575911,9.71445146547012e-17
PDOL,ANPEP,0.0,0.0,0.0
PDOL,AOC3,0.0005752742322458336,0.0005752742322458,3.361026734705064e-17
PDOL,AOX1,0.0012992920963058685,0.0012992920963058,6.852157730108388e-17
PDOL,APEX1,0.004931664045989076,0.004931664045989,7.632783294297951e-17
PDOL,APOBEC3G,0.0005060113075429489,0.0005060113075429,4.889751797909625e-17
PDOL,APP,0.004230867227526336,0.0042308672275263,3.5561831257524545e-17
PDOL,AR,0.014342041420271727,0.0143420414202717,2.7755575615628914e-17
PDOL,ATR,0.0004416400443145776,0.0004416400443145,7.757466544133784e-17
PDOL,AURKA,0.0007803265289625807,0.0007803265289625,8.066464163292153e-17
PDOL,AURKB,0.0024526043577518374,0.0024526043577518,3.729655473350135e-17
PDOL,AVPR2,0.002181333538972763,0.0021813335389727,6.288372600415926e-17
PDOL,AXL,0.0023236070987028767,0.0023236070987028,7.676151381197371e-17
PDOL,BACE1,0.005187385285180476,0.0051873852851804,7.546047120499111e-17
PDOL,BBOX1,0.0,0.0,0.0
PDOL,BCHE,0.0032634778858859873,0.0032634778858859,8.716985466783456e-17
PDOL,BCL2,0.0035490037310585846,0.0035490037310585,8.456776945386935e-17
PDOL,BCL2L1,0.0018666935739385983,0.0018666935739385,9.82287168271867e-17
PDOL,BCR,0.00023367046180346665,0.0002336704618034,6.665132855354639e-17
PDOL,BRAF,0.0007803265289625807,0.0007803265289625,8.066464163292153e-17
PDOL,CA1,0.005264506360901881,0.0052645063609018,8.066464163292153e-17
PDOL,CA12,0.0053466311858873005,0.0053466311858873,8.673617379884035e-19
PDOL,CA13,0.004187379310496754,0.0041873793104967,5.377642775528102e-17
PDOL,CA14,0.005203557669768272,0.0052035576697682,7.19910242530375e-17
PDOL,CA2,0.005264506360901881,0.0052645063609018,8.066464163292153e-17
PDOL,CA3,0.005236203332905945,0.0052362033329059,4.5102810375396984e-17
PDOL,CA4,0.0051694408959326145,0.0051694408959326,1.474514954580286e-17
PDOL,CA5A,0.005236203332905945,0.0052362033329059,4.5102810375396984e-17
PDOL,CA5B,0.005236203332905945,0.0052362033329059,4.5102810375396984e-17
PDOL,CA6,0.005170112540631031,0.005170112540631,3.122502256758253e-17
PDOL,CA7,0.0053466311858873005,0.0053466311858873,8.673617379884035e-19
PDOL,CA9,0.0055660933007035274,0.0055660933007035,2.7755575615628914e-17
PDOL,CACNA1C,0.0003005607817421053,0.0003005607817421,5.312590645178972e-18
PDOL,CACNA1D,0.00032467050314848327,0.0003246705031484,8.326672684688674e-17
PDOL,CAMK2B,0.002294153028385888,0.0022941530283858,8.803721640582296e-17
PDOL,CARM1,0.0005755323362736027,0.0005755323362736,2.710505431213761e-18
PDOL,CBR1,0.0027502523364660685,0.002750252336466,6.852157730108388e-17
PDOL,CCR4,0.002181333538972763,0.0021813335389727,6.288372600415926e-17
PDOL,CD38,0.003663306261171896,0.0036633062611718,9.584347204771859e-17
PDOL,CDC25B,0.003590290346380079,0.00359029034638,7.892991815694472e-17
PDOL,CDK6,0.0032099732375301154,0.0032099732375301,1.5612511283791264e-17
PDOL,CES1,0.0015613463403562789,0.0015613463403562,7.892991815694472e-17
PDOL,CES2,0.0016753151744130482,0.001675315174413,4.8138576458356397e-17
PDOL,CHRM1,0.00027151911997132786,0.0002715191199713,2.7863995832877464e-17
PDOL,CHRM2,0.00027151911997132786,0.0002715191199713,2.7863995832877464e-17
PDOL,CHRM3,0.000293233016552095,0.000293233016552,9.497611030973019e-17
PDOL,CHRM4,0.00027151911997132786,0.0002715191199713,2.7863995832877464e-17
PDOL,CHRM5,0.0002814670786892181,0.0002814670786892,1.8106176280507924e-17
PDOL,CHRNA3,0.00030763336067723745,0.0003076333606772,3.745918505937418e-17
PDOL,CHRNA7,0.001674885921113898,0.0016748859211138,9.80118763926896e-17
PDOL,CLK1,0.00032467050314848327,0.0003246705031484,8.326672684688674e-17
PDOL,CNR1,0.005690442912130273,0.0056904429121302,7.28583859910259e-17
PDOL,CNR2,0.005690442912130273,0.0056904429121302,7.28583859910259e-17
PDOL,CSNK1D,0.00032467050314848327,0.0003246705031484,8.326672684688674e-17
PDOL,CSNK2A1,0.0024140820627082263,0.0024140820627082,2.6454533008646308e-17
PDOL,CTBP2,0.0007358931693038351,0.0007358931693038,3.5128150388530344e-17
PDOL,CTSD,0.0005544416168647802,0.0005544416168647,8.023096076392733e-17
PDOL,CTSL,0.004003736554348503,0.0040037365543485,2.6020852139652106e-18
PDOL,CXCL8,0.015852813980276652,0.0158528139802766,5.204170427930421e-17
PDOL,CXCR1,0.002181333538972763,0.0021813335389727,6.288372600415926e-17
PDOL,CYP19A1,0.006258717514807256,0.0062587175148072,5.637851296924623e-17
PDOL,CYP1A1,0.003316865908217462,0.0033168659082174,6.201636426617085e-17
PDOL,CYP1A2,0.008450660902067758,0.0084506609020677,5.724587470723463e-17
PDOL,CYP1B1,0.0033404209012959534,0.0033404209012959,5.334274688628682e-17
PDOL,CYP2A13,0.0012712404891460649,0.001271240489146,6.483528991463317e-17
PDOL,CYP2A6,0.00350188440222373,0.0035018844022237,2.992397996059992e-17
PDOL,CYP2B6,0.0011997059542362505,0.0011997059542362,5.0523821237824507e-17
PDOL,CYP2C19,0.004297136892208036,0.004297136892208,3.5561831257524545e-17
PDOL,CYP2C8,0.0022439240178657067,0.0022439240178657,6.938893903907228e-18
PDOL,CYP2C9,0.00461471266607058,0.0046147126660705,7.979727989493313e-17
PDOL,CYP2D6,0.0038111885483107576,0.0038111885483107,5.767955557622884e-17
PDOL,CYP2E1,0.0013326924737701352,0.0013326924737701,3.5128150388530344e-17
PDOL,CYP2J2,0.0023253544230110567,0.002325354423011,5.681219383824043e-17
PDOL,CYP3A4,0.01788934399892788,0.0178893439989278,7.979727989493313e-17
PDOL,CYP3A5,6.627406812735347e-05,6.627406812735347e-05,0.0
PDOL,DAO,0.002942252042644989,0.0029422520426449,8.890457814381136e-17
PDOL,DAPK1,0.0041943707155187955,0.0041943707155187,9.540979117872439e-17
PDOL,DHFR,0.0012156976837138396,0.0012156976837138,3.968179951296946e-17
PDOL,DNMT1,0.0009704272584161388,0.0009704272584161,3.881443777498106e-17
PDOL,DNMT3B,0.0,0.0,0.0
PDOL,DPP4,0.003934555054532231,0.0039345550545322,3.122502256758253e-17
PDOL,DRD1,0.010264479607949706,0.0102644796079497,6.938893903907228e-18
PDOL,DRD2,0.0008112062067918087,0.0008112062067918,8.673617379884035e-18
PDOL,DRD3,0.0005551786507492719,0.0005551786507492,7.188260403578894e-17
PDOL,DRD4,8.726419650770308e-05,8.726419650770308e-05,0.0
PDOL,DRD5,8.726419650770308e-05,8.726419650770308e-05,0.0
PDOL,DUSP3,0.004189113874169979,0.0041891138741699,7.892991815694472e-17
PDOL,DYRK1A,0.0005621974291715573,0.0005621974291715,5.724587470723463e-17
PDOL,DYRK1B,0.00032467050314848327,0.0003246705031484,8.326672684688674e-17
PDOL,EBP,0.0,0.0,0.0
PDOL,EDNRA,0.00026783487036591627,0.0002678348703659,1.6263032587282567e-17
PDOL,EGFR,0.004256373092754357,0.0042563730927543,5.724587470723463e-17
PDOL,EGLN1,0.006750512824443027,0.006750512824443,2.688821387764051e-17
PDOL,EHMT2,0.016764613207854325,0.0167646132078543,2.42861286636753e-17
PDOL,ENPP2,0.0,0.0,0.0
PDOL,EP300,0.00026086188381114464,0.0002608618838111,4.461491939777851e-17
PDOL,EPHB4,0.0007803265289625807,0.0007803265289625,8.066464163292153e-17
PDOL,EPHX2,0.003504082038167622,0.0035040820381676,2.168404344971009e-17
PDOL,ERBB2,0.002678777081241968,0.0026787770812419,6.765421556309548e-17
PDOL,ERN1,4.91247500015465e-05,4.91247500015465e-05,0.0
PDOL,ESR1,0.006137866722067009,0.006137866722067,9.540979117872439e-18
PDOL,ESR2,0.0025278331519224036,0.0025278331519224,3.469446951953614e-18
PDOL,ESRRA,0.0022731583047806213,0.0022731583047806,2.1250362580715887e-17
PDOL,ESRRB,0.0011146119244695941,0.0011146119244695,9.410874857174178e-17
PDOL,F10,0.002158711418188866,0.0021587114181888,6.635317295611287e-17
PDOL,F2,0.003639867628892554,0.0036398676288925,5.421010862427522e-17
PDOL,F3,0.005192259812819329,0.0051922598128193,2.862293735361732e-17
PDOL,FABP2,0.004731022236577386,0.0047310222365773,8.586881206085195e-17
PDOL,FABP3,0.005142973133189953,0.0051429731331899,5.2909066017292616e-17
PDOL,FABP4,0.005862550729920183,0.0058625507299201,8.239936510889834e-17
PDOL,FABP5,0.004731022236577386,0.0047310222365773,8.586881206085195e-17
PDOL,FASN,0.0028587328145872042,0.0028587328145872,4.336808689942018e-18
PDOL,FDPS,0.005239616482590747,0.0052396164825907,4.683753385137379e-17
PDOL,FLT3,0.0032445354337230174,0.003244535433723,1.734723475976807e-17
PDOL,FLT4,0.0007803265289625807,0.0007803265289625,8.066464163292153e-17
PDOL,FOLH1,0.0006764398344912371,0.0006764398344912,3.707971429900425e-17
PDOL,FUCA1,0.0,0.0,0.0
PDOL,FUT7,0.0018164280222846172,0.0018164280222846,1.713039432527097e-17
PDOL,FYN,0.0012822537930871306,0.0012822537930871,3.0574501264091225e-17
PDOL,GAA,0.008409833685390975,0.0084098336853909,7.45931094670027e-17
PDOL,GABRR1,0.013905831490391042,0.013905831490391,4.163336342344337e-17
PDOL,GBA,0.004247138578125933,0.0042471385781259,3.2959746043559335e-17
PDOL,GBA2,0.0010112826218147187,0.0010112826218147,1.8648277366750676e-17
PDOL,GLO1,0.003115410504892147,0.0031154105048921,4.7271214720367993e-17
PDOL,GLRA1,0.0016568004995108426,0.0016568004995108,4.2500725161431774e-17
PDOL,GLRA2,5.780622496984259e-05,5.780622496984259e-05,0.0
PDOL,GPBAR1,0.0,0.0,0.0
PDOL,GPR35,0.0027384025240683283,0.0027384025240683,2.8189256484623115e-17
PDOL,GRIA1,0.0006764398344912371,0.0006764398344912,3.707971429900425e-17
PDOL,GRIA2,0.0006764398344912371,0.0006764398344912,3.707971429900425e-17
PDOL,GRIA4,0.0006764398344912371,0.0006764398344912,3.707971429900425e-17
PDOL,GRIK2,0.0006764398344912371,0.0006764398344912,3.707971429900425e-17
PDOL,GRIK5,0.0006764398344912371,0.0006764398344912,3.707971429900425e-17
PDOL,GRK6,0.0006206714837216497,0.0006206714837216,4.96564594998361e-17
PDOL,GRM1,0.0006764398344912371,0.0006764398344912,3.707971429900425e-17
PDOL,GRM2,0.0006764398344912371,0.0006764398344912,3.707971429900425e-17
PDOL,GRM3,0.0006764398344912371,0.0006764398344912,3.707971429900425e-17
PDOL,GRM4,0.0006764398344912371,0.0006764398344912,3.707971429900425e-17
PDOL,GRM5,0.003012714112697919,0.0030127141126979,1.8648277366750676e-17
PDOL,GRM8,0.0006764398344912371,0.0006764398344912,3.707971429900425e-17
PDOL,GSK3B,0.009758920633014641,0.0097589206330146,4.163336342344337e-17
PDOL,GSTP1,0.0005755323362736027,0.0005755323362736,2.710505431213761e-18
PDOL,HCAR2,0.0034577185448164314,0.0034577185448164,3.122502256758253e-17
PDOL,HDAC1,0.0005933145012642358,0.0005933145012642,3.5778671692021646e-17
PDOL,HDAC10,0.00012275764891771153,0.0001227576489177,1.1546753136970622e-17
PDOL,HDAC2,0.0005933145012642358,0.0005933145012642,3.5778671692021646e-17
PDOL,HDAC3,0.0005933145012642358,0.0005933145012642,3.5778671692021646e-17
PDOL,HDAC6,0.0005933145012642358,0.0005933145012642,3.5778671692021646e-17
PDOL,HDAC8,0.0005933145012642358,0.0005933145012642,3.5778671692021646e-17
PDOL,HIF1A,0.004061947615839284,0.0040619476158392,8.413408858487514e-17
PDOL,HKDC1,0.004477747906982265,0.0044777479069822,6.505213034913027e-17
PDOL,HMGCR,0.00010760745655357777,0.0001076074565535,7.77644008215228e-17
PDOL,HRH1,0.00011765266964450316,0.0001176526696445,3.1577388273640317e-18
PDOL,HRH3,0.00016760575843211356,0.0001676057584321,1.3552527156068805e-17
PDOL,HRH4,0.0,0.0,0.0
PDOL,HSD11B1,0.002586235589616795,0.0025862355896167,9.497611030973019e-17
PDOL,HSD11B2,0.0009252662476681243,0.0009252662476681,2.42861286636753e-17
PDOL,HSD17B1,0.005417609713255814,0.0054176097132558,1.3877787807814457e-17
PDOL,HSD17B2,0.005417609713255814,0.0054176097132558,1.3877787807814457e-17
PDOL,HSD17B3,0.0005467019334257953,0.0005467019334257,9.530137096147584e-17
PDOL,HSP90AA1,0.00031099824261591384,0.0003109982426159,1.3823577699190182e-17
PDOL,HSP90AB1,0.0037668475058858244,0.0037668475058858,2.42861286636753e-17
PDOL,HSPA1A,0.0005499305037653544,0.0005499305037653,5.442694905877232e-17
PDOL,HSPA8,0.002586343788208452,0.0025863437882084,5.204170427930421e-17
PDOL,HTR1A,0.0021064305572225097,0.0021064305572225,9.540979117872439e-18
PDOL,HTR1B,0.0,0.0,0.0
PDOL,HTR1D,0.0,0.0,0.0
PDOL,HTR1E,0.0,0.0,0.0
PDOL,HTR2A,7.263641054626529e-05,7.263641054626529e-05,0.0
PDOL,HTR2B,0.0,0.0,0.0
PDOL,HTR2C,0.0,0.0,0.0
PDOL,HTR3A,0.00015806664249156454,0.0001580666424915,6.453713431719965e-17
PDOL,HTR4,0.0,0.0,0.0
PDOL,HTR5A,0.0,0.0,0.0
PDOL,HTR6,0.0,0.0,0.0
PDOL,HTR7,0.004799689337431529,0.0047996893374315,2.949029909160572e-17
PDOL,IDH1,0.005054648793901212,0.0050546487939012,1.214306433183765e-17
PDOL,IDO1,0.0030069764358100527,0.00300697643581,5.2909066017292616e-17
PDOL,IGF1R,0.0024526043577518374,0.0024526043577518,3.729655473350135e-17
PDOL,INSR,0.002385315779756562,0.0023853157797565,6.201636426617085e-17
PDOL,JAK2,0.00032467050314848327,0.0003246705031484,8.326672684688674e-17
PDOL,KAT2B,5.196433092649137e-05,5.196433092649137e-05,0.0
PDOL,KCNA3,0.0,0.0,0.0
PDOL,KCNA5,0.00032467050314848327,0.0003246705031484,8.326672684688674e-17
PDOL,KCNH2,0.004696079201251565,0.0046960792012515,6.418476861114186e-17
PDOL,KDM2A,0.0,0.0,0.0
PDOL,KDM4E,0.010997232060813758,0.0109972320608137,5.724587470723463e-17
PDOL,KDM5C,0.0,0.0,0.0
PDOL,KDM7A,0.0,0.0,0.0
PDOL,KDR,0.0024526043577518374,0.0024526043577518,3.729655473350135e-17
PDOL,KIT,0.0005339560994787548,0.0005339560994787,5.4752209710517974e-17
PDOL,KMT2A,0.010833923789927537,0.0108339237899275,3.642919299551295e-17
PDOL,LDHA,0.00025187051775113327,0.0002518705177511,3.3285006695304986e-17
PDOL,LIMK1,0.00032467050314848327,0.0003246705031484,8.326672684688674e-17
PDOL,MAN1B1,0.0,0.0,0.0
PDOL,MAOA,0.0031426540079728714,0.0031426540079728,7.155734338404329e-17
PDOL,MAOB,0.002926707820870746,0.0029267078208707,4.597017211338539e-17
PDOL,MAP2K1,0.004144933831596559,0.0041449338315965,5.898059818321144e-17
PDOL,MAP2K7,0.0,0.0,0.0
PDOL,MAP3K7,0.0,0.0,0.0
PDOL,MAP3K8,0.0005755323362736027,0.0005755323362736,2.710505431213761e-18
PDOL,MAPK1,0.005800161593415577,0.0058001615934155,7.719519468096792e-17
PDOL,MAPK14,0.004201298661443511,0.0042012986614435,1.1275702593849246e-17
PDOL,MAPK9,0.0038025686662757534,0.0038025686662757,5.334274688628682e-17
PDOL,MAPKAPK2,0.002294153028385888,0.0022941530283858,8.803721640582296e-17
PDOL,MAPT,0.012328572317878825,0.0123285723178788,2.42861286636753e-17
PDOL,MCL1,0.002608931755715134,0.0026089317557151,3.382710778154774e-17
PDOL,MERTK,0.00032467050314848327,0.0003246705031484,8.326672684688674e-17
PDOL,MET,0.003725168806072461,0.0037251688060724,6.114900252818245e-17
PDOL,MGAM,0.0,0.0,0.0
PDOL,MGLL,0.00406590937517731,0.0040659093751773,9.540979117872439e-18
PDOL,MIF,0.0031175512900838286,0.0031175512900838,2.862293735361732e-17
PDOL,MMP1,0.004007631370062924,0.0040076313700629,2.42861286636753e-17
PDOL,MMP12,0.002885552497523541,0.0028855524975235,4.119968255444917e-17
PDOL,MMP13,0.002841683748438585,0.0028416837484385,8.500145032286355e-17
PDOL,MMP14,0.0,0.0,0.0
PDOL,MMP2,0.004434148809902708,0.0044341488099027,7.806255641895632e-18
PDOL,MMP3,0.004556639540788546,0.0045566395407885,4.597017211338539e-17
PDOL,MMP9,0.004472698102419742,0.0044726981024197,4.163336342344337e-17
PDOL,MPG,0.003017221385374684,0.0030172213853746,8.413408858487514e-17
PDOL,MPO,0.0,0.0,0.0
PDOL,MTNR1A,0.0002658613496056771,0.0002658613496056,7.708677446371937e-17
PDOL,MTNR1B,0.0002658613496056771,0.0002658613496056,7.708677446371937e-17
PDOL,MYLK,0.00032467050314848327,0.0003246705031484,8.326672684688674e-17
PDOL,NEK2,0.0023236070987028767,0.0023236070987028,7.676151381197371e-17
PDOL,NEK6,0.0023236070987028767,0.0023236070987028,7.676151381197371e-17
PDOL,NFKB1,0.005576205210448092,0.005576205210448,9.194034422677078e-17
PDOL,NOS2,0.0036412747872349555,0.0036412747872349,5.551115123125783e-17
PDOL,NQO1,0.0020377807395397284,0.0020377807395397,2.8189256484623115e-17
PDOL,NQO2,0.0004299831010943751,0.0004299831010943,7.508100044462118e-17
PDOL,NR1H4,0.004327059557667789,0.0043270595576677,8.933825901280557e-17
PDOL,NR1I2,0.0037088594849369974,0.0037088594849369,9.71445146547012e-17
PDOL,NR3C1,0.0013763821328373865,0.0013763821328373,8.651933336434325e-17
PDOL,NR3C2,0.0,0.0,0.0
PDOL,NT5E,0.0001996103177601352,0.0001996103177601,3.5209465551466756e-17
PDOL,NUAK1,0.0024526043577518374,0.0024526043577518,3.729655473350135e-17
PDOL,ODC1,0.0012420009544325847,0.0012420009544325,8.456776945386935e-17
PDOL,OPRD1,0.0003874042100789981,0.0003874042100789,9.806608650131388e-17
PDOL,OPRK1,0.00058316840541489,0.0005831684054148,8.998878031629687e-17
PDOL,OPRM1,0.0002597204254836728,0.0002597204254836,7.274996577377735e-17
PDOL,OXER1,0.0,0.0,0.0
PDOL,OXTR,0.0,0.0,0.0
PDOL,PARP1,0.00306860142808859,0.0030686014280885,8.977193988179977e-17
PDOL,PCNA,0.0,0.0,0.0
PDOL,PDE4B,5.153721130417129e-05,5.153721130417129e-05,0.0
PDOL,PDE4D,5.153721130417129e-05,5.153721130417129e-05,0.0
PDOL,PDE5A,0.0035249297950760584,0.003524929795076,5.854691731421724e-17
PDOL,PDGFRB,0.0007803265289625807,0.0007803265289625,8.066464163292153e-17
PDOL,PDPK1,0.0007795685700352733,0.0007795685700352,7.32920668600201e-17
PDOL,PGR,0.0,0.0,0.0
PDOL,PHF8,0.0,0.0,0.0
PDOL,PIK3CA,0.000602666956996935,0.0006026669569969,3.5019730171281793e-17
PDOL,PIK3CB,0.000393658810694825,0.0003936588106948,2.4990860075790877e-17
PDOL,PIK3CG,0.0022439240178657067,0.0022439240178657,6.938893903907228e-18
PDOL,PIM1,0.0033983441288687032,0.0033983441288687,3.0357660829594124e-18
PDOL,PIM3,0.00032467050314848327,0.0003246705031484,8.326672684688674e-17
PDOL,PKN1,0.0023236070987028767,0.0023236070987028,7.676151381197371e-17
PDOL,PLA2G2A,0.0014880648493064183,0.0014880648493064,1.8214596497756474e-17
PDOL,PLG,0.0030257259959357513,0.0030257259959357,5.117434254131581e-17
PDOL,PLK1,0.0024526043577518374,0.0024526043577518,3.729655473350135e-17
PDOL,PLK4,0.0007803265289625807,0.0007803265289625,8.066464163292153e-17
PDOL,PNP,0.0026658602046422523,0.0026658602046422,5.2475385148298415e-17
PDOL,POLA1,0.0005291597629972275,0.0005291597629972,2.7538735181131813e-17
PDOL,POLB,0.00925507737311878,0.0092550773731187,7.979727989493313e-17
PDOL,PPARA,0.008274623943185852,0.0082746239431858,5.204170427930421e-17
PDOL,PPARD,0.006426568076395015,0.006426568076395,1.474514954580286e-17
PDOL,PPARG,0.006369111000950787,0.0063691110009507,8.760353553682876e-17
PDOL,PRKCA,0.004082240407133761,0.0040822404071337,6.071532165918825e-17
PDOL,PRKCD,0.00032467050314848327,0.0003246705031484,8.326672684688674e-17
PDOL,PRKCE,0.00032467050314848327,0.0003246705031484,8.326672684688674e-17
PDOL,PRMT1,0.0,0.0,0.0
PDOL,PTAFR,0.00011095658433721581,0.0001109565843372,1.5802246663976227e-17
PDOL,PTGES,0.0016027934963373908,0.0016027934963373,9.085614205428527e-17
PDOL,PTGS1,0.0035883927252659616,0.0035883927252659,6.158268339717665e-17
PDOL,PTGS2,0.004045873699231483,0.0040458736992314,8.239936510889834e-17
PDOL,PTK2,0.0024526043577518374,0.0024526043577518,3.729655473350135e-17
PDOL,PTK2B,0.0014160433508324378,0.0014160433508324,3.7730235602495554e-17
PDOL,PTPN1,0.01027427628976662,0.0102742762897666,1.9081958235744878e-17
PDOL,PTPN11,0.0037744815671367487,0.0037744815671367,4.85722573273506e-17
PDOL,PTPN2,0.0037147526879187367,0.0037147526879187,3.686287386450715e-17
PDOL,PTPN6,0.0039786089641826216,0.0039786089641826,2.168404344971009e-17
PDOL,PTPRF,0.0038145217902269624,0.0038145217902269,6.245004513516506e-17
PDOL,PTPRS,0.0026700308774378584,0.0026700308774378,5.854691731421724e-17
PDOL,PYGL,0.002181333538972763,0.0021813335389727,6.288372600415926e-17
PDOL,RELA,0.0024620288845126057,0.0024620288845126,5.637851296924623e-18
PDOL,RORB,0.0007347931199711199,0.0007347931199711,1.9949319973733282e-17
PDOL,RORC,0.008005623453031933,0.0080056234530319,3.2959746043559335e-17
PDOL,RXRA,0.006423116924672665,0.0064231169246726,6.505213034913027e-17
PDOL,SAE1,5.4516240859325693e-05,5.451624085932569e-05,6.776263578034403e-21
PDOL,SENP6,0.0,0.0,0.0
PDOL,SENP7,0.0,0.0,0.0
PDOL,SENP8,0.0,0.0,0.0
PDOL,SHBG,0.001939854059084705,0.0019398540590847,4.9873299934333204e-18
PDOL,SIGMAR1,0.0,0.0,0.0
PDOL,SIRT2,0.0009201241897747884,0.0009201241897747,8.836247705756861e-17
PDOL,SIRT3,0.0010507747488177556,0.0010507747488177,5.551115123125783e-17
PDOL,SLC15A2,0.0,0.0,0.0
PDOL,SLC1A1,0.0006764398344912371,0.0006764398344912,3.707971429900425e-17
PDOL,SLC22A1,0.001809847065076878,0.0018098470650768,7.806255641895632e-17
PDOL,SLC22A12,0.0006231741528432774,0.0006231741528432,7.741203511546502e-17
PDOL,SLC28A1,0.002515744048251536,0.0025157440482515,3.599551212651875e-17
PDOL,SLC28A2,0.002515744048251536,0.0025157440482515,3.599551212651875e-17
PDOL,SLC28A3,0.0024589950729713875,0.0024589950729713,8.760353553682876e-17
PDOL,SLC47A1,0.0005792771714371108,0.0005792771714371,1.0842021724855044e-17
PDOL,SLC5A1,0.0020048320777438676,0.0020048320777438,6.765421556309548e-17
PDOL,SLC5A2,0.00205238521143804,0.002052385211438,4.0332320816460765e-17
PDOL,SLC6A15,0.00012709027182068958,0.0001270902718206,8.95822045016148e-17
PDOL,SLC6A2,0.00016760575843211356,0.0001676057584321,1.3552527156068805e-17
PDOL,SLC6A3,0.00016760575843211356,0.0001676057584321,1.3552527156068805e-17
PDOL,SLC6A4,0.00016760575843211356,0.0001676057584321,1.3552527156068805e-17
PDOL,SLCO1B1,0.00882215327439796,0.0088221532743979,6.071532165918825e-17
PDOL,SLCO1B3,0.00876092678087196,0.0087609267808719,5.898059818321144e-17
PDOL,SLCO2B1,0.00882215327439796,0.0088221532743979,6.071532165918825e-17
PDOL,SMAD3,0.0005499305037653544,0.0005499305037653,5.442694905877232e-17
PDOL,SOAT1,0.0046647584234040355,0.004664758423404,3.5561831257524545e-17
PDOL,SOAT2,0.00011416069543131019,0.0001141606954313,1.0191500421363742e-17
PDOL,SRC,0.0028525561389172696,0.0028525561389172,6.982261990806649e-17
PDOL,STAT3,0.0016891962397528396,0.0016891962397528,3.946495907847236e-17
PDOL,SYK,0.003401641780520397,0.0034016417805203,9.71445146547012e-17
PDOL,TAS2R31,0.0003703880340660289,0.000370388034066,2.8893987896738693e-17
PDOL,TBXAS1,0.0013914368870284674,0.0013914368870284,6.743737512859838e-17
PDOL,TEK,0.0007803265289625807,0.0007803265289625,8.066464163292153e-17
PDOL,TERT,0.005441260331779527,0.0054412603317795,2.688821387764051e-17
PDOL,TGM2,0.00044067790442563784,0.0004406779044256,3.7838655819744105e-17
PDOL,THRA,0.0,0.0,0.0
PDOL,THRB,0.013662466472012481,0.0136624664720124,8.153200337090993e-17
PDOL,TLR2,0.004731022236577386,0.0047310222365773,8.586881206085195e-17
PDOL,TNKS,0.002606328234487381,0.0026063282344873,8.109832250191573e-17
PDOL,TNKS2,0.002606328234487381,0.0026063282344873,8.109832250191573e-17
PDOL,TOP1,0.003915957814634536,0.0039159578146345,3.642919299551295e-17
PDOL,TOP2A,0.005272967835199319,0.0052729678351993,1.9081958235744878e-17
PDOL,TRPV1,0.010285625069893027,0.010285625069893,2.6020852139652106e-17
PDOL,TTR,0.0028241361851763197,0.0028241361851763,1.951563910473908e-17
PDOL,TUBB3,0.00033069407463546803,0.0003306940746354,6.80336863234654e-17
PDOL,TYR,0.0035488227406556038,0.0035488227406556,3.903127820947816e-18
PDOL,UBE2N,0.011777301134288815,0.0117773011342888,1.5612511283791264e-17
PDOL,UGT1A1,0.03295402796499712,0.0329540279649971,2.0816681711721685e-17
PDOL,VCP,0.001550269205973659,0.0015502692059736,5.898059818321144e-17
PDOL,VDR,0.0,0.0,0.0
PDOL,XDH,0.004777380754993209,0.0047773807549932,8.673617379884035e-18
PDOL,XIAP,0.0,0.0,0.0
PDOL,XPO1,0.0017074894974986722,0.0017074894974986,7.22078646875346e-17
PHOL,ABCB1,0.0024221918087533665,0.0024221918087533,6.635317295611287e-17
PHOL,ABCB11,0.0038824365574606015,0.0038824365574605,1.0148132334464322e-16
PHOL,ABCC1,0.003424246244341335,0.0034242462443413,3.5128150388530344e-17
PHOL,ABCG2,0.004019419707939775,0.0040194197079397,7.546047120499111e-17
PHOL,ACHE,0.005199610582502072,0.005199610582502,7.19910242530375e-17
PHOL,ACP1,0.00662475946211416,0.0066247594621141,6.071532165918825e-17
PHOL,ADORA1,0.002006056123735668,0.0020060561237356,6.808789643208968e-17
PHOL,ADORA2A,0.00258767589148337,0.0025876758914833,6.982261990806649e-17
PHOL,ADORA2B,0.002006056123735668,0.0020060561237356,6.808789643208968e-17
PHOL,ADORA3,0.0037746121457178997,0.0037746121457178,9.974659986866641e-17
PHOL,ADRA1A,8.287267253063714e-05,8.287267253063713e-05,1.3552527156068805e-20
PHOL,ADRA1B,8.287267253063714e-05,8.287267253063713e-05,1.3552527156068805e-20
PHOL,ADRA1D,8.952036966309288e-05,8.952036966309286e-05,2.710505431213761e-20
PHOL,ADRA2A,0.00012731835165321365,0.0001273183516532,1.3633842319005218e-17
PHOL,ADRA2B,0.0004908048652685815,0.0004908048652685,8.142358315366138e-17
PHOL,ADRA2C,8.287267253063714e-05,8.287267253063713e-05,1.3552527156068805e-20
PHOL,ADRB1,0.0,0.0,0.0
PHOL,ADRB2,0.0034099492333015354,0.0034099492333015,3.5561831257524545e-17
PHOL,AGTR1,4.119035413945992e-05,4.119035413945991e-05,1.3552527156068805e-20
PHOL,AKR1B1,0.008909335794682637,0.0089093357946826,3.642919299551295e-17
PHOL,AKR1B10,0.007775997664614732,0.0077759976646147,3.209238430557093e-17
PHOL,AKR1C2,0.0023104797020796924,0.0023104797020796,9.237402509576498e-17
PHOL,AKR1C3,0.0022888393764972097,0.0022888393764972,9.540979117872439e-18
PHOL,AKR1C4,0.0023104797020796924,0.0023104797020796,9.237402509576498e-17
PHOL,AKT1,0.0032179778070532744,0.0032179778070532,7.41594285980085e-17
PHOL,ALDH2,0.0005783644486760335,0.000578364448676,3.350184712980209e-17
PHOL,ALK,0.0022141654041527223,0.0022141654041527,2.211772431870429e-17
PHOL,ALOX12,0.004014374494955674,0.0040143744949556,7.37257477290143e-17
PHOL,ALOX15,0.008720858636879804,0.0087208586368798,3.469446951953614e-18
PHOL,ALOX5,0.006268496206241223,0.0062684962062412,2.3418766925686896e-17
PHOL,ALPI,0.002833159697222411,0.0028331596972224,1.0842021724855044e-17
PHOL,ALPL,0.002833159697222411,0.0028331596972224,1.0842021724855044e-17
PHOL,AMY1A,0.00428748174402328,0.0042874817440232,7.979727989493313e-17
PHOL,ANPEP,0.0,0.0,0.0
PHOL,AOC3,0.0007642128985736907,0.0007642128985736,9.074772183703672e-17
PHOL,AOX1,0.001242890433770996,0.0012428904337709,9.606031248221569e-17
PHOL,APEX1,0.006602009106137426,0.0066020091061374,2.6020852139652106e-17
PHOL,APOBEC3G,0.0004382822717948357,0.0004382822717948,3.5670251474773096e-17
PHOL,APP,0.005513442964611542,0.0055134429646115,4.163336342344337e-17
PHOL,AR,0.012137193981352757,0.0121371939813527,5.724587470723463e-17
PHOL,ATR,0.00016038965734899236,0.0001603896573489,9.237402509576498e-17
PHOL,AURKA,0.00029359224803572116,0.0002935922480357,2.1141942363467336e-17
PHOL,AURKB,0.0022148714787274507,0.0022148714787274,5.074066167232161e-17
PHOL,AVPR2,0.0022536019428129254,0.0022536019428129,2.5587171270657905e-17
PHOL,AXL,0.0022141654041527223,0.0022141654041527,2.211772431870429e-17
PHOL,BACE1,0.0063371823713344435,0.0063371823713344,4.336808689942018e-17
PHOL,BBOX1,4.5365052194134916e-05,4.53650521941349e-05,1.3552527156068805e-20
PHOL,BCHE,0.003944857029991543,0.0039448570299915,4.2500725161431774e-17
PHOL,BCL2,0.0033373035445997735,0.0033373035445997,7.32920668600201e-17
PHOL,BCL2L1,0.002553892465379602,0.0025538924653796,1.734723475976807e-18
PHOL,BCR,0.0007196248299455272,0.0007196248299455,2.721347452938616e-17
PHOL,BRAF,0.00029359224803572116,0.0002935922480357,2.1141942363467336e-17
PHOL,CA1,0.0063315751008265996,0.0063315751008266,8.673617379884035e-19
PHOL,CA12,0.006126470440247029,0.006126470440247,2.949029909160572e-17
PHOL,CA13,0.004554262028721466,0.0045542620287214,6.591949208711867e-17
PHOL,CA14,0.005075939393591033,0.005075939393591,3.2959746043559335e-17
PHOL,CA2,0.0063315751008265996,0.0063315751008266,8.673617379884035e-19
PHOL,CA3,0.005040680621144516,0.0050406806211445,1.5612511283791264e-17
PHOL,CA4,0.005145762584131882,0.0051457625841318,8.153200337090993e-17
PHOL,CA5A,0.005040680621144516,0.0050406806211445,1.5612511283791264e-17
PHOL,CA5B,0.005040680621144516,0.0050406806211445,1.5612511283791264e-17
PHOL,CA6,0.004993022322956873,0.0049930223229568,7.28583859910259e-17
PHOL,CA7,0.006126470440247029,0.006126470440247,2.949029909160572e-17
PHOL,CA9,0.006216079349300764,0.0062160793493007,6.418476861114186e-17
PHOL,CACNA1C,0.0,0.0,0.0
PHOL,CACNA1D,0.0,0.0,0.0
PHOL,CAMK2B,0.0022336903447273087,0.0022336903447273,8.673617379884035e-18
PHOL,CARM1,0.00030055603895736614,0.0003005560389573,6.613633252161577e-17
PHOL,CBR1,0.0038537892263183294,0.0038537892263183,2.949029909160572e-17
PHOL,CCR4,0.0022536019428129254,0.0022536019428129,2.5587171270657905e-17
PHOL,CD38,0.003228711004211618,0.0032287110042116,1.8214596497756474e-17
PHOL,CDC25B,0.006326270642507775,0.0063262706425077,7.45931094670027e-17
PHOL,CDK6,0.003971355285376203,0.0039713552853762,2.6020852139652106e-18
PHOL,CES1,0.0017514921130376872,0.0017514921130376,8.716985466783456e-17
PHOL,CES2,0.002065014125173552,0.0020650141251735,5.204170427930421e-17
PHOL,CHRM1,0.00030825518430237263,0.0003082551843023,7.26415455565288e-17
PHOL,CHRM2,0.00030825518430237263,0.0003082551843023,7.26415455565288e-17
PHOL,CHRM3,0.00033290693329571735,0.0003329069332957,1.734723475976807e-17
PHOL,CHRM4,0.00030825518430237263,0.0003082551843023,7.26415455565288e-17
PHOL,CHRM5,0.00031954908451956347,0.0003195490845195,6.348003719902628e-17
PHOL,CHRNA3,0.0002710995625623483,0.0002710995625623,4.830120678422922e-17
PHOL,CHRNA7,0.001989512360267877,0.0019895123602678,7.676151381197371e-17
PHOL,CLK1,0.0,0.0,0.0
PHOL,CNR1,0.0018754213249606204,0.0018754213249606,2.0383000842727483e-17
PHOL,CNR2,0.0018754213249606204,0.0018754213249606,2.0383000842727483e-17
PHOL,CSNK1D,0.0,0.0,0.0
PHOL,CSNK2A1,0.0039259741431953805,0.0039259741431953,8.066464163292153e-17
PHOL,CTBP2,0.0003606176560761754,0.0003606176560761,7.540626109636683e-17
PHOL,CTSD,0.0006261689111056239,0.0006261689111056,2.3852447794681098e-17
PHOL,CTSL,0.002694479532996781,0.0026944795329967,8.109832250191573e-17
PHOL,CXCL8,0.012168419496983605,0.0121684194969836,5.204170427930421e-18
PHOL,CXCR1,0.0022536019428129254,0.0022536019428129,2.5587171270657905e-17
PHOL,CYP19A1,0.0063982213551637334,0.0063982213551637,3.382710778154774e-17
PHOL,CYP1A1,0.004232913300822625,0.0042329133008226,2.5153490401663703e-17
PHOL,CYP1A2,0.006404536427798315,0.0064045364277983,1.474514954580286e-17
PHOL,CYP1B1,0.004262973678981329,0.0042629736789813,2.949029909160572e-17
PHOL,CYP2A13,0.0007108082946692776,0.0007108082946692,7.762887554996212e-17
PHOL,CYP2A6,0.003444842597219413,0.0034448425972194,1.3010426069826053e-17
PHOL,CYP2B6,0.0020141005877603877,0.0020141005877603,8.760353553682876e-17
PHOL,CYP2C19,0.004339860423801023,0.004339860423801,2.3418766925686896e-17
PHOL,CYP2C8,0.0022141654041527223,0.0022141654041527,2.211772431870429e-17
PHOL,CYP2C9,0.006004231261043875,0.0060042312610438,7.546047120499111e-17
PHOL,CYP2D6,0.004171628849227275,0.0041716288492272,7.45931094670027e-17
PHOL,CYP2E1,0.0008021628319184488,0.0008021628319184,4.87890977618477e-17
PHOL,CYP2J2,0.0022141654041527223,0.0022141654041527,2.211772431870429e-17
PHOL,CYP3A4,0.013789186183987973,0.0137891861839879,7.28583859910259e-17
PHOL,CYP3A5,4.119035413945992e-05,4.119035413945991e-05,1.3552527156068805e-20
PHOL,DAO,0.0018012672979933221,0.0018012672979933,2.211772431870429e-17
PHOL,DAPK1,0.005156125460133812,0.0051561254601338,1.214306433183765e-17
PHOL,DHFR,0.0018396810520269677,0.0018396810520269,6.765421556309548e-17
PHOL,DNMT1,0.001372338419154822,0.0013723384191548,2.211772431870429e-17
PHOL,DNMT3B,0.0,0.0,0.0
PHOL,DPP4,0.004267882573297176,0.0042678825732971,7.632783294297951e-17
PHOL,DRD1,0.009980642773039443,0.0099806427730394,4.336808689942018e-17
PHOL,DRD2,0.00048625986384435375,0.0004862598638443,5.377642775528102e-17
PHOL,DRD3,7.449756462027114e-05,7.449756462027111e-05,2.710505431213761e-20
PHOL,DRD4,8.287267253063714e-05,8.287267253063713e-05,1.3552527156068805e-20
PHOL,DRD5,8.287267253063714e-05,8.287267253063713e-05,1.3552527156068805e-20
PHOL,DUSP3,0.00464315944821587,0.0046431594482158,6.938893903907228e-17
PHOL,DYRK1A,0.0005124708961324677,0.0005124708961324,6.776263578034403e-17
PHOL,DYRK1B,0.0,0.0,0.0
PHOL,EBP,0.00012803362329171484,0.0001280336232917,1.485356976305141e-17
PHOL,EDNRA,9.247972072633569e-05,9.247972072633566e-05,2.710505431213761e-20
PHOL,EGFR,0.004301887169006055,0.004301887169006,5.4643789493269423e-17
PHOL,EGLN1,0.007143573994345987,0.0071435739943459,8.673617379884035e-17
PHOL,EHMT2,0.016956434015649825,0.0169564340156498,2.42861286636753e-17
PHOL,ENPP2,0.0,0.0,0.0
PHOL,EP300,0.00041027068851117447,0.0004102706885111,7.448468924975415e-17
PHOL,EPHB4,0.00029359224803572116,0.0002935922480357,2.1141942363467336e-17
PHOL,EPHX2,0.00364773715657526,0.0036477371565752,5.984795992119984e-17
PHOL,ERBB2,0.002140539023193795,0.0021405390231937,9.497611030973019e-17
PHOL,ERN1,0.00017162566116567688,0.0001716256611656,7.686993402922226e-17
PHOL,ESR1,0.005298491760227117,0.0052984917602271,1.734723475976807e-17
PHOL,ESR2,0.004804782828587354,0.0048047828285873,5.377642775528102e-17
PHOL,ESRRA,0.0023611736581032852,0.0023611736581032,8.543513119185775e-17
PHOL,ESRRB,0.0012605679445308042,0.0012605679445308,4.336808689942018e-18
PHOL,F10,0.0001555877448808731,0.0001555877448808,7.310233147983514e-17
PHOL,F2,0.0027384931436862043,0.0027384931436862,4.336808689942018e-18
PHOL,F3,0.005487107818529188,0.0054871078185291,8.760353553682876e-17
PHOL,FABP2,0.0038524408216885813,0.0038524408216885,8.109832250191573e-17
PHOL,FABP3,0.00475733452542509,0.004757334525425,9.020562075079397e-17
PHOL,FABP4,0.005767848245511343,0.0057678482455113,4.2500725161431774e-17
PHOL,FABP5,0.0038524408216885813,0.0038524408216885,8.109832250191573e-17
PHOL,FASN,0.002596729099360128,0.0025967290993601,2.8189256484623115e-17
PHOL,FDPS,0.0013956438634584848,0.0013956438634584,8.478460988836645e-17
PHOL,FLT3,0.003923304159899383,0.0039233041598993,8.239936510889834e-17
PHOL,FLT4,0.00029359224803572116,0.0002935922480357,2.1141942363467336e-17
PHOL,FOLH1,0.0008512051332735867,0.0008512051332735,8.66277535815918e-17
PHOL,FUCA1,5.3540890946825924e-05,5.354089094682591e-05,1.3552527156068805e-20
PHOL,FUT7,0.001965445884390367,0.0019654458843903,6.722053469410127e-17
PHOL,FYN,0.001167222923896986,0.0011672229238969,8.586881206085195e-17
PHOL,GAA,0.005837111542931861,0.0058371115429318,6.071532165918825e-17
PHOL,GABRR1,0.010692232785648821,0.0106922327856488,2.0816681711721685e-17
PHOL,GBA,0.005271102089731133,0.0052711020897311,3.2959746043559335e-17
PHOL,GBA2,0.0012491449198227262,0.0012491449198227,2.6237692574149207e-17
PHOL,GLO1,0.0038211844361883693,0.0038211844361883,6.938893903907228e-17
PHOL,GLRA1,0.0009566594563527686,0.0009566594563527,6.862999751833243e-17
PHOL,GLRA2,0.00011975819729860864,0.0001197581972986,8.646512325571898e-18
PHOL,GPBAR1,0.0001207467162767454,0.0001207467162767,4.538741344567443e-17
PHOL,GPR35,0.004695195916398619,0.0046951959163986,1.9081958235744878e-17
PHOL,GRIA1,0.0008512051332735867,0.0008512051332735,8.66277535815918e-17
PHOL,GRIA2,0.0008512051332735867,0.0008512051332735,8.66277535815918e-17
PHOL,GRIA4,0.0008512051332735867,0.0008512051332735,8.66277535815918e-17
PHOL,GRIK2,0.0008512051332735867,0.0008512051332735,8.66277535815918e-17
PHOL,GRIK5,0.0008512051332735867,0.0008512051332735,8.66277535815918e-17
PHOL,GRK6,0.002035811578396872,0.0020358115783968,7.19910242530375e-17
PHOL,GRM1,0.0008512051332735867,0.0008512051332735,8.66277535815918e-17
PHOL,GRM2,0.0008512051332735867,0.0008512051332735,8.66277535815918e-17
PHOL,GRM3,0.0008512051332735867,0.0008512051332735,8.66277535815918e-17
PHOL,GRM4,0.0008512051332735867,0.0008512051332735,8.66277535815918e-17
PHOL,GRM5,0.0015078652706146166,0.0015078652706146,1.6696713456276768e-17
PHOL,GRM8,0.0008512051332735867,0.0008512051332735,8.66277535815918e-17
PHOL,GSK3B,0.005761129227434698,0.0057611292274346,9.80118763926896e-17
PHOL,GSTP1,0.00030055603895736614,0.0003005560389573,6.613633252161577e-17
PHOL,HCAR2,0.004324109503002456,0.0043241095030024,5.637851296924623e-17
PHOL,HDAC1,0.00044433697926940773,0.0004443369792694,7.752045533271357e-18
PHOL,HDAC10,0.0,0.0,0.0
PHOL,HDAC2,0.00044433697926940773,0.0004443369792694,7.752045533271357e-18
PHOL,HDAC3,0.00044433697926940773,0.0004443369792694,7.752045533271357e-18
PHOL,HDAC6,0.00044433697926940773,0.0004443369792694,7.752045533271357e-18
PHOL,HDAC8,0.00044433697926940773,0.0004443369792694,7.752045533271357e-18
PHOL,HIF1A,0.005355956472133592,0.0053559564721335,9.194034422677078e-17
PHOL,HKDC1,0.005747720297886414,0.0057477202978864,1.3877787807814457e-17
PHOL,HMGCR,0.00024679627864068304,0.0002467962786406,8.304988641238964e-17
PHOL,HRH1,8.287267253063714e-05,8.287267253063713e-05,1.3552527156068805e-20
PHOL,HRH3,0.0002101910241838508,0.0002101910241838,5.082197683525802e-17
PHOL,HRH4,8.952036966309288e-05,8.952036966309286e-05,2.710505431213761e-20
PHOL,HSD11B1,0.0027560967007477996,0.0027560967007477,9.974659986866641e-17
PHOL,HSD11B2,0.001226816641393726,0.0012268166413937,2.6020852139652106e-17
PHOL,HSD17B1,0.004473670254463674,0.0044736702544636,7.37257477290143e-17
PHOL,HSD17B2,0.004473670254463674,0.0044736702544636,7.37257477290143e-17
PHOL,HSD17B3,0.001857405619370976,0.0018574056193709,7.611099250848241e-17
PHOL,HSP90AA1,0.000308510748764507,0.0003085107487645,6.993104012531504e-18
PHOL,HSP90AB1,0.0017417775380209125,0.0017417775380209,1.235990476633475e-17
PHOL,HSPA1A,0.0003384929197199326,0.0003384929197199,3.2634485391813683e-17
PHOL,HSPA8,0.0020367309797954787,0.0020367309797954,7.892991815694472e-17
PHOL,HTR1A,0.002419730891367771,0.0024197308913677,7.112366251504909e-17
PHOL,HTR1B,0.0001585990801117789,0.0001585990801117,7.890281310263259e-17
PHOL,HTR1D,0.0001585990801117789,0.0001585990801117,7.890281310263259e-17
PHOL,HTR1E,0.00022969433646286846,0.0002296943364628,6.84673671924596e-17
PHOL,HTR2A,0.0004733865845105493,0.0004733865845105,4.9276988739466177e-17
PHOL,HTR2B,0.00022969433646286846,0.0002296943364628,6.84673671924596e-17
PHOL,HTR2C,0.00021662151052357208,0.0002166215105235,7.207233941597391e-17
PHOL,HTR3A,0.0003366936641395536,0.0003366936641395,5.3613797429408194e-17
PHOL,HTR4,0.0001585990801117789,0.0001585990801117,7.890281310263259e-17
PHOL,HTR5A,0.00022969433646286846,0.0002296943364628,6.84673671924596e-17
PHOL,HTR6,0.00021662151052357208,0.0002166215105235,7.207233941597391e-17
PHOL,HTR7,0.003901080476173459,0.0039010804761734,5.898059818321144e-17
PHOL,IDH1,0.00709374726816436,0.0070937472681643,5.984795992119984e-17
PHOL,IDO1,0.0029089753556630076,0.002908975355663,7.37257477290143e-18
PHOL,IGF1R,0.0022148714787274507,0.0022148714787274,5.074066167232161e-17
PHOL,INSR,0.0032902779920771777,0.0032902779920771,7.762887554996212e-17
PHOL,JAK2,0.0,0.0,0.0
PHOL,KAT2B,0.00042332595469278506,0.0004233259546927,8.505566043148782e-17
PHOL,KCNA3,0.0002315181974045506,0.0002315181974045,5.060513640076092e-17
PHOL,KCNA5,0.0,0.0,0.0
PHOL,KCNH2,0.004740318919035086,0.004740318919035,8.586881206085195e-17
PHOL,KDM2A,4.5365052194134916e-05,4.53650521941349e-05,1.3552527156068805e-20
PHOL,KDM4E,0.010408705691578946,0.0104087056915789,4.5102810375396984e-17
PHOL,KDM5C,4.5365052194134916e-05,4.53650521941349e-05,1.3552527156068805e-20
PHOL,KDM7A,4.5365052194134916e-05,4.53650521941349e-05,1.3552527156068805e-20
PHOL,KDR,0.0022148714787274507,0.0022148714787274,5.074066167232161e-17
PHOL,KIT,0.0003263318103418673,0.0003263318103418,6.727474480272555e-17
PHOL,KMT2A,0.01083140558653476,0.0108314055865347,6.071532165918825e-17
PHOL,LDHA,0.00015969016519891914,0.0001596901651989,1.9136168344369153e-17
PHOL,LIMK1,0.0,0.0,0.0
PHOL,MAN1B1,5.3540890946825924e-05,5.354089094682591e-05,1.3552527156068805e-20
PHOL,MAOA,0.002274191069879916,0.0022741910698799,1.6046192152785466e-17
PHOL,MAOB,0.0016877861057282661,0.0016877861057282,6.613633252161577e-17
PHOL,MAP2K1,0.002845170563220906,0.0028451705632209,5.637851296924623e-18
PHOL,MAP2K7,0.0,0.0,0.0
PHOL,MAP3K7,0.0,0.0,0.0
PHOL,MAP3K8,0.00030055603895736614,0.0003005560389573,6.613633252161577e-17
PHOL,MAPK1,0.005412102934954816,0.0054121029349548,1.6479873021779667e-17
PHOL,MAPK14,0.002854890330243649,0.0028548903302436,4.90059381963448e-17
PHOL,MAPK9,0.0014738759631988212,0.0014738759631988,2.1250362580715887e-17
PHOL,MAPKAPK2,0.0022336903447273087,0.0022336903447273,8.673617379884035e-18
PHOL,MAPT,0.009681915379965874,0.0096819153799658,7.45931094670027e-17
PHOL,MCL1,0.003932522448335388,0.0039325224483353,8.760353553682876e-17
PHOL,MERTK,0.0,0.0,0.0
PHOL,MET,0.002733004459900968,0.0027330044599009,6.765421556309548e-17
PHOL,MGAM,5.3540890946825924e-05,5.354089094682591e-05,1.3552527156068805e-20
PHOL,MGLL,0.0077791907107515506,0.0077791907107515,5.0306980803327406e-17
PHOL,MIF,0.0013568026606532216,0.0013568026606532,2.168404344971009e-17
PHOL,MMP1,0.004109226640394563,0.0041092266403945,6.245004513516506e-17
PHOL,MMP12,0.0026650423337143785,0.0026650423337143,7.849623728795052e-17
PHOL,MMP13,0.0026245259773012347,0.0026245259773012,3.469446951953614e-17
PHOL,MMP14,0.00035115858227392093,0.0003511585822739,2.0925101928970236e-17
PHOL,MMP2,0.004222019257394787,0.0042220192573947,8.760353553682876e-17
PHOL,MMP3,0.004192552259165739,0.0041925522591657,3.903127820947816e-17
PHOL,MMP9,0.004369841461825122,0.0043698414618251,2.168404344971009e-17
PHOL,MPG,0.0029096922399033625,0.0029096922399033,6.245004513516506e-17
PHOL,MPO,4.956499553267775e-05,4.9564995532677726e-05,2.0328790734103208e-20
PHOL,MTNR1A,0.00018495326172240177,0.0001849532617224,1.7618285302889447e-18
PHOL,MTNR1B,0.00018495326172240177,0.0001849532617224,1.7618285302889447e-18
PHOL,MYLK,0.0,0.0,0.0
PHOL,NEK2,0.0022141654041527223,0.0022141654041527,2.211772431870429e-17
PHOL,NEK6,0.0022141654041527223,0.0022141654041527,2.211772431870429e-17
PHOL,NFKB1,0.005743326860508517,0.0057433268605085,1.6479873021779667e-17
PHOL,NOS2,0.006595629040514774,0.0065956290405147,7.45931094670027e-17
PHOL,NQO1,0.0005098437240414758,0.0005098437240414,7.578573185673676e-17
PHOL,NQO2,0.0007295083616601439,0.0007295083616601,4.391018798566293e-17
PHOL,NR1H4,0.007221071080427264,0.0072210710804272,6.331740687315346e-17
PHOL,NR1I2,0.009374944556239278,0.0093749445562392,7.806255641895632e-17
PHOL,NR3C1,0.0013870847273988875,0.0013870847273988,8.738669510233166e-17
PHOL,NR3C2,0.00013830394189522796,0.0001383039418952,2.7945310995813877e-17
PHOL,NT5E,0.00024812177404382406,0.0002481217740438,2.4069288229178198e-17
PHOL,NUAK1,0.0022148714787274507,0.0022148714787274,5.074066167232161e-17
PHOL,ODC1,0.0016737032259044869,0.0016737032259044,8.695301423333746e-17
PHOL,OPRD1,0.00044938729387039117,0.0004493872938703,9.118140270603092e-17
PHOL,OPRK1,0.0005327802264211581,0.0005327802264211,5.811323644522304e-17
PHOL,OPRM1,0.0004123314996634692,0.0004123314996634,6.917209860457518e-17
PHOL,OXER1,0.001479869152332807,0.0014798691523328,6.938893903907228e-18
PHOL,OXTR,5.3540890946825924e-05,5.354089094682591e-05,1.3552527156068805e-20
PHOL,PARP1,0.003859674807432736,0.0038596748074327,3.599551212651875e-17
PHOL,PCNA,0.0,0.0,0.0
PHOL,PDE4B,7.877522347985926e-05,7.877522347985922e-05,4.0657581468206416e-20
PHOL,PDE4D,7.877522347985926e-05,7.877522347985922e-05,4.0657581468206416e-20
PHOL,PDE5A,0.003942307639952447,0.0039423076399524,4.683753385137379e-17
PHOL,PDGFRB,0.00029359224803572116,0.0002935922480357,2.1141942363467336e-17
PHOL,PDPK1,0.0006507165887157684,0.0006507165887157,6.841315708383533e-17
PHOL,PGR,0.00013830394189522796,0.0001383039418952,2.7945310995813877e-17
PHOL,PHF8,4.5365052194134916e-05,4.53650521941349e-05,1.3552527156068805e-20
PHOL,PIK3CA,0.0006672942800411862,0.0006672942800411,8.61940727125976e-17
PHOL,PIK3CB,0.0006831220066944153,0.0006831220066944,1.5287250632045613e-17
PHOL,PIK3CG,0.0022141654041527223,0.0022141654041527,2.211772431870429e-17
PHOL,PIM1,0.004246334820527418,0.0042463348205274,1.734723475976807e-17
PHOL,PIM3,0.0,0.0,0.0
PHOL,PKN1,0.0022141654041527223,0.0022141654041527,2.211772431870429e-17
PHOL,PLA2G2A,0.000884203044593579,0.0008842030445935,7.903833837419327e-17
PHOL,PLG,0.0030301379798249118,0.0030301379798249,1.1709383462843448e-17
PHOL,PLK1,0.0022148714787274507,0.0022148714787274,5.074066167232161e-17
PHOL,PLK4,0.00029359224803572116,0.0002935922480357,2.1141942363467336e-17
PHOL,PNP,0.0023035245449133327,0.0023035245449133,3.252606517456513e-17
PHOL,POLA1,0.0010033241003007543,0.0010033241003007,5.442694905877232e-17
PHOL,POLB,0.005776456629945638,0.0057764566299456,3.8163916471489756e-17
PHOL,PPARA,0.00609538937191042,0.0060953893719104,1.9949319973733282e-17
PHOL,PPARD,0.005731799105930586,0.0057317991059305,8.586881206085195e-17
PHOL,PPARG,0.006046793295887392,0.0060467932958873,9.194034422677078e-17
PHOL,PRKCA,0.00352364357251001,0.00352364357251,9.974659986866641e-18
PHOL,PRKCD,0.0,0.0,0.0
PHOL,PRKCE,0.0,0.0,0.0
PHOL,PRMT1,0.00021832211146995055,0.0002183221114699,5.0550926292136644e-17
PHOL,PTAFR,0.0001356875978362416,0.0001356875978362,4.1579153314819095e-17
PHOL,PTGES,0.0015717973042006597,0.0015717973042006,5.963111948670274e-17
PHOL,PTGS1,0.003541621292290949,0.0035416212922909,4.90059381963448e-17
PHOL,PTGS2,0.005567382766850794,0.0055673827668507,9.367506770274758e-17
PHOL,PTK2,0.0022148714787274507,0.0022148714787274,5.074066167232161e-17
PHOL,PTK2B,0.0014025412614075128,0.0014025412614075,1.2793585635328952e-17
PHOL,PTPN1,0.008559735620747725,0.0085597356207477,2.42861286636753e-17
PHOL,PTPN11,0.0064350158745238705,0.0064350158745238,7.025630077706069e-17
PHOL,PTPN2,0.0061807112887194435,0.0061807112887194,4.336808689942018e-17
PHOL,PTPN6,0.0070695238255487,0.0070695238255486,9.974659986866641e-17
PHOL,PTPRF,0.006249906237483925,0.0062499062374839,2.5153490401663703e-17
PHOL,PTPRS,0.004981550050331225,0.0049815500503312,2.5153490401663703e-17
PHOL,PYGL,0.0022536019428129254,0.0022536019428129,2.5587171270657905e-17
PHOL,RELA,0.004129883291971712,0.0041298832919717,1.214306433183765e-17
PHOL,RORB,0.00016595277877563266,0.0001659527787756,3.266159044612582e-17
PHOL,RORC,0.0063768246795736575,0.0063768246795736,5.724587470723463e-17
PHOL,RXRA,0.0031642411783712825,0.0031642411783712,8.239936510889834e-17
PHOL,SAE1,0.00011294227796773865,0.0001129422779677,3.865180744910823e-17
PHOL,SENP6,8.952036966309288e-05,8.952036966309286e-05,2.710505431213761e-20
PHOL,SENP7,8.952036966309288e-05,8.952036966309286e-05,2.710505431213761e-20
PHOL,SENP8,0.0003978853778005281,0.0003978853778005,2.813504637599884e-17
PHOL,SHBG,0.002130786155403984,0.0021307861554039,8.370040771588094e-17
PHOL,SIGMAR1,8.952036966309288e-05,8.952036966309286e-05,2.710505431213761e-20
PHOL,SIRT2,0.0008506847360806101,0.0008506847360806,1.0083080204115191e-17
PHOL,SIRT3,0.0007451683768673865,0.0007451683768673,8.651933336434325e-17
PHOL,SLC15A2,3.7218266106573566e-05,3.721826610657355e-05,1.3552527156068805e-20
PHOL,SLC1A1,0.0008512051332735867,0.0008512051332735,8.66277535815918e-17
PHOL,SLC22A1,0.0016464155201015285,0.0016464155201015,2.8406096919120216e-17
PHOL,SLC22A12,0.0033161610152075837,0.0033161610152075,8.370040771588094e-17
PHOL,SLC28A1,0.0020286912862829735,0.0020286912862829,7.32920668600201e-17
PHOL,SLC28A2,0.0020286912862829735,0.0020286912862829,7.32920668600201e-17
PHOL,SLC28A3,0.00211614036942082,0.0021161403694208,2.0383000842727483e-17
PHOL,SLC47A1,0.0011054387964714739,0.0011054387964714,7.39425881635114e-17
PHOL,SLC5A1,0.001941806514258839,0.0019418065142588,3.903127820947816e-17
PHOL,SLC5A2,0.0018286303708368395,0.0018286303708368,3.946495907847236e-17
PHOL,SLC6A15,0.0,0.0,0.0
PHOL,SLC6A2,0.0002101910241838508,0.0002101910241838,5.082197683525802e-17
PHOL,SLC6A3,0.0002101910241838508,0.0002101910241838,5.082197683525802e-17
PHOL,SLC6A4,0.0002101910241838508,0.0002101910241838,5.082197683525802e-17
PHOL,SLCO1B1,0.006840410390752157,0.0068404103907521,5.724587470723463e-17
PHOL,SLCO1B3,0.00679293736126853,0.0067929373612685,2.949029909160572e-17
PHOL,SLCO2B1,0.006840410390752157,0.0068404103907521,5.724587470723463e-17
PHOL,SMAD3,0.00042507304067320795,0.0004250730406732,7.968885967768458e-18
PHOL,SOAT1,0.004953659337186479,0.0049536593371864,7.892991815694472e-17
PHOL,SOAT2,0.0005178523574352515,0.0005178523574352,5.149960319306146e-17
PHOL,SRC,0.0033668135115972374,0.0033668135115972,3.729655473350135e-17
PHOL,STAT3,0.0012250695790272889,0.0012250695790272,8.890457814381136e-17
PHOL,SYK,0.005152223446671466,0.0051522234466714,6.591949208711867e-17
PHOL,TAS2R31,0.00032336886740629754,0.0003233688674062,9.752398541507112e-17
PHOL,TBXAS1,0.0012941520211602602,0.0012941520211602,6.028164079019405e-17
PHOL,TEK,0.00029359224803572116,0.0002935922480357,2.1141942363467336e-17
PHOL,TERT,0.005645258366475823,0.0056452583664758,2.3418766925686896e-17
PHOL,TGM2,7.0725536031903e-05,7.072553603190297e-05,2.710505431213761e-20
PHOL,THRA,0.0,0.0,0.0
PHOL,THRB,0.009841287689700495,0.0098412876897004,9.540979117872439e-17
PHOL,TLR2,0.0038524408216885813,0.0038524408216885,8.109832250191573e-17
PHOL,TNKS,0.003397389845631572,0.0033973898456315,7.19910242530375e-17
PHOL,TNKS2,0.003397389845631572,0.0033973898456315,7.19910242530375e-17
PHOL,TOP1,0.0061568301138016845,0.0061568301138016,8.413408858487514e-17
PHOL,TOP2A,0.008877501325144189,0.0088775013251441,8.847089727481716e-17
PHOL,TRPV1,0.004467533697575061,0.004467533697575,6.158268339717665e-17
PHOL,TTR,0.0036159157137980757,0.003615915713798,7.589415207398531e-17
PHOL,TUBB3,0.0018497831486506474,0.0018497831486506,4.7271214720367993e-17
PHOL,TYR,0.004687205024087099,0.004687205024087,9.974659986866641e-17
PHOL,UBE2N,0.005163647437455001,0.005163647437455,1.734723475976807e-18
PHOL,UGT1A1,0.039145327330879214,0.0391453273308791,1.1102230246251565e-16
PHOL,VCP,0.000806070108517746,0.0008060701085177,4.597017211338539e-17
PHOL,VDR,0.0,0.0,0.0
PHOL,XDH,0.004267619183239936,0.0042676191832399,3.5561831257524545e-17
PHOL,XIAP,7.227267953253239e-05,7.227267953253238e-05,1.3552527156068805e-20
PHOL,XPO1,0.0017531512098265549,0.0017531512098265,5.4860629927766524e-17
WHIL,ABCB1,0.00460903374676015,0.0046090337467601,4.9439619065339e-17
WHIL,ABCB11,0.004955132780102724,0.0049551327801027,2.3418766925686896e-17
WHIL,ABCC1,0.0032357401371303145,0.0032357401371303,1.431146867680866e-17
WHIL,ABCG2,0.0037639226153139984,0.003763922615314,1.734723475976807e-18
WHIL,ACHE,0.00561206043096186,0.0056120604309618,5.984795992119984e-17
WHIL,ACP1,0.009130667002501707,0.0091306670025017,6.938893903907228e-18
WHIL,ADORA1,0.003211623494633288,0.0032116234946332,8.803721640582296e-17
WHIL,ADORA2A,0.003804837531349045,0.003804837531349,4.5102810375396984e-17
WHIL,ADORA2B,0.003211623494633288,0.0032116234946332,8.803721640582296e-17
WHIL,ADORA3,0.004343672841257973,0.0043436728412579,7.28583859910259e-17
WHIL,ADRA1A,0.0,0.0,0.0
WHIL,ADRA1B,0.0,0.0,0.0
WHIL,ADRA1D,0.0,0.0,0.0
WHIL,ADRA2A,6.382342157905244e-05,6.382342157905244e-05,0.0
WHIL,ADRA2B,0.000624366969219897,0.0006243669692198,9.703609443745265e-17
WHIL,ADRA2C,0.0,0.0,0.0
WHIL,ADRB1,0.00010115417345775059,0.0001011541734577,5.059158387360485e-17
WHIL,ADRB2,0.002929368837015298,0.0029293688370152,9.80118763926896e-17
WHIL,AGTR1,0.00012618414275915722,0.0001261841427591,5.72187696529225e-17
WHIL,AKR1B1,0.00875250360541678,0.0087525036054167,7.979727989493313e-17
WHIL,AKR1B10,0.008897373482972135,0.0088973734829721,3.469446951953614e-17
WHIL,AKR1C2,0.004057137525645345,0.0040571375256453,4.5102810375396984e-17
WHIL,AKR1C3,0.0040191377211420435,0.004019137721142,4.336808689942018e-17
WHIL,AKR1C4,0.004057137525645345,0.0040571375256453,4.5102810375396984e-17
WHIL,AKT1,0.0035998842006469407,0.0035998842006469,4.0766001685454967e-17
WHIL,ALDH2,0.0005066049447569077,0.0005066049447569,7.697835424647081e-18
WHIL,ALK,0.0027394076098641103,0.0027394076098641,1.0408340855860843e-17
WHIL,ALOX12,0.004388399301050181,0.0043883993010501,8.066464163292153e-17
WHIL,ALOX15,0.0067123811314222,0.0067123811314222,0.0
WHIL,ALOX5,0.005251778692969352,0.0052517786929693,5.204170427930421e-17
WHIL,ALPI,0.0028416709831429418,0.0028416709831429,4.163336342344337e-17
WHIL,ALPL,0.0028416709831429418,0.0028416709831429,4.163336342344337e-17
WHIL,AMY1A,0.004313333956782265,0.0043133339567822,6.505213034913027e-17
WHIL,ANPEP,0.00012693769402944875,0.0001269376940294,4.8734887653223424e-17
WHIL,AOC3,0.0003849027400799779,0.0003849027400799,7.789992609308349e-17
WHIL,AOX1,0.0012477253859038391,0.0012477253859038,3.924811864397526e-17
WHIL,APEX1,0.005639784550690717,0.0056397845506907,1.734723475976807e-17
WHIL,APOBEC3G,0.0006308915293466937,0.0006308915293466,9.367506770274758e-17
WHIL,APP,0.005647133144388071,0.005647133144388,7.112366251504909e-17
WHIL,AR,0.0050937735758162786,0.0050937735758162,7.892991815694472e-17
WHIL,ATR,0.0,0.0,0.0
WHIL,AURKA,0.0011677375310447692,0.0011677375310447,6.917209860457518e-17
WHIL,AURKB,0.003042962896140835,0.0030429628961408,3.469446951953614e-17
WHIL,AVPR2,0.0027466776943591603,0.0027466776943591,6.028164079019405e-17
WHIL,AXL,0.0027394076098641103,0.0027394076098641,1.0408340855860843e-17
WHIL,BACE1,0.005716127937687802,0.0057161279376878,1.734723475976807e-18
WHIL,BBOX1,0.0002501515370644376,0.0002501515370644,3.7621815385247004e-17
WHIL,BCHE,0.003922965112059551,0.0039229651120595,5.117434254131581e-17
WHIL,BCL2,0.002904331361351318,0.0029043313613513,1.7780915628762273e-17
WHIL,BCL2L1,0.003136993511228974,0.0031369935112289,7.37257477290143e-17
WHIL,BCR,0.0016331307314110517,0.001633130731411,5.182486384480711e-17
WHIL,BRAF,0.0011677375310447692,0.0011677375310447,6.917209860457518e-17
WHIL,CA1,0.006181110488993522,0.0061811104889935,2.168404344971009e-17
WHIL,CA12,0.006335285080369864,0.0063352850803698,6.418476861114186e-17
WHIL,CA13,0.0036986485525892948,0.0036986485525892,9.497611030973019e-17
WHIL,CA14,0.0059396962892588855,0.0059396962892588,8.586881206085195e-17
WHIL,CA2,0.006181110488993522,0.0061811104889935,2.168404344971009e-17
WHIL,CA3,0.0057062726430314814,0.0057062726430314,8.153200337090993e-17
WHIL,CA4,0.005589474197293447,0.0055894741972934,4.683753385137379e-17
WHIL,CA5A,0.0057062726430314814,0.0057062726430314,8.153200337090993e-17
WHIL,CA5B,0.0057062726430314814,0.0057062726430314,8.153200337090993e-17
WHIL,CA6,0.005630645732506475,0.0056306457325064,7.45931094670027e-17
WHIL,CA7,0.006335285080369864,0.0063352850803698,6.418476861114186e-17
WHIL,CA9,0.006357610955402721,0.0063576109554027,2.0816681711721685e-17
WHIL,CACNA1C,9.364256116926546e-05,9.364256116926546e-05,0.0
WHIL,CACNA1D,0.00010115417345775059,0.0001011541734577,5.059158387360485e-17
WHIL,CAMK2B,0.0027635642382225203,0.0027635642382225,2.0383000842727483e-17
WHIL,CARM1,0.0011258632468491578,0.0011258632468491,5.789639601072594e-17
WHIL,CBR1,0.0027685403892000983,0.0027685403892,9.84455572616838e-17
WHIL,CCR4,0.0027466776943591603,0.0027466776943591,6.028164079019405e-17
WHIL,CD38,0.004033845096300385,0.0040338450963003,8.500145032286355e-17
WHIL,CDC25B,0.007868941944404406,0.0078689419444044,6.938893903907228e-18
WHIL,CDK6,0.003906716791904526,0.0039067167919045,2.6020852139652106e-17
WHIL,CES1,0.001567244624685782,0.0015672446246857,8.196568423990414e-17
WHIL,CES2,0.0014806325879221816,0.0014806325879221,8.153200337090993e-17
WHIL,CHRM1,0.0004191455629106796,0.0004191455629106,7.958043946043603e-17
WHIL,CHRM2,0.0004191455629106796,0.0004191455629106,7.958043946043603e-17
WHIL,CHRM3,0.00035198068007231194,0.0003519806800723,1.1926223897340549e-17
WHIL,CHRM4,0.0004191455629106796,0.0004191455629106,7.958043946043603e-17
WHIL,CHRM5,0.0003378574996086679,0.0003378574996086,6.792526610621685e-17
WHIL,CHRNA3,0.00036926605597588965,0.0003692660559758,8.966351966455122e-17
WHIL,CHRNA7,0.001639815645131103,0.0016398156451311,3.0357660829594124e-18
WHIL,CLK1,0.00010115417345775059,0.0001011541734577,5.059158387360485e-17
WHIL,CNR1,0.0013645591384012692,0.0013645591384012,6.917209860457518e-17
WHIL,CNR2,0.0013645591384012692,0.0013645591384012,6.917209860457518e-17
WHIL,CSNK1D,0.00010115417345775059,0.0001011541734577,5.059158387360485e-17
WHIL,CSNK2A1,0.0035093624453327458,0.0035093624453327,4.5536491244391186e-17
WHIL,CTBP2,0.0005620540360364066,0.0005620540360364,6.613633252161577e-18
WHIL,CTSD,0.0019280154991929024,0.0019280154991929,2.3852447794681098e-18
WHIL,CTSL,0.0028987292091724503,0.0028987292091724,5.0306980803327406e-17
WHIL,CXCL8,0.0051390625685676875,0.0051390625685676,8.760353553682876e-17
WHIL,CXCR1,0.0027466776943591603,0.0027466776943591,6.028164079019405e-17
WHIL,CYP19A1,0.005774670403109593,0.0057746704031095,9.367506770274758e-17
WHIL,CYP1A1,0.0044390574581304925,0.0044390574581304,9.280770596475918e-17
WHIL,CYP1A2,0.006991868313937587,0.0069918683139375,8.673617379884035e-17
WHIL,CYP1B1,0.0044022466117984585,0.0044022466117984,5.811323644522304e-17
WHIL,CYP2A13,0.0017354935348102864,0.0017354935348102,8.630249292984615e-17
WHIL,CYP2A6,0.004705431094507589,0.0047054310945075,8.847089727481716e-17
WHIL,CYP2B6,0.0022165912338771732,0.0022165912338771,7.32920668600201e-17
WHIL,CYP2C19,0.005126560464232483,0.0051265604642324,8.239936510889834e-17
WHIL,CYP2C8,0.0026986126572188796,0.0026986126572188,7.936359902593892e-17
WHIL,CYP2C9,0.005439793944843485,0.0054397939448434,8.500145032286355e-17
WHIL,CYP2D6,0.005416052338387991,0.0054160523383879,9.107298248878237e-17
WHIL,CYP2E1,0.00047210612353147603,0.0004721061235314,7.605678239985814e-17
WHIL,CYP2J2,0.0027394076098641103,0.0027394076098641,1.0408340855860843e-17
WHIL,CYP3A4,0.009256476833739938,0.0092564768337399,3.8163916471489756e-17
WHIL,CYP3A5,0.00012618414275915722,0.0001261841427591,5.72187696529225e-17
WHIL,DAO,0.0026055008996422138,0.0026055008996422,1.3877787807814457e-17
WHIL,DAPK1,0.004353087758018675,0.0043530877580186,7.45931094670027e-17
WHIL,DHFR,0.0016700809398509625,0.0016700809398509,6.245004513516506e-17
WHIL,DNMT1,0.0015599057869912605,0.0015599057869912,6.049848122469115e-17
WHIL,DNMT3B,0.00012693769402944875,0.0001269376940294,4.8734887653223424e-17
WHIL,DPP4,0.004251704506304678,0.0042517045063046,7.806255641895632e-17
WHIL,DRD1,0.005013583716960523,0.0050135837169605,2.3418766925686896e-17
WHIL,DRD2,0.0004938059998149421,0.0004938059998149,4.217546450968612e-17
WHIL,DRD3,5.376881656319109e-05,5.376881656319109e-05,0.0
WHIL,DRD4,5.98135731028816e-05,5.98135731028816e-05,0.0
WHIL,DRD5,5.98135731028816e-05,5.98135731028816e-05,0.0
WHIL,DUSP3,0.0060925442058217035,0.0060925442058217,3.469446951953614e-18
WHIL,DYRK1A,0.0012572041091299885,0.0012572041091299,8.847089727481716e-17
WHIL,DYRK1B,0.00010115417345775059,0.0001011541734577,5.059158387360485e-17
WHIL,EBP,0.0006204258078967447,0.0006204258078967,4.466912950640278e-17
WHIL,EDNRA,0.0,0.0,0.0
WHIL,EGFR,0.005611236010521629,0.0056112360105216,2.862293735361732e-17
WHIL,EGLN1,0.010019933166763171,0.0100199331667631,7.112366251504909e-17
WHIL,EHMT2,0.01589771921325031,0.0158977192132503,1.0408340855860843e-17
WHIL,ENPP2,0.00013712010179828412,0.0001371201017982,8.410698353056301e-17
WHIL,EP300,0.0005538979503053755,0.0005538979503053,7.556889142223966e-17
WHIL,EPHB4,0.0011677375310447692,0.0011677375310447,6.917209860457518e-17
WHIL,EPHX2,0.0037292355733133924,0.0037292355733133,9.237402509576498e-17
WHIL,ERBB2,0.0037306957249938653,0.0037306957249938,6.548581121812447e-17
WHIL,ERN1,0.0002593394940295329,0.0002593394940295,3.290553593493506e-17
WHIL,ESR1,0.0052676295218419475,0.0052676295218419,4.7704895589362195e-17
WHIL,ESR2,0.004498320635850026,0.00449832063585,2.6020852139652106e-17
WHIL,ESRRA,0.002409623604106037,0.002409623604106,3.686287386450715e-17
WHIL,ESRRB,0.0012368778510496341,0.0012368778510496,3.404394821604484e-17
WHIL,F10,0.0008727962883913092,0.0008727962883913,9.215718466126788e-18
WHIL,F2,0.0033499717874979447,0.0033499717874979,4.466912950640278e-17
WHIL,F3,0.004434470432371189,0.0044344704323711,8.847089727481716e-17
WHIL,FABP2,0.003389816128088189,0.0033898161280881,8.890457814381136e-17
WHIL,FABP3,0.0038317575655635434,0.0038317575655635,4.336808689942018e-17
WHIL,FABP4,0.004407338270558457,0.0044073382705584,5.724587470723463e-17
WHIL,FABP5,0.003389816128088189,0.0033898161280881,8.890457814381136e-17
WHIL,FASN,0.0029294037953470197,0.002929403795347,1.951563910473908e-17
WHIL,FDPS,0.0,0.0,0.0
WHIL,FLT3,0.004017677383664837,0.0040176773836648,3.642919299551295e-17
WHIL,FLT4,0.0011677375310447692,0.0011677375310447,6.917209860457518e-17
WHIL,FOLH1,0.00025604591604657653,0.0002560459160465,7.654467337747661e-17
WHIL,FUCA1,0.0002952346689436743,0.0002952346689436,7.426784881525705e-17
WHIL,FUT7,0.0024135493787451876,0.0024135493787451,8.760353553682876e-17
WHIL,FYN,0.0012879222133753607,0.0012879222133753,6.071532165918825e-17
WHIL,GAA,0.005591363413389043,0.005591363413389,4.2500725161431774e-17
WHIL,GABRR1,0.0033885098416366467,0.0033885098416366,4.683753385137379e-17
WHIL,GBA,0.004391094462949793,0.0043910944629497,9.280770596475918e-17
WHIL,GBA2,0.001312570871760455,0.0013125708717604,5.4860629927766524e-17
WHIL,GLO1,0.004068327281695832,0.0040683272816958,3.122502256758253e-17
WHIL,GLRA1,0.0004547249357182728,0.0004547249357182,7.280417588240162e-17
WHIL,GLRA2,0.0,0.0,0.0
WHIL,GPBAR1,0.0005851148867840137,0.000585114886784,1.3660947373317356e-17
WHIL,GPR35,0.004219221768959938,0.0042192217689599,3.8163916471489756e-17
WHIL,GRIA1,0.00025604591604657653,0.0002560459160465,7.654467337747661e-17
WHIL,GRIA2,0.00025604591604657653,0.0002560459160465,7.654467337747661e-17
WHIL,GRIA4,0.00025604591604657653,0.0002560459160465,7.654467337747661e-17
WHIL,GRIK2,0.00025604591604657653,0.0002560459160465,7.654467337747661e-17
WHIL,GRIK5,0.00025604591604657653,0.0002560459160465,7.654467337747661e-17
WHIL,GRK6,0.0018558021179593206,0.0018558021179593,2.0599841277224584e-17
WHIL,GRM1,0.00025604591604657653,0.0002560459160465,7.654467337747661e-17
WHIL,GRM2,0.00025604591604657653,0.0002560459160465,7.654467337747661e-17
WHIL,GRM3,0.00025604591604657653,0.0002560459160465,7.654467337747661e-17
WHIL,GRM4,0.00025604591604657653,0.0002560459160465,7.654467337747661e-17
WHIL,GRM5,0.002822768538246996,0.0028227685382469,9.584347204771859e-17
WHIL,GRM8,0.00025604591604657653,0.0002560459160465,7.654467337747661e-17
WHIL,GSK3B,0.004916872336156156,0.0049168723361561,5.637851296924623e-17
WHIL,GSTP1,0.0011258632468491578,0.0011258632468491,5.789639601072594e-17
WHIL,HCAR2,0.005048916041892227,0.0050489160418922,2.688821387764051e-17
WHIL,HDAC1,0.0002643845761477103,0.0002643845761477,1.0299920638612292e-17
WHIL,HDAC10,0.0,0.0,0.0
WHIL,HDAC2,0.0002643845761477103,0.0002643845761477,1.0299920638612292e-17
WHIL,HDAC3,0.0002643845761477103,0.0002643845761477,1.0299920638612292e-17
WHIL,HDAC6,0.0002643845761477103,0.0002643845761477,1.0299920638612292e-17
WHIL,HDAC8,0.0002643845761477103,0.0002643845761477,1.0299920638612292e-17
WHIL,HIF1A,0.004881657702274595,0.0048816577022745,9.540979117872439e-17
WHIL,HKDC1,0.0037670541943764834,0.0037670541943764,8.326672684688674e-17
WHIL,HMGCR,0.00035482695181262804,0.0003548269518126,2.802662615875029e-17
WHIL,HRH1,0.0,0.0,0.0
WHIL,HRH3,6.382342157905244e-05,6.382342157905244e-05,0.0
WHIL,HRH4,0.0,0.0,0.0
WHIL,HSD11B1,0.0032789419474719885,0.0032789419474719,8.847089727481716e-17
WHIL,HSD11B2,0.0011522471167181557,0.0011522471167181,5.572799166575493e-17
WHIL,HSD17B1,0.004035870242490458,0.0040358702424904,5.811323644522304e-17
WHIL,HSD17B2,0.004035870242490458,0.0040358702424904,5.811323644522304e-17
WHIL,HSD17B3,0.001970760943530796,0.0019707609435307,9.584347204771859e-17
WHIL,HSP90AA1,0.0009451039006130156,0.000945103900613,1.5612511283791264e-17
WHIL,HSP90AB1,0.0015167217538663142,0.0015167217538663,1.4094628242311558e-17
WHIL,HSPA1A,0.0010757806355754759,0.0010757806355754,7.589415207398531e-17
WHIL,HSPA8,0.003654633026679663,0.0036546330266796,6.288372600415926e-17
WHIL,HTR1A,0.002779818765579804,0.0027798187655798,3.903127820947816e-18
WHIL,HTR1B,9.717172568382341e-05,9.71717256838234e-05,1.3552527156068805e-20
WHIL,HTR1D,9.717172568382341e-05,9.71717256838234e-05,1.3552527156068805e-20
WHIL,HTR1E,8.995584616260147e-05,8.995584616260147e-05,0.0
WHIL,HTR2A,0.00029756160230877936,0.0002975616023087,7.936359902593892e-17
WHIL,HTR2B,8.995584616260147e-05,8.995584616260147e-05,0.0
WHIL,HTR2C,0.00019046535764554094,0.0001904653576455,4.092863201132779e-17
WHIL,HTR3A,0.0001450270728411755,0.0001450270728411,7.548757625930325e-17
WHIL,HTR4,9.717172568382341e-05,9.71717256838234e-05,1.3552527156068805e-20
WHIL,HTR5A,8.995584616260147e-05,8.995584616260147e-05,0.0
WHIL,HTR6,8.483609816526278e-05,8.483609816526278e-05,0.0
WHIL,HTR7,0.004462061271584006,0.004462061271584,6.071532165918825e-18
WHIL,IDH1,0.007890344683979499,0.0078903446839794,9.8879238130678e-17
WHIL,IDO1,0.003181192210343558,0.0031811922103435,5.811323644522304e-17
WHIL,IGF1R,0.003042962896140835,0.0030429628961408,3.469446951953614e-17
WHIL,INSR,0.003338975064457243,0.0033389750644572,4.2934406030425976e-17
WHIL,JAK2,0.00010115417345775059,0.0001011541734577,5.059158387360485e-17
WHIL,KAT2B,0.0004406870842583125,0.0004406870842583,1.2522535092207576e-17
WHIL,KCNA3,0.0,0.0,0.0
WHIL,KCNA5,0.00010115417345775059,0.0001011541734577,5.059158387360485e-17
WHIL,KCNH2,0.003479323619258535,0.0034793236192585,3.5128150388530344e-17
WHIL,KDM2A,0.0002501515370644376,0.0002501515370644,3.7621815385247004e-17
WHIL,KDM4E,0.023988885606449566,0.0239888856064495,6.591949208711867e-17
WHIL,KDM5C,0.0002501515370644376,0.0002501515370644,3.7621815385247004e-17
WHIL,KDM7A,0.0002501515370644376,0.0002501515370644,3.7621815385247004e-17
WHIL,KDR,0.003042962896140835,0.0030429628961408,3.469446951953614e-17
WHIL,KIT,0.000810182616802581,0.0008101826168025,8.098990228466718e-17
WHIL,KMT2A,0.005857815616709056,0.005857815616709,5.551115123125783e-17
WHIL,LDHA,0.0,0.0,0.0
WHIL,LIMK1,0.00010115417345775059,0.0001011541734577,5.059158387360485e-17
WHIL,MAN1B1,0.0002952346689436743,0.0002952346689436,7.426784881525705e-17
WHIL,MAOA,0.004625615611697527,0.0046256156116975,2.688821387764051e-17
WHIL,MAOB,0.0026288537366526764,0.0026288537366526,7.632783294297951e-17
WHIL,MAP2K1,0.0028767768164301728,0.0028767768164301,7.28583859910259e-17
WHIL,MAP2K7,0.0,0.0,0.0
WHIL,MAP3K7,0.0,0.0,0.0
WHIL,MAP3K8,0.0011258632468491578,0.0011258632468491,5.789639601072594e-17
WHIL,MAPK1,0.007212569066676365,0.0072125690666763,6.505213034913027e-17
WHIL,MAPK14,0.0029112307926842875,0.0029112307926842,8.760353553682876e-17
WHIL,MAPK9,0.001384698031481238,0.0013846980314812,3.7947076036992655e-17
WHIL,MAPKAPK2,0.0027635642382225203,0.0027635642382225,2.0383000842727483e-17
WHIL,MAPT,0.009492656902059748,0.0094926569020597,4.85722573273506e-17
WHIL,MCL1,0.002558360509729825,0.0025583605097298,2.5153490401663703e-17
WHIL,MERTK,0.00010115417345775059,0.0001011541734577,5.059158387360485e-17
WHIL,MET,0.0030974915636033237,0.0030974915636033,2.3852447794681098e-17
WHIL,MGAM,0.0002952346689436743,0.0002952346689436,7.426784881525705e-17
WHIL,MGLL,0.009444080103920744,0.0094440801039207,4.336808689942018e-17
WHIL,MIF,0.0004822617190565197,0.0004822617190565,1.973247953923618e-17
WHIL,MMP1,0.004545618916089622,0.0045456189160896,2.168404344971009e-17
WHIL,MMP12,0.003427075297258753,0.0034270752972587,5.2909066017292616e-17
WHIL,MMP13,0.0034235367703946023,0.0034235367703946,2.168404344971009e-18
WHIL,MMP14,0.0004902296686928597,0.0004902296686928,5.963111948670274e-17
WHIL,MMP2,0.004848312790694549,0.0048483127906945,4.9439619065339e-17
WHIL,MMP3,0.004371852501333634,0.0043718525013336,3.382710778154774e-17
WHIL,MMP9,0.004852090421349435,0.0048520904213494,3.5561831257524545e-17
WHIL,MPG,0.003746753440069941,0.0037467534400699,4.0766001685454967e-17
WHIL,MPO,0.00027331082446532053,0.0002733108244653,2.054563116860031e-17
WHIL,MTNR1A,0.000160044143479475,0.0001600441434794,7.499968528168477e-17
WHIL,MTNR1B,0.000160044143479475,0.0001600441434794,7.499968528168477e-17
WHIL,MYLK,0.00010115417345775059,0.0001011541734577,5.059158387360485e-17
WHIL,NEK2,0.0027394076098641103,0.0027394076098641,1.0408340855860843e-17
WHIL,NEK6,0.0027394076098641103,0.0027394076098641,1.0408340855860843e-17
WHIL,NFKB1,0.005292518253954139,0.0052925182539541,3.903127820947816e-17
WHIL,NOS2,0.008560426580784646,0.0085604265807846,4.5102810375396984e-17
WHIL,NQO1,0.0009040777388536616,0.0009040777388536,6.158268339717665e-17
WHIL,NQO2,0.0016430301289331397,0.0016430301289331,3.968179951296946e-17
WHIL,NR1H4,0.008463582517580498,0.0084635825175804,9.8879238130678e-17
WHIL,NR1I2,0.009081114811841803,0.0090811148118418,3.469446951953614e-18
WHIL,NR3C1,0.0016617131241431894,0.0016617131241431,8.933825901280557e-17
WHIL,NR3C2,0.0006701937559803786,0.0006701937559803,7.860465750519907e-17
WHIL,NT5E,0.0003192444999543025,0.0003192444999543,2.4936649967166602e-18
WHIL,NUAK1,0.003042962896140835,0.0030429628961408,3.469446951953614e-17
WHIL,ODC1,0.0024073409529998713,0.0024073409529998,7.112366251504909e-17
WHIL,OPRD1,0.0007958523237024125,0.0007958523237024,1.2576745200831851e-17
WHIL,OPRK1,0.000674267848036665,0.0006742678480366,6.494371013188172e-17
WHIL,OPRM1,0.0011511778728952966,0.0011511778728952,9.64939933512099e-17
WHIL,OXER1,7.323328501698965e-05,7.323328501698965e-05,0.0
WHIL,OXTR,0.0002952346689436743,0.0002952346689436,7.426784881525705e-17
WHIL,PARP1,0.0034633522252915244,0.0034633522252915,2.42861286636753e-17
WHIL,PCNA,0.0,0.0,0.0
WHIL,PDE4B,0.0002577556092580953,0.000257755609258,9.530137096147584e-17
WHIL,PDE4D,0.0002577556092580953,0.000257755609258,9.530137096147584e-17
WHIL,PDE5A,0.003908307429817024,0.003908307429817,2.3418766925686896e-17
WHIL,PDGFRB,0.0011677375310447692,0.0011677375310447,6.917209860457518e-17
WHIL,PDPK1,0.0006298277207631421,0.0006298277207631,4.206704429243757e-17
WHIL,PGR,0.0006701937559803786,0.0006701937559803,7.860465750519907e-17
WHIL,PHF8,0.0002501515370644376,0.0002501515370644,3.7621815385247004e-17
WHIL,PIK3CA,0.0015823309421612918,0.0015823309421612,9.172350379227368e-17
WHIL,PIK3CB,0.0015502905069580276,0.001550290506958,2.7538735181131813e-17
WHIL,PIK3CG,0.0026986126572188796,0.0026986126572188,7.936359902593892e-17
WHIL,PIM1,0.004048260749090201,0.0040482607490902,8.673617379884035e-19
WHIL,PIM3,0.00010115417345775059,0.0001011541734577,5.059158387360485e-17
WHIL,PKN1,0.0027394076098641103,0.0027394076098641,1.0408340855860843e-17
WHIL,PLA2G2A,0.0005353469387003799,0.0005353469387003,7.990570011218168e-17
WHIL,PLG,0.003371972212709504,0.0033719722127095,3.903127820947816e-18
WHIL,PLK1,0.003042962896140835,0.0030429628961408,3.469446951953614e-17
WHIL,PLK4,0.0011677375310447692,0.0011677375310447,6.917209860457518e-17
WHIL,PNP,0.003701584887443307,0.0037015848874433,7.37257477290143e-18
WHIL,POLA1,0.0005905979146260116,0.000590597914626,1.1600963245594897e-17
WHIL,POLB,0.005433240591555706,0.0054332405915557,6.071532165918825e-18
WHIL,PPARA,0.0046989558048533015,0.0046989558048533,1.734723475976807e-18
WHIL,PPARD,0.004635376724629126,0.0046353767246291,2.6020852139652106e-17
WHIL,PPARG,0.0046392531247717835,0.0046392531247717,8.326672684688674e-17
WHIL,PRKCA,0.003794150915116679,0.0037941509151166,7.892991815694472e-17
WHIL,PRKCD,0.00010115417345775059,0.0001011541734577,5.059158387360485e-17
WHIL,PRKCE,0.00010115417345775059,0.0001011541734577,5.059158387360485e-17
WHIL,PRMT1,0.0001949742904719669,0.0001949742904719,6.689527404235562e-17
WHIL,PTAFR,0.0006733865291867733,0.0006733865291867,7.32920668600201e-17
WHIL,PTGES,0.0011016765631791108,0.0011016765631791,1.0842021724855044e-17
WHIL,PTGS1,0.003994847497681847,0.0039948474976818,4.7704895589362195e-17
WHIL,PTGS2,0.005205978760963304,0.0052059787609633,3.469446951953614e-18
WHIL,PTK2,0.003042962896140835,0.0030429628961408,3.469446951953614e-17
WHIL,PTK2B,0.0013102820963921912,0.0013102820963921,9.107298248878237e-17
WHIL,PTPN1,0.009407835042603802,0.0094078350426038,1.734723475976807e-18
WHIL,PTPN11,0.00807516568137381,0.0080751656813738,1.0408340855860843e-17
WHIL,PTPN2,0.008336543031749254,0.0083365430317492,5.377642775528102e-17
WHIL,PTPN6,0.009059534287159398,0.0090595342871593,9.71445146547012e-17
WHIL,PTPRF,0.008336543031749254,0.0083365430317492,5.377642775528102e-17
WHIL,PTPRS,0.0037824977276443594,0.0037824977276443,5.941427905220564e-17
WHIL,PYGL,0.0027466776943591603,0.0027466776943591,6.028164079019405e-17
WHIL,RELA,0.0027991614720220153,0.002799161472022,1.5178830414797062e-17
WHIL,RORB,0.0001402888602472445,0.0001402888602472,4.450649918052996e-17
WHIL,RORC,0.005602288068813435,0.0056022880688134,3.5561831257524545e-17
WHIL,RXRA,0.00013152328969882505,0.0001315232896988,2.5045070184415152e-17
WHIL,SAE1,6.906528504479726e-05,6.906528504479726e-05,0.0
WHIL,SENP6,0.0,0.0,0.0
WHIL,SENP7,0.0,0.0,0.0
WHIL,SENP8,0.00019589426303615224,0.0001958942630361,5.2231439659489176e-17
WHIL,SHBG,0.0029002865424315174,0.0029002865424315,1.734723475976807e-17
WHIL,SIGMAR1,0.0,0.0,0.0
WHIL,SIRT2,0.0004147908035687981,0.0004147908035687,9.812029660993815e-17
WHIL,SIRT3,0.00040836704617196136,0.0004083670461719,6.136584296267955e-17
WHIL,SLC15A2,0.0002508349642498092,0.0002508349642498,9.215718466126788e-18
WHIL,SLC1A1,0.00025604591604657653,0.0002560459160465,7.654467337747661e-17
WHIL,SLC22A1,0.0017718638322191675,0.0017718638322191,6.743737512859838e-17
WHIL,SLC22A12,0.001657961511170961,0.0016579615111709,6.093216209368535e-17
WHIL,SLC28A1,0.0033919112457095855,0.0033919112457095,8.543513119185775e-17
WHIL,SLC28A2,0.0033919112457095855,0.0033919112457095,8.543513119185775e-17
WHIL,SLC28A3,0.0034357485527837955,0.0034357485527837,9.540979117872439e-17
WHIL,SLC47A1,0.0003220867866421081,0.0003220867866421,8.077306185017008e-18
WHIL,SLC5A1,0.0011129279786945083,0.0011129279786945,8.456776945386935e-18
WHIL,SLC5A2,0.0011393258069966185,0.0011393258069966,1.8431436932253575e-17
WHIL,SLC6A15,0.0,0.0,0.0
WHIL,SLC6A2,6.382342157905244e-05,6.382342157905244e-05,0.0
WHIL,SLC6A3,6.382342157905244e-05,6.382342157905244e-05,0.0
WHIL,SLC6A4,6.382342157905244e-05,6.382342157905244e-05,0.0
WHIL,SLCO1B1,0.005201438504859796,0.0052014385048597,9.627715291671279e-17
WHIL,SLCO1B3,0.005165340079561759,0.0051653400795617,5.898059818321144e-17
WHIL,SLCO2B1,0.005201438504859796,0.0052014385048597,9.627715291671279e-17
WHIL,SMAD3,0.001130952292802908,0.0011309522928029,8.023096076392733e-18
WHIL,SOAT1,0.004113552400049476,0.0041135524000494,7.546047120499111e-17
WHIL,SOAT2,0.0005080586147937534,0.0005080586147937,5.334274688628682e-17
WHIL,SRC,0.004023576013306537,0.0040235760133065,3.729655473350135e-17
WHIL,STAT3,0.001137429587246005,0.001137429587246,4.9873299934333204e-18
WHIL,SYK,0.004410767095044427,0.0044107670950444,2.688821387764051e-17
WHIL,TAS2R31,0.0,0.0,0.0
WHIL,TBXAS1,0.001863447314944989,0.0018634473149449,8.890457814381136e-17
WHIL,TEK,0.0011677375310447692,0.0011677375310447,6.917209860457518e-17
WHIL,TERT,0.0051010597794670385,0.005101059779467,3.8163916471489756e-17
WHIL,TGM2,0.000476659424469471,0.0004766594244694,7.101524229780054e-17
WHIL,THRA,0.0,0.0,0.0
WHIL,THRB,0.006712776648827893,0.0067127766488278,9.280770596475918e-17
WHIL,TLR2,0.003389816128088189,0.0033898161280881,8.890457814381136e-17
WHIL,TNKS,0.0032594792295620074,0.003259479229562,7.37257477290143e-18
WHIL,TNKS2,0.0032594792295620074,0.003259479229562,7.37257477290143e-18
WHIL,TOP1,0.008123003651945578,0.0081230036519455,7.806255641895632e-17
WHIL,TOP2A,0.008417097254081839,0.0084170972540818,3.8163916471489756e-17
WHIL,TRPV1,0.003798015920923592,0.0037980159209235,9.194034422677078e-17
WHIL,TTR,0.004360593482178814,0.0043605934821788,1.3877787807814457e-17
WHIL,TUBB3,0.001553095030572404,0.0015530950305724,3.903127820947816e-18
WHIL,TYR,0.005592230549921964,0.0055922305499219,6.418476861114186e-17
WHIL,UBE2N,0.002741640637387819,0.0027416406373878,1.8648277366750676e-17
WHIL,UGT1A1,0.01681669352553039,0.0168166935255303,9.020562075079397e-17
WHIL,VCP,0.0,0.0,0.0
WHIL,VDR,0.00011971316074431525,0.0001197131607443,1.5246593050577406e-17
WHIL,XDH,0.004022178911146823,0.0040221789111468,2.3418766925686896e-17
WHIL,XIAP,0.0,0.0,0.0
WHIL,XPO1,0.0012657767515110291,0.001265776751511,2.905661822261152e-17
