metric,role,convergence_direction,observed,null_mean,null_sd,z_vs_null,null_q025,null_q050,null_q975,empirical_p_lower,empirical_p_upper,empirical_p_two_sided_2min
gjsd,PRIMARY,lower_is_more_convergent_PRIMARY,0.05276035009180232,0.04014653077261113,0.0033372999067305055,3.779648120252019,0.03429875620136347,0.039908738336828425,0.04731292624771106,0.9972002799720028,0.0028997100289971,0.0057994200579942
common_mass,SECONDARY_DIAGNOSTIC,higher_is_more_convergent,0.7623348782959435,0.7962485098846726,0.007605139975993861,-4.459304062223672,0.7814183700797885,0.7961639432135806,0.8114836412833083,9.999000099990002e-05,1.0,0.00019998000199980003
mean_pairwise_jsd,SECONDARY_DIAGNOSTIC,lower_is_more_convergent,0.03962877772795687,0.029828838504826063,0.0024172856072282155,4.054108953375984,0.025527473552296776,0.029661664996116683,0.03508451339308474,0.9984001599840016,0.0016998300169983002,0.0033996600339966003
mean_pairwise_cosine,SECONDARY_DIAGNOSTIC,higher_is_more_convergent,0.9093523643865918,0.9265841884998531,0.010952493664392372,-1.5733242712829538,0.9025909784449564,0.9272357850470171,0.9455899914461149,0.05909409059094091,0.941005899410059,0.11818818118188182
jsd_PDOL_PHOL,SECONDARY_DIAGNOSTIC,lower_is_more_convergent,0.028690160641513404,0.021532721222088328,0.001903399235774756,3.7603458512011674,0.01809611928923149,0.02142704382541384,0.02554843649843814,0.9991000899910009,0.000999900009999,0.001999800019998
jsd_PDOL_WHIL,SECONDARY_DIAGNOSTIC,lower_is_more_convergent,0.059103763346511254,0.04281877481741089,0.004203553104879872,3.874100819660217,0.03523206369957176,0.04255545701202931,0.05191968548358351,0.9983001699830018,0.0017998200179982,0.0035996400359964
jsd_PHOL_WHIL,SECONDARY_DIAGNOSTIC,lower_is_more_convergent,0.03109240919584595,0.025135019474978985,0.0027019107665514205,2.2048802627448234,0.02031894928791736,0.024973949035613494,0.031025408543681982,0.9758024197580242,0.024297570242975703,0.048595140485951406
cosine_PDOL_PHOL,SECONDARY_DIAGNOSTIC,higher_is_more_convergent,0.956074484233138,0.9539556079286081,0.008925158425425437,0.23740489563678444,0.9361687816918822,0.9545238493086303,0.9686345639501057,0.5709429057094291,0.42915708429157085,0.8583141685831417
cosine_PDOL_WHIL,SECONDARY_DIAGNOSTIC,higher_is_more_convergent,0.8597053152635327,0.8987872717830169,0.017144110973399674,-2.279614065735032,0.8625404939438878,0.8997085768824116,0.9291841611003943,0.020597940205979402,0.9795020497950205,0.041195880411958805
cosine_PHOL_WHIL,SECONDARY_DIAGNOSTIC,higher_is_more_convergent,0.9122772936631052,0.9270096857879349,0.015129698485842556,-0.9737399683553082,0.8944385824048446,0.9276332948587016,0.9552869717479743,0.127987201279872,0.8721127887211279,0.255974402559744
