file,sha256,bytes
phase12A_chain1_first_retained_null_graph_v1_0.csv,f8c55105f03a9bae68799f8846e3db9089725b41f10491f15d673c66d008776b,200410
phase12A_chain2_first_retained_null_graph_v1_0.csv,1984b39302e3e5bbf84072de6d7afc1c18303336c503594e0ca20194856b7a20,200410
phase12A_chain3_first_retained_null_graph_v1_0.csv,520ce3352846822656b75f50a21bdefab60c078a90eb5e68ef17b677c53ebfb3,200410
phase12A_chain4_first_retained_null_graph_v1_0.csv,9e957acb2d9365b63aaf10ad10a46399ce912b78cf25887b75d0b848bae034e6,200410
phase12A_chain_mixing_QA_v1_0.csv,f09d5ea76b1b4245b43ba8470bb39f7fe99b5aac626e0c432c92ef2325d553b5,725
phase12A_convergence_null_summary_v1_0.csv,49616587d4ac30917384ce6065ca0f4c8bb7aac4c499ad8d28594e2a35c5e341,2748
phase12A_curveball_trade_QA_v1_0.csv,b392f3035c618cbd5e4cf65b0980e346f34c196593510f8f7c2b607a9a8f1660,472
phase12A_degree_preservation_QA_v1_0.csv,d922ec66b76ab8bf7f40ad3396295610fe3f308e28ec5d709c81db1a111debaf,1199
phase12A_degree_preserving_null_distribution_v1_0.csv,250a935a7d746c50e8ee330db3aa345b873f0b3d0419147d66b8fadd788efcb5,2090397
phase12A_frozen_LOPO_herb_coefficients_v1_0.csv,fafeb1ef7fa943619015eaba8b08a98f3ae1c91b11d5fef8b595275734e69f36,18495
phase12A_frozen_primary_reconstruction_QA_v1_0.csv,e47d9f5fb73bed02501f23ee292efdd144bb8930aac8ac4a6e7ec51e99915071,237
phase12A_observed_convergence_metrics_v1_0.csv,98b4bd8f218b99b676444e8a2209ae57cdeaa1ecf0aafce04cfaf040cd5928b1,394
phase12A_observed_target_profiles_crosscheck_v1_0.csv,61643ac75cc4314511bf1b3a06aaeff6b16836f1f0e420e900b8b0f587eb36f0,78814
PHASE12A_RESULT_FREEZE_CANDIDATE_v1_0.txt,ec0f45e3c517b3d74ed479b60c701fbafd74c314c023e2bd881e995beaeceab1,934
phase12A_run_metadata_v1_0.json,7a41e1cd4130d1072e84fac56a1ce25954f88f51bb1414bf15c46eac2e3f38b0,3129
