representation,analysis_role,method,method_order,syndrome_code,observed_alignment,observed_CAP_measured_mass,n_null,null_model,null_mean,null_sd,observed_minus_null_mean,Z_align,empirical_p_upper,empirical_p_lower,empirical_p_two_sided,null_q025,null_q25,null_median,null_q75,null_q975,holm_p_upper_within_representation_syndrome
LOPO,PRIMARY,BINARY_UNION,1,PDOL,1.2545797885942163,0.5957446808510638,10000,frozen_19_strata_same_target_label_permutation_all_methods_syndromes_representations,1.2437036184847046,0.08085483598986022,0.010876170109511696,0.13451477547831087,0.45035496450354967,0.5497450254974503,0.8965103489651035,1.0866753097079487,1.1883805554410594,1.2440276440575422,1.298701981268069,1.3991669186916669,1.0
LOPO,PRIMARY,BINARY_UNION,1,PHOL,1.0935404689966362,0.5885714285714285,10000,frozen_19_strata_same_target_label_permutation_all_methods_syndromes_representations,1.2250426154110916,0.06801281916349461,-0.13150214641445546,-1.933490598270014,0.9746025397460254,0.0254974502549745,0.05219478052194781,1.0931513948227005,1.178666733335753,1.223974489427634,1.2710039471625154,1.3581864188186612,1.0
LOPO,PRIMARY,BINARY_UNION,1,WHIL,1.2925510354184713,0.6057142857142856,10000,frozen_19_strata_same_target_label_permutation_all_methods_syndromes_representations,1.2572514150704477,0.06990459113352598,0.035299620348023586,0.5049685546489666,0.30896910308969106,0.6911308869113089,0.6137386261373863,1.1218650642891237,1.2102895760214083,1.258172919705466,1.3051116322834693,1.3931776310696722,1.0
LOPO,PRIMARY,WEIGHTED_RAW,2,PDOL,1.0694822771954056,0.6129191164786274,10000,frozen_19_strata_same_target_label_permutation_all_methods_syndromes_representations,1.1011741671262203,0.11326832459296414,-0.03169188993081473,-0.27979481505267473,0.6047395260473952,0.39536046395360464,0.7804219578042195,0.8852120480551672,1.0243420836395871,1.0994651829196465,1.178180127420601,1.3278915711827033,1.0
LOPO,PRIMARY,WEIGHTED_RAW,2,PHOL,1.0573546590443226,0.6145868848732812,10000,frozen_19_strata_same_target_label_permutation_all_methods_syndromes_representations,1.0765398753987023,0.11204781910032244,-0.019185216354379753,-0.17122346966166468,0.5643435656434357,0.43575642435756423,0.8640135986401359,0.8611066886465456,0.9992251307300117,1.0751056248440507,1.1521624819917347,1.2993360910719214,1.0
LOPO,PRIMARY,WEIGHTED_RAW,2,WHIL,1.124907804810541,0.6149342267027291,10000,frozen_19_strata_same_target_label_permutation_all_methods_syndromes_representations,1.092859821478124,0.09550176901238688,0.032047983332416985,0.33557476121997554,0.36676332366763326,0.6333366663333667,0.7395260473952605,0.9114688592657357,1.0271457075410246,1.0925617343946779,1.156677858313008,1.283036413819483,1.0
LOPO,PRIMARY,HERB_DEGREE_NORMALIZED,3,PDOL,0.6248482565269968,0.5928921844877117,10000,frozen_19_strata_same_target_label_permutation_all_methods_syndromes_representations,1.1053827512580625,0.40894340466072177,-0.4805344947310657,-1.175063564430729,0.8784121587841216,0.12168783121687832,0.24737526247375263,0.3161208846117321,0.8272384575519182,1.100184161232355,1.3861107525418697,1.8975841101785496,1.0
LOPO,PRIMARY,HERB_DEGREE_NORMALIZED,3,PHOL,0.7354998304782864,0.587879634013244,10000,frozen_19_strata_same_target_label_permutation_all_methods_syndromes_representations,1.0702424143763627,0.41083286413374503,-0.3347425838980763,-0.8147901814132916,0.796020397960204,0.20407959204079593,0.40975902409759024,0.2522822549020786,0.8004675717533309,1.071460040922719,1.341257448342729,1.8801997384680402,1.0
LOPO,PRIMARY,HERB_DEGREE_NORMALIZED,3,WHIL,0.9560596229534916,0.5948251578641378,10000,frozen_19_strata_same_target_label_permutation_all_methods_syndromes_representations,1.0951879479835118,0.25424761368690013,-0.13912832503002026,-0.5472158539169357,0.6987301269873013,0.3013698630136986,0.5938406159384062,0.6085922251401228,0.9194581606791238,1.0929637094346984,1.2696245094305711,1.5933927722330803,1.0
LOPO,PRIMARY,UBIQUITY_CORRECTED,4,PDOL,0.737000988290755,0.6036872418385297,10000,frozen_19_strata_same_target_label_permutation_all_methods_syndromes_representations,1.12222284496945,0.312152249492648,-0.385221856678695,-1.2340832311950645,0.8886111388861114,0.11148885111488852,0.2176782321767823,0.5061368164654654,0.9087994156482325,1.1237593302322042,1.3355779444267175,1.73354121995715,1.0
LOPO,PRIMARY,UBIQUITY_CORRECTED,4,PHOL,0.8246962319446336,0.5956102340012457,10000,frozen_19_strata_same_target_label_permutation_all_methods_syndromes_representations,1.0972146514126744,0.31111290037290057,-0.2725184194680408,-0.8759470248305347,0.8144185581441856,0.18568143185681432,0.36896310368963103,0.47101583406697073,0.8930546099996322,1.099351396489146,1.301504412631746,1.713608605516885,1.0
LOPO,PRIMARY,UBIQUITY_CORRECTED,4,WHIL,1.018723770801607,0.6077922669889531,10000,frozen_19_strata_same_target_label_permutation_all_methods_syndromes_representations,1.1110836256616357,0.19655901798558537,-0.09235985486002862,-0.4698835790215528,0.6767323267673233,0.3233676632336766,0.6457354264573543,0.7302999687301626,0.9779712537304808,1.109140112227407,1.2454560739433944,1.498058086345972,1.0
FULL,SENSITIVITY,BINARY_UNION,1,PDOL,1.2545797885942163,0.5957446808510638,10000,frozen_19_strata_same_target_label_permutation_all_methods_syndromes_representations,1.2437036184847046,0.08085483598986022,0.010876170109511696,0.13451477547831087,0.45035496450354967,0.5497450254974503,0.8965103489651035,1.0866753097079487,1.1883805554410594,1.2440276440575422,1.298701981268069,1.3991669186916669,1.0
FULL,SENSITIVITY,BINARY_UNION,1,PHOL,1.1358593795400713,0.5949720670391061,10000,frozen_19_strata_same_target_label_permutation_all_methods_syndromes_representations,1.2438613583407248,0.057872559985171344,-0.10800197880065343,-1.8662035829817571,0.9693030696930307,0.030796920307969204,0.061193880611938804,1.1316828924207438,1.20460900744434,1.243895927166513,1.2827541683478616,1.3555450913946725,1.0
FULL,SENSITIVITY,BINARY_UNION,1,WHIL,1.359231332453727,0.6073446327683616,10000,frozen_19_strata_same_target_label_permutation_all_methods_syndromes_representations,1.2639956702309985,0.06229007626842634,0.09523566222272861,1.5289058535155746,0.0654934506549345,0.9346065393460654,0.12838716128387162,1.1429031043998357,1.2215775808058253,1.2644369232851131,1.3052308811958446,1.3852021465238822,0.261973802619738
FULL,SENSITIVITY,WEIGHTED_RAW,2,PDOL,1.0684656179411094,0.61418765517333,10000,frozen_19_strata_same_target_label_permutation_all_methods_syndromes_representations,1.0994950450190024,0.11502214339609541,-0.031029427077893024,-0.26976916063056394,0.6025397460253975,0.3975602439756024,0.787021297870213,0.8799079979824439,1.0212013414177283,1.0981327246561576,1.177051964305774,1.3311419836492853,1.0
FULL,SENSITIVITY,WEIGHTED_RAW,2,PHOL,1.0529995299695216,0.6139835723458908,10000,frozen_19_strata_same_target_label_permutation_all_methods_syndromes_representations,1.076007101493877,0.11231839987787902,-0.023007571524355397,-0.2048424082730074,0.5783421657834217,0.42175782421757824,0.8376162383761624,0.8594712360371678,0.999405591332005,1.0746654172644994,1.1516402869968605,1.2996971741709238,1.0
FULL,SENSITIVITY,WEIGHTED_RAW,2,WHIL,1.1281424470390151,0.615123716002326,10000,frozen_19_strata_same_target_label_permutation_all_methods_syndromes_representations,1.090320258644643,0.09649610340023401,0.037822188394372125,0.39195560298946125,0.34806519348065196,0.652034796520348,0.6997300269973002,0.9064285400945092,1.023137505575596,1.0892410807018391,1.154980379261547,1.2814583815617688,1.0
FULL,SENSITIVITY,HERB_DEGREE_NORMALIZED,3,PDOL,0.6245400568904348,0.5918210421570502,10000,frozen_19_strata_same_target_label_permutation_all_methods_syndromes_representations,1.1019466748845117,0.41739471857434285,-0.4774066179940769,-1.143777332939696,0.8704129587041296,0.12968703129687031,0.2605739426057394,0.29685480849030343,0.818401431150515,1.0970906468165147,1.3894112831526721,1.9099626437596013,1.0
FULL,SENSITIVITY,HERB_DEGREE_NORMALIZED,3,PHOL,0.7467472817242838,0.5842240960486196,10000,frozen_19_strata_same_target_label_permutation_all_methods_syndromes_representations,1.0673027639758823,0.41117756534551003,-0.32055548225159847,-0.779603532070719,0.785921407859214,0.2141785821417858,0.42915708429157085,0.2464856585160233,0.7991124054275943,1.068104314672262,1.3357836376628898,1.8766077055092618,1.0
FULL,SENSITIVITY,HERB_DEGREE_NORMALIZED,3,WHIL,0.8970597598546095,0.592401298278075,10000,frozen_19_strata_same_target_label_permutation_all_methods_syndromes_representations,1.0871771722958345,0.2770644614150043,-0.19011741244122504,-0.686184765344031,0.7478252174782521,0.2522747725227477,0.5017498250174982,0.552758274727756,0.8951013769017536,1.0860390315718196,1.2767705924597963,1.6246771484209837,1.0
FULL,SENSITIVITY,UBIQUITY_CORRECTED,4,PDOL,0.7402934498616268,0.6013918369657405,10000,frozen_19_strata_same_target_label_permutation_all_methods_syndromes_representations,1.1176026253889668,0.3189944801393418,-0.37730917552734,-1.1828078509776265,0.8786121387861214,0.12148785121487851,0.24047595240475952,0.4863988293331971,0.9007758832770085,1.1199097442051573,1.330551222866925,1.74259536907553,1.0
FULL,SENSITIVITY,UBIQUITY_CORRECTED,4,PHOL,0.831140768718378,0.5916772346875638,10000,frozen_19_strata_same_target_label_permutation_all_methods_syndromes_representations,1.0924422425047886,0.3105257997351852,-0.26130147378641055,-0.841480720794366,0.8053194680531947,0.1947805219478052,0.38836116388361164,0.4653427004595868,0.8901484775302977,1.094545075794566,1.2962216492898173,1.7144929879772615,1.0
FULL,SENSITIVITY,UBIQUITY_CORRECTED,4,WHIL,0.9666923992197508,0.6038610198705769,10000,frozen_19_strata_same_target_label_permutation_all_methods_syndromes_representations,1.1064440920518084,0.2043987275251928,-0.13975169283205757,-0.6837209532766427,0.7514248575142486,0.24867513248675133,0.4958504149585041,0.7042293104590652,0.9675311595094517,1.1064355449816872,1.2444600133583488,1.5069503863623337,1.0
