stage,restart_probability,syndrome_A,syndrome_B,spearman,pearson,positive_overlap_n,positive_union_n,positive_jaccard
mapped_seed_before_RWR,,PDOL,PHOL,0.92675627393172,0.9550986334591759,310,360,0.8611111111111112
mapped_seed_before_RWR,,PDOL,WHIL,0.9455161441962668,0.8687811464744365,316,353,0.8951841359773371
mapped_seed_before_RWR,,PHOL,WHIL,0.9498612329635749,0.9268099308388288,327,362,0.9033149171270718
RWR,0.5,PDOL,PHOL,0.9954278783894147,0.963221551053847,15875,15875,1.0
RWR,0.5,PDOL,WHIL,0.99198713666261,0.8936196701891989,15875,15875,1.0
RWR,0.5,PHOL,WHIL,0.9951031335143654,0.9409300823077685,15875,15875,1.0
RWR,0.3,PDOL,PHOL,0.9967448217160343,0.9709820813940029,15875,15875,1.0
RWR,0.3,PDOL,WHIL,0.9941061990575761,0.9167958937543244,15875,15875,1.0
RWR,0.3,PHOL,WHIL,0.9965871702010488,0.953717826347366,15875,15875,1.0
RWR,0.7,PDOL,PHOL,0.9940289691444862,0.958746665126242,15875,15875,1.0
RWR,0.7,PDOL,WHIL,0.9897402109512446,0.8799915910396284,15875,15875,1.0
RWR,0.7,PHOL,WHIL,0.9936522427895143,0.933246733374331,15875,15875,1.0
