path,compile_status,detail
scripts/01_target_projection/weighted_herb_target_projection_v1_1_PORTABLE.py,PASS,
scripts/02_topology_null/run_degree_preserving_herb_target_convergence_null_v1_0_PORTABLE.py,PASS,
scripts/03_functional_characterization/run_functional_v1_0_PORTABLE.py,PASS,
scripts/04_CAP_stress_tests/reconstruct_CAP_transcriptomic_metaZ_v1_0_1_PORTABLE.py,PASS,
scripts/04_CAP_stress_tests/run_direction_agnostic_CAP_perturbation_localization_v1_0_PORTABLE.py,PASS,
scripts/04_CAP_stress_tests/run_projection_method_matched_null_ablation_v1_0_PORTABLE.py,PASS,
scripts/04_CAP_stress_tests/run_shared_specific_CAP_alignment_matched_null_v1_0_PORTABLE.py,PASS,
scripts/04_CAP_stress_tests/run_string_rwr_frozen_v1_0_PORTABLE.py,PASS,
scripts/04_CAP_stress_tests/run_syndrome_disease_alignment_matched_null_v1_0_1_PORTABLE.py,PASS,
scripts/05_psoriasis_validation/run_DCSMI_psoriasis_endpoints_v1_0_1.py,PASS,
scripts/06_URTI_validation/DCSMI_URTI_endpoint_runner_EXECUTION_v1_0_SCAFFOLD.py,PASS,
scripts/06_URTI_validation/reconstructed/reconstruct_DCSMI_URTI_endpoints_REPLAY_v1_0.py,PASS,
scripts/06_URTI_validation/reconstructed/reconstruct_URTI_partial_disease_D_from_frozen_outputs_v1_0.py,PASS,
scripts/06_URTI_validation/reconstructed/run_DCSMI_URTI_endpoints_FUNCTIONAL_RECONSTRUCTION_v1_0.py,PASS,
scripts/07_cross_layer_analysis/run_information_compression_v1_0_PORTABLE.py,PASS,
scripts/data_preparation_reference/01_treatment/audit_and_extend_herb_target_mapping_v1_0.py,PASS,
scripts/data_preparation_reference/01_treatment/complete_herb_target_from_tcmid_web_v1_0.py,PASS,
scripts/data_preparation_reference/03_psoriasis/00A_prepare_verified_composition_csv.py,PASS,
scripts/data_preparation_reference/03_psoriasis/00B_prepare_GPL23126_annotation.py,PASS,
scripts/data_preparation_reference/03_psoriasis/00_freeze_uploaded_inputs.py,PASS,
scripts/data_preparation_reference/03_psoriasis/01_build_psoriasis_prior_from_frozen_composition.py,PASS,
scripts/data_preparation_reference/03_psoriasis/02_prepare_GSE192867_within_disease.py,PASS,
scripts/data_preparation_reference/03_psoriasis/03_build_independent_disease_background.py,PASS,
scripts/data_preparation_reference/03_psoriasis/prepare_GSE61281_ALL_GENES.py,PASS,
scripts/data_preparation_reference/04_URTI/DCSMI_URTI_endpoint_runner_EXECUTION_v1_0.py,PASS,
scripts/data_preparation_reference/04_URTI/audit_external_formula_sources_WindHeat_WindCold_v1_0.py,PASS,
scripts/data_preparation_reference/04_URTI/audit_external_syndrome_prior_quality_v1_0.py,PASS,
scripts/data_preparation_reference/04_URTI/build_external_syndrome_prior_WindHeat_WindCold_v1_1.py,PASS,
scripts/data_preparation_reference/04_URTI/external_formula_herb_alias_audit_v1_0.py,PASS,
scripts/data_preparation_reference/04_URTI/external_formula_herb_canonical_mapping_v1_0.py,PASS,
scripts/data_preparation_reference/04_URTI/freeze_external_formula_composition_WindHeat_WindCold_v1_0.py,PASS,
scripts/data_preparation_reference/04_URTI/freeze_external_formula_herb_canonicalization_v1_0.py,PASS,
scripts/data_preparation_reference/04_URTI/rebuild_DCSMI_external_target_prior_v1_2.py,PASS,
scripts/data_preparation_reference/05_provenance/build_DCSMI_Master_Asset_Audit_and_Final_Freeze_v1_0.py,PASS,
scripts/data_preparation_reference/secondary/build_LOPO_shared_specific_projection_v1_0.py,PASS,
scripts/utilities/check_repository_integrity.py,PASS,
scripts/utilities/reconstruct_global_holm_from_frozen_raw_p.py,PASS,
