path,kind,sha256,size_bytes
scripts/01_target_projection/weighted_herb_target_projection_v1_1_PORTABLE.py,portable_runnable,514b54c1cab8436fa1d135c049a246af4400387c61b51e1473ea174faa981413,36898
scripts/02_topology_null/run_degree_preserving_herb_target_convergence_null_v1_0_PORTABLE.py,portable_runnable,779eb26349195bd7a13e8c6451cadfd3092a50c5549003550a90231627a9ff19,32541
scripts/03_functional_characterization/run_functional_v1_0_PORTABLE.py,portable_runnable,6407d18b6bf75280d5793fabf00ed2af455191c4f2412c14e3ecaafe319d9d4c,13613
scripts/04_CAP_stress_tests/reconstruct_CAP_transcriptomic_metaZ_v1_0_1_PORTABLE.py,portable_runnable,92e5cf544bafac868f3ca86f86d8ca8118f2d362a1b509f668d681e8ad7220f8,30731
scripts/04_CAP_stress_tests/run_direction_agnostic_CAP_perturbation_localization_v1_0_PORTABLE.py,portable_runnable,0743902f4717cff71d26dbde212b4b8fe3cad43b686c52a9fb43276d0f425279,41886
scripts/04_CAP_stress_tests/run_projection_method_matched_null_ablation_v1_0_PORTABLE.py,portable_runnable,0e64204cd66fb4da0e902660603d35ce3aa9a47820672b85e6d1d97f968c485c,42547
scripts/04_CAP_stress_tests/run_shared_specific_CAP_alignment_matched_null_v1_0_PORTABLE.py,portable_runnable,21a7c6a9bed9f67bcaf517ba4e71c2d2712d5e644bb5c22cd8babbabe457acfc,57247
scripts/04_CAP_stress_tests/run_string_rwr_frozen_v1_0_PORTABLE.py,portable_runnable,d93f4163ed7a151b28ef9b1cca39fb39042c37f17a82f858ec36a0b4dba1ea0a,49987
scripts/04_CAP_stress_tests/run_syndrome_disease_alignment_matched_null_v1_0_1_PORTABLE.py,portable_runnable,7e46a08323c9f737cd5169e3596177e3e7394c2ebe0fc1fb6dca9098835b7f34,56608
scripts/05_psoriasis_validation/run_DCSMI_psoriasis_endpoints_v1_0_1.py,portable_runnable,384a6fdba1532bd08a40c7d4155afa230f7d58e558ff3b0fb3d34516fdf6a799,10585
scripts/06_URTI_validation/DCSMI_URTI_endpoint_runner_EXECUTION_v1_0_SCAFFOLD.py,scaffold_not_final_endpoint_generator,53eacd680689432375c4d9812b89ac5f8202e208b21850742c5833b15ee930d9,3410
scripts/06_URTI_validation/reconstructed/reconstruct_DCSMI_URTI_endpoints_REPLAY_v1_0.py,reconstructed_exact_replay_audit,7bcc3f3dd3388fedf44ee2f8a7d5d2b7b85085c78e70e7011f114a2fb45fd38a,9472
scripts/06_URTI_validation/reconstructed/reconstruct_URTI_partial_disease_D_from_frozen_outputs_v1_0.py,reconstructed_forensic_utility,195a357bd73fbb8ddd1ac178ee14c9ceb493eaa2fbf0041fba516caee97c3b7f,3309
scripts/06_URTI_validation/reconstructed/run_DCSMI_URTI_endpoints_FUNCTIONAL_RECONSTRUCTION_v1_0.py,reconstructed_functional_reimplementation,3af8501dfaa0c301d22e3cd9c30fc78eedc5ed84a765b45a782d1501078737e3,19286
scripts/07_cross_layer_analysis/run_information_compression_v1_0_PORTABLE.py,portable_runnable,ec09719fe13788f543f8cca13d59701cad3ab1be46d3684baa4b838510d10db9,9812
scripts/data_preparation_reference/01_treatment/audit_and_extend_herb_target_mapping_v1_0.py,reference_preparation_script,6554e8c2dc29f3a85a2804552f65bc0f2321534cc4494106da338f8382110903,30043
scripts/data_preparation_reference/01_treatment/complete_herb_target_from_tcmid_web_v1_0.py,reference_preparation_script,775d2c65d6393a6395a7bf49b7185d513fa9678abf8b0def16c8a32b9b7653be,27323
scripts/data_preparation_reference/02_CAP/figure2.R,reference_preparation_script,69d700385c3891873855249aa39a2c3193869dd01d469fd2aec416ecab88901d,23950
scripts/data_preparation_reference/03_psoriasis/00A_prepare_verified_composition_csv.py,reference_preparation_script,a7df6d7491e00df78048a7adf6badea7b6f0caa1604e032d002682f3a0729940,2835
scripts/data_preparation_reference/03_psoriasis/00B_prepare_GPL23126_annotation.py,reference_preparation_script,8dbdee458fff13979c07bd2014075694afba51f9f7a9e55f701f91f143288f82,2584
scripts/data_preparation_reference/03_psoriasis/00_freeze_uploaded_inputs.py,reference_preparation_script,70e0d7cbfd4a9a7c52dcf378609630aae629a306bb305c0f0aaa432dca6fc0e1,4362
scripts/data_preparation_reference/03_psoriasis/01_build_psoriasis_prior_from_frozen_composition.py,reference_preparation_script,cc2f94ea9ffd0a078e95210543984733d2de615d6d43ffd8b1f081437e1bc231,4332
scripts/data_preparation_reference/03_psoriasis/02_prepare_GSE192867_within_disease.py,reference_preparation_script,c123a869b340b90a10cbb99a9a360ce037505dcc218a7cdd5b5dcb3a009ef1ca,4490
scripts/data_preparation_reference/03_psoriasis/03_build_independent_disease_background.py,reference_preparation_script,3ead91baead26f738126a6f91ab4710e3c1459ea9206e713fa7cc86b1d0824bd,2291
scripts/data_preparation_reference/03_psoriasis/prepare_GSE61281_ALL_GENES.py,reference_preparation_script,375f9b0f404069ca305db32d2c9ff3f90a3b628062de832e3cd0e4263fd40902,2192
scripts/data_preparation_reference/04_URTI/DCSMI_URTI_endpoint_runner_EXECUTION_v1_0.py,reference_preparation_script,53eacd680689432375c4d9812b89ac5f8202e208b21850742c5833b15ee930d9,3410
scripts/data_preparation_reference/04_URTI/audit_external_formula_sources_WindHeat_WindCold_v1_0.py,reference_preparation_script,f3444e377908aa302e2508770ea1b4105bab606a21804b2bf80f7e683ca27ea2,7177
scripts/data_preparation_reference/04_URTI/audit_external_syndrome_prior_quality_v1_0.py,reference_preparation_script,7db0f8b681c4f0c5d1f7938173e0c43169f7e9e5f3434f125c3efb19b5e9774f,5624
scripts/data_preparation_reference/04_URTI/build_external_syndrome_prior_WindHeat_WindCold_v1_1.py,reference_preparation_script,1af6040de97b536b01f43e62e15e4ec54bd6046ff2af26d6638a89821ed8c4c1,3520
scripts/data_preparation_reference/04_URTI/external_formula_herb_alias_audit_v1_0.py,reference_preparation_script,5c04c6fb3fcd1b637140ce0a576198acaae7da4e5bec3a0c4abe5461688ed65f,4564
scripts/data_preparation_reference/04_URTI/external_formula_herb_canonical_mapping_v1_0.py,reference_preparation_script,9a160ffc2b0f2c238332e596e6680b1ef5059e802fe2fb63f661a582b2583c5a,2588
scripts/data_preparation_reference/04_URTI/freeze_external_formula_composition_WindHeat_WindCold_v1_0.py,reference_preparation_script,925bdc13eebd9ea3487d33d81b992ccdab96b68737c9f66d549fb1815ccf8f71,4449
scripts/data_preparation_reference/04_URTI/freeze_external_formula_herb_canonicalization_v1_0.py,reference_preparation_script,c5ffd9a1f044f7bf9d51c02ef784d85f69972203ecf4476e06b2b0da9cd82f73,3694
scripts/data_preparation_reference/04_URTI/rebuild_DCSMI_external_target_prior_v1_2.py,reference_preparation_script,422468bd405eaeb5c0f239f985824107c0ec88d8a0fb40b787be52e0fd361845,5712
scripts/data_preparation_reference/05_provenance/build_DCSMI_Master_Asset_Audit_and_Final_Freeze_v1_0.py,reference_preparation_script,6b19d8f5e8592a567659809ae903aa828c5a925f153b4d5dd1f436637b206896,3698
scripts/data_preparation_reference/secondary/build_LOPO_shared_specific_projection_v1_0.py,reference_preparation_script,e04bc20551dad619d062ca8003fd75735b86ba01d637eda88d864f976449f6ce,43096
scripts/utilities/check_repository_integrity.py,portable_runnable,986341b698fb11e62dff671858eabb63b16060a700332cb1d9a77206a7fd9265,944
scripts/utilities/reconstruct_global_holm_from_frozen_raw_p.py,portable_runnable,298b4f0338cbed7b04994c0f15a5f45f212172e5ae10bed881738281c8755315,1795
