path,size_bytes,sha256
.gitignore,132,acc824b58111c4f85ae922e5744dc73acbd078c995e1e0c8459516c1c0ea1fca
CITATION.cff,977,6e88d2a2a15de7a9337e493e6371e40c5edef57404a06a39ee59bdf0d48eae7a
KNOWN_LIMITATIONS.md,3990,e8e5aeb0cf5b4a6435141f04f911f807911bcd8b0db4c1ec8d5a366448afa28c
LICENSE,1110,a81ebebc105130f45a38e2f93e2ca4351da0af74da635e04e65d7569cefc1a01
LICENSE_NOTICE.md,814,c3ea9ad4938f4681090ce0530565a2ef1c9eb1ab250c55abadd6ee0d455c40e0
MANUSCRIPT_ALIGNMENT_NOTES.md,881,da959eef632b0199e2d680588047d57c64031248b220eb634be9cf72b549f4e8
README.md,4447,0d6aec9f702b03ddd78176044c7554ab71ee569ae966fadc390363c7d4aba053
RELEASE_NOTES_v1.4.1.md,1555,c4efc74ff8f31e960aa5b531df409f9e01bb7cd4ac5a340cef61df39cb13abca
RUNNING_THE_REPOSITORY.md,4845,dec6767fc546a9e08fcbad5ac930d69a80983d7e9249e7e0935c4cbdbd9ee1e3
R_PACKAGES.md,472,3b2045cb042fe57adeba7f37ed319fc640a79edf586da910f440ee3a7990261b
config/freeze_statements/CAP_META_Z_FINAL_FREEZE_STATEMENT_v1_0_1.txt,4538,ff1cdb56caed80d4c3a43ded2af66cdd2e4a2fafe222861f6fd32aa8a855582c
config/freeze_statements/STRING_RWR_FINAL_FREEZE_STATEMENT_v1_0.txt,3829,39de01e8d1a49a6918d839b997e1b7d567657d84333fd7832b315a958b9ad81b
config/freeze_statements/SYNDROME_DISEASE_ALIGNMENT_FINAL_FREEZE_STATEMENT_v1_0_1.txt,4932,d39728c16d4c51f4d3b56d01652111e3cefce5edbfb784cdd64307346621136b
config/freeze_statements/TARGET_PROJECTION_FREEZE_STATEMENT_v1_1.txt,942,4c9b4e6b1f3abdcca72a4d6540a65fbcf7bd2f9af9b9941b83cebd7284605696
config/frozen_prespecification/BIAS_AWARE_GO_KEGG_PRESPEC_FREEZE_v1_0.txt,6513,694be211656f9c1760d504746e2b683081156c1198a46462f48c3877524e1ce7
config/frozen_prespecification/DCSMI_URTI_B1_TwoSyndrome_P3_Amendment_v1_0.json,2074,0ecd2f4de90d755a6759ddeb632cd609d082b87ee7b39ceb7c460dbd466bd605
config/frozen_prespecification/DCSMI_URTI_B1_TwoSyndrome_P3_Amendment_v1_0.txt,2499,346f25fbe9fddd8cc59d96a26795b0694bf5d2f338eceb888617670ba8ba3a4b
config/frozen_prespecification/DCSMI_URTI_Tier_freeze_manifest_v1_0.json,353,896a908bade00df7fd66769f43520ee7866e39e42923f93739e4412de6af13ec
config/frozen_prespecification/DCSMI_URTI_disease_background_Tier_freeze_v1_0.txt,2161,951b50ee8c1f8e81067a355f757e26f7d95a1e68506dc80466b13a5c60e468fd
config/frozen_prespecification/DCSMI_URTI_observed_O_FREEZE_MANIFEST.json,434,57f8379a7c78e040328d1b4de8e5979e8a57682d86eb10a79ec9167205dbccba
config/frozen_prespecification/DCSMI_v1_0_DATASET_INVENTORY.csv,4192,70a7fe134cf7c9453df16fd24ce54f53d806dd20139fcbacb524e0c57b124e44
config/frozen_prespecification/DCSMI_v1_0_FREEZE_METADATA.json,1506,333d8da10e599b867c6727dc27d726af4f8d138987bd6c76d6a9c24cdd37a867
config/frozen_prespecification/DCSMI_v1_0_PRESPECIFICATION_FREEZE.txt,32167,9c5cfdfd62ff500e715ae81cb1b0f0060b718128cedd48a685f88c8d1361d7a0
config/frozen_prespecification/INFORMATION_COMPRESSION_PRESPEC_FREEZE_v1_0.txt,4417,98c9c616365039255755734c2b6474d192d4997d4a15deeedaac5c1311f90e19
config/frozen_prespecification/PHASE12A_PRESPECIFICATION_FREEZE_v1_0.txt,6842,7a8da56d5d57854a061bbe9c1959fb9a28e1d7a6125972a1662f92c34206c025
config/frozen_prespecification/PSORIASIS_CODE_FREEZE_MANIFEST_v1_0_1.json,547,e16653a611a08eaee1a74a299883a6ce176c997e7e3c1432d498db207147c337
config/frozen_prespecification/PSORIASIS_DISEASE_BACKGROUND_AUDIT_VERDICT.json,1785,a8291017b0b3d22fe8faa44f9e5657ea840dffa049707c2661dba7d04604f89b
config/frozen_prespecification/PSORIASIS_DISEASE_BACKGROUND_FREEZE_MANIFEST.json,572,7d9bac33885605f5cc3d4b33943308e1aecf4f7f3ff512d709ca9a0834f1a701
config/frozen_prespecification/PSORIASIS_ENDPOINT_RUN_MANIFEST.json,732,8979a6573fbc0f4a2b9953c6ddc967d8738b32f97320f1fe1bb2e02b59401b00
config/path_setup.example.env,487,dfe1efb51084caad1af4d536fc1033b0c75c961f87a4dd26451d44107e981cfb
data/frozen_inputs/CAP/GSE103119_gene_level_all.csv,2718100,e08afc9786b9d89ab402028a2f80f4e99169bd86392156cad4e4ad7c6b1e4490
data/frozen_inputs/CAP/GSE196399_gene_level_all.csv,1986789,997f4d62ac4d6229c32b1f1eeda2db0f79f33335c9310821e854ff07efca33a2
data/frozen_inputs/URTI/DCSMI_URTI_O.csv,3344,9c36c155129d914e4516586c51f3db58d7a37f21910217b562c5c66bf38f6898
data/frozen_inputs/URTI/URTI_WH_WC_day1_sample_manifest_FROZEN.csv,1168,c625ee4671e45bed22dff6679f75a2cac5e82b62f17da7e4e36b27f9cd8a91bd
data/frozen_inputs/URTI/URTI_WH_day1_vs_WC_day1_ALL_GENES.csv,3292016,4c011fca5f70b0a9193ef4fee087c686e8cfebb54538ac5aa509fbbe38727ecd
data/frozen_inputs/URTI/WindHeat_WindCold_target_prior_374_FROZEN.csv,17847,3772b10f65acb69a495f52b779ed971bb7ba8f559f5ace7d7efc804eb023c72f
data/frozen_inputs/functional/GO_BP_TERM_ELIGIBILITY_AUDIT.csv,392281,99670b5f185320ed8689a5c32f2e29fae27ab970859a133c107000d4ed4c22cf
data/frozen_inputs/functional/KEGG_TERM_ELIGIBILITY_AUDIT.csv,17065,4f908dd5f9ed47da4decec1b883b67803a50fa701cc3fc172b3062e4b9f9dc62
data/frozen_inputs/functional/SYMBOL_ENTREZ_annotation.xlsx,3213045,18e0d37874627d07003f835d0f21c60a7eb14f352d129883dea0ac6a67aef4d2
data/frozen_inputs/psoriasis/GPL23126_exact_single_symbol.tsv,2238607,1dfd05d8fe4bdd3b91ef9f5b37c8d38d66d31b68d215b3362153512a62366144
data/frozen_inputs/psoriasis/GSE147339_psoriasis_vs_control_ALL_GENES.csv,1579419,420ee055777de3007cb7d8f7f4be13e9974b2c7aa4aaa539c404b24f7fd3f1bb
data/frozen_inputs/psoriasis/GSE192867_observed_Hallmark_O_FROZEN.csv,13301,0af0171f694951710b95be6118433036252584accdaa16fb8e72661156472dce
data/frozen_inputs/psoriasis/GSE192867_sample_manifest_FROZEN.csv,4290,dd2e2444968cd3f6f31241ea7c2061ddab60fac6732aee4f99960fd03850fcb7
data/frozen_inputs/psoriasis/matched_null_target_universe_and_strata_v1_0_1.csv,35635,a3871d4da3b3f4005833875f4e8d7c11e529214f6f93a95255f5acc5fffef297
data/frozen_inputs/psoriasis/psoriasis_target_prior_374_FROZEN.csv,27646,1f06bd65872248eefc0186697c6d1388ea2847a6ed85a716bb7c191761092e0b
data/frozen_inputs/treatment/04_frozen_syndrome_herb_weights_v1_0/FREEZE_STATEMENT_v1_0.txt,994,1a87b8c091d8aa66848ec24a25ae9efe758ece907ab6cbebe3af2385cb784bb7
data/frozen_inputs/treatment/04_frozen_syndrome_herb_weights_v1_0/FROZEN_weighting_rule_and_QA_v1_0.json,1959,1199d1b4fe2eeb2d778a80efeb6e145f33e723f3e179266a47deaa41539ad04e
data/frozen_inputs/treatment/04_frozen_syndrome_herb_weights_v1_0/FULL_LOPO_article_counts_v1_0.csv,199,53cdef9d3d9f4445baf93bf32befd68cd3737facc44b33115838ac759af2153e
data/frozen_inputs/treatment/04_frozen_syndrome_herb_weights_v1_0/FULL_shared_specific_decomposition_v1_0.csv,40328,6acf8cbcabfd4e13736384b875be5d09aca193b42627cc97dfd87330f43775ba
data/frozen_inputs/treatment/04_frozen_syndrome_herb_weights_v1_0/FULL_syndrome_herb_weights_complete_v1_0.csv,37616,a0f390e0f85e8eac5ddb1dbb933b1f0146d33b9a4aac82eb027fcb0c98012735
data/frozen_inputs/treatment/04_frozen_syndrome_herb_weights_v1_0/FULL_syndrome_herb_weights_observed_v1_0.csv,22483,e13f2565830bef64926d1807ad7341659017af5b67d3aa1aeffc568ac8a17667
data/frozen_inputs/treatment/04_frozen_syndrome_herb_weights_v1_0/FULL_top30_observed_herbs_by_syndrome_v1_0.csv,6492,d223bf3b14b566d140f189b4e0cc30d70eecd0f9df623e312a4c0e2168840db7
data/frozen_inputs/treatment/04_frozen_syndrome_herb_weights_v1_0/FULL_vs_LOPO_rank_stability_v1_0.csv,415,4de20c434a54952f2c9ac0ca3a1a18a80e7572382d4bfad9d8676414abe17569
data/frozen_inputs/treatment/04_frozen_syndrome_herb_weights_v1_0/LOPO_excluded_pneumonia_articles_v1_0.csv,9249,506e72a01d5434e5f391d6a21ca8e6131f52879a1122585259cb1877b9b68a0d
data/frozen_inputs/treatment/04_frozen_syndrome_herb_weights_v1_0/LOPO_herbs_losing_all_support_v1_0.csv,2410,a8ac485bd9c1837b76a1f9b1b0d1e49390c8160f59d8c516b8040cc086b0632f
data/frozen_inputs/treatment/04_frozen_syndrome_herb_weights_v1_0/LOPO_shared_specific_decomposition_v1_0.csv,43480,0b5717f93df61441c4bec994f520bf913d2f34870d49e92467103bf10b0ccd4d
data/frozen_inputs/treatment/04_frozen_syndrome_herb_weights_v1_0/LOPO_syndrome_herb_weights_complete_v1_0.csv,42736,782f614f69f0793ec0cad8ff39e62c98b71986120ce6527c6e55eff6ac58f7a9
data/frozen_inputs/treatment/04_frozen_syndrome_herb_weights_v1_0/LOPO_syndrome_herb_weights_observed_v1_0.csv,22737,4470442be38c5a7c92f191f790ee9d2d5799b707e8526b2f0d7239f7eec84d11
data/frozen_inputs/treatment/04_frozen_syndrome_herb_weights_v1_0/LOPO_top30_observed_herbs_by_syndrome_v1_0.csv,7537,eddcdcc2e152367ab1e163e2a2b22caa2bea6935a245e32f5d5da38a096cf43c
data/frozen_inputs/treatment/04_frozen_syndrome_herb_weights_v1_0/frozen_primary_observed_relations_v1_0.csv,66318,786ef6fcf613d8d668e413eb8e050f9a79e38c252a0cbe7027e288b2ef727b3e
data/frozen_inputs/treatment/04_frozen_syndrome_herb_weights_v1_0/frozen_syndrome_herb_weights_v1_0_summary.xlsx,24336,312dd5fb5283d2bf750fa1041a6e7b7fae33330a843887976a055b41441159fc
data/frozen_inputs/treatment/04_frozen_syndrome_herb_weights_v1_0/relation_role_QA_v1_0.csv,242,864dfa8b56680e5d533e5d72cffecea54f48d6c6c7754e717de4eb3cb0af7045
data/frozen_inputs/treatment/HERB_TARGET_LONG_TABLE.xlsx,685976,8ae983a96d1aab5480f0e365a52ea51fe51a584ff1968a0030094648da20b444
data/frozen_inputs/treatment/LOPO_SHARED_SPECIFIC_primary_target_profiles_v1_0.csv,143397,af66b3f49961b7a0e578e35b6c9bb86b7c84007f4c68d7efa4c286e6b9b85669
data/frozen_inputs/treatment/matched_null_target_universe_and_strata_v1_0_1.csv,35635,a3871d4da3b3f4005833875f4e8d7c11e529214f6f93a95255f5acc5fffef297
data/manifests/EXPECTED_EXTERNAL_INPUTS.csv,2899,1fc047cb3766244ce5355eea99a35823ad1830d6af96f1c46d4b1b3bddfe1385
environment.yml,315,4758c02620d6b80cb8545828b1c44eb618350e47d014b74d3e7ae79d5ec284ad
external_data/README.md,293,0b32152b040278402629a1baaed36b2859d3e331f08845a5d9c1471c5a5bcc0b
outputs/README.md,205,736fd83044251fe2ebb00bc042e218afd714b38fa4285e9ac3f8ebce04b21696
provenance/FOLDER_TREE.txt,19462,790b810cf359eee916b244c53ca597dac1fdc8df7bf6760df8bf6e45f62ccc7d
provenance/INTEGRITY_CHECK_LOG.txt,651,a34c48b4f9823c28821a3d9874a42e0ff3c58405bbe6c40c066ace495ac87764
provenance/OUTPUT_MANIFEST.csv,24488,1e978165394fac7281f4610c25a8a161bbd029f4bccb1453c49e4eee30893be1
provenance/PORTABILITY_ADAPTATIONS.csv,4319,9a20a34cd14c2beb7bb373710128683c6fdade9692da25e30c1d97746d7e21cf
provenance/PYTHON_COMPILE_CHECK.csv,5012,cfdc77af37252145632a30af0342f7d137356a2cd10b267d378cb0c5672095ab
provenance/RECONSTRUCTED_CODE_MANIFEST.csv,1453,1383c8a58db3ccd2158c049f852d4fbeaa5088d764509d82e973e2e1f30d1c91
provenance/REPRODUCTION_CHECKS.csv,2298,8269841a4726591cd637f7a7612e969f4cc6f9340fb9b58e8126720d5ab4f5fe
provenance/SCRIPT_MANIFEST.csv,6967,ffa561ee0ba2d17b8bf369f7797d133f387dd3226d5000aad869ab91e35ea5c5
provenance/original_frozen_scripts/01_target_projection/weighted_herb_target_projection_v1_1_FROZEN.py,36876,6e7a91acd5a62ba7cced50291a8bcfece51228dff2890662b4fd9ea44f8fdd40
provenance/original_frozen_scripts/02_topology_null/run_degree_preserving_herb_target_convergence_null_v1_0.py,32504,5c8790c9f62db625bbdc91a0552a01db15ed9e85497fbc5bd694af1ba60c708b
provenance/original_frozen_scripts/03_functional/run_functional_v1_0_EXECUTED.py,13190,fb27ac4048a17d4033f8a5065ef16ca202329f8281f1905e5bfd75f783e68b71
provenance/original_frozen_scripts/04_CAP/reconstruct_CAP_transcriptomic_metaZ_v1_0_1.py,30684,895653e62b67a9f02a3108e3efa1070714ed303a7c3c12aae6219432df61f3a9
provenance/original_frozen_scripts/04_CAP/run_direction_agnostic_CAP_perturbation_localization_v1_0.py,41839,e0c818acb911e975624ef2c53c6ecbd44bb3271c7a89e431fd581f9f32c71aff
provenance/original_frozen_scripts/04_CAP/run_projection_method_matched_null_ablation_v1_0.py,42500,fad51e22c67efa23cfcb70c70fee57ae26c8ffec848a13b08fbcd8feff9e86b5
provenance/original_frozen_scripts/04_CAP/run_shared_specific_CAP_alignment_matched_null_v1_0.py,57200,0d7c45f1b4dc21677f3153117dfff76403d9cb8f7c38a8b9606a32654b6a4870
provenance/original_frozen_scripts/04_CAP/run_string_rwr_frozen_v1_0.py,49867,9cbbfa230d4967aa45cefc19f84ccb8c28692a7216d8ace5e9d8cd683cf8d932
provenance/original_frozen_scripts/04_CAP/run_syndrome_disease_alignment_matched_null_v1_0_1.py,56561,149b9b4a77c8a094e7b938d83fbf8b223b60ecb7f6f74e1a41cfe33a4a179199
provenance/original_frozen_scripts/05_psoriasis/run_DCSMI_psoriasis_endpoints_v1_0_1.py,10585,384a6fdba1532bd08a40c7d4155afa230f7d58e558ff3b0fb3d34516fdf6a799
provenance/original_frozen_scripts/06_URTI/DCSMI_URTI_endpoint_runner_EXECUTION_v1_0.py,3410,53eacd680689432375c4d9812b89ac5f8202e208b21850742c5833b15ee930d9
provenance/original_frozen_scripts/07_cross_layer/run_information_compression_v1_0.py,9365,d39a0e814277263466e2ef5925ec612eafbc6950398dfa26ec0e4cb6d11b1ee2
provenance/reconstructed_URTI_validation/DCSMI_URTI_Aplus_RECONSTRUCTED.csv,2623,b3718529ebdd1093ca25676105f04b3a31adac0313d833f1497dc0b1a6d1f037
provenance/reconstructed_URTI_validation/DCSMI_URTI_primary_endpoints_RECONSTRUCTED_REPLAY.csv,509,677e0445a83589ca3813a022c4f8d252c4c17d34c819f0bd338e974d41718192
provenance/reconstructed_URTI_validation/RECONSTRUCTION_MANIFEST.json,1144,a6500d0b9246581ddc01e463454861a39cbfc9689f22993459c97472fe5b6461
provenance/reconstructed_URTI_validation/RECONSTRUCTION_QA_vs_frozen_endpoints.csv,1144,c5d3e36e3028a5e1fc092af17a9df9f1a362bb1eab139682d036d946c0d2b61e
provenance/reconstructed_URTI_validation/RECONSTRUCTION_STATUS.md,1944,fd088ccbbfb68a84db53f0ec585e7d6877b34d205cc94473f95e0d4e3feb9056
provenance/reconstructed_URTI_validation/URTI_disease_Hallmark_D_PARTIAL_RECONSTRUCTED.csv,3493,a12f7679508d87958009e92d39ca6e389cbdf82e763d1a44b59a40fd126e3979
provenance/reconstructed_URTI_validation/URTI_partial_D_RECONSTRUCTION_NOTES.json,568,c1e12b8e8b9a4e4cf442669306859ecce98c750034fe5c52a18fb1b443587284
provenance/reconstructed_multiplicity_check/P1_global_Holm_family_A.csv,215,d5065a00a9009f3a75ce324197357b05c01c73e088e61fd2a4729d6d768b7f27
provenance/reconstructed_multiplicity_check/P3_Holm_family_B_psoriasis_only.csv,156,fa2d341f1cfd99edefc1584206b6978477fc41189d355b3c4968019dfbc3dd37
requirements.txt,104,52e949fc3349b1af37953a79fb395a03d596aee53d87833b075f4faa2932d85c
results/README.md,360,53a979efa2e1997a1b93a6f35bddb8f9aba185e7d3ab25d33f38a8f58c618954
results/full_frozen_outputs/01_target_projection/FROZEN_herb_to_target_mapping_dictionary_v1_1.csv,45793,709fac26761667242c5754e4bc7c67be047f9398aea010542e25d195eea95e66
results/full_frozen_outputs/01_target_projection/LOPO_FROZEN_primary_target_weights_for_RWR_v1_1.csv,83031,9256cd3fe7ae142a91c7e081d97ba8a9225aa5aea3434c5f5673d53e5a10c9ef
results/full_frozen_outputs/01_target_projection/README_FREEZE_v1_1.txt,1687,304ef5268c400e16b2aeefa84e1740a3189e8d837e0271e76abc9a2abf17854f
results/full_frozen_outputs/01_target_projection/TARGET_PROJECTION_FREEZE_STATEMENT_v1_1.txt,942,4c9b4e6b1f3abdcca72a4d6540a65fbcf7bd2f9af9b9941b83cebd7284605696
results/full_frozen_outputs/01_target_projection/canonical_herb_target_pairs_v1_1.csv,374240,a6b283fe945885046b78141a94b6474d1acdef41a4ace8e941096fee95dff983
results/full_frozen_outputs/01_target_projection/degree_normalization_mass_conservation_QA_v1_1.csv,33944,8249473bd264c7295749c27dec8309fea90bca34ce5eb5769330601fbdf11ed7
results/full_frozen_outputs/01_target_projection/herb_target_mapping_QA_v1_1.csv,737,25cfb3f3c6849cf988d79a69f2569f8d7c733e39184450f6ddee04a80028eb3c
results/full_frozen_outputs/01_target_projection/herb_target_weight_contributions_v1_1.csv,8122858,ad3eb398caa68cc7a7f97afee5055652b0c70ca8f4f8d6c5aa605c5ef2ec4d54
results/full_frozen_outputs/01_target_projection/syndrome_target_projection_all_methods_v1_1.csv,365128,ab5a99b6c51ea0518eb210843f40e048bf2055a4a7a76864a16f4fa744c2aeaa
results/full_frozen_outputs/01_target_projection/syndrome_target_projection_summary_v1_1.csv,670,bd16474c511a8bb55da31cd2ad97e660e01f4f05846173a95638ddc4b7984a71
results/full_frozen_outputs/01_target_projection/target_database_herb_degree_v1_1.csv,2041,8f3e2031674a959e5f6af57b5506c54d4842e7e7893db23f0659804a07964bce
results/full_frozen_outputs/01_target_projection/target_database_target_ubiquity_v1_1.csv,11643,7a714cbfadd44033aabcc7178d4ff045bbc826f6cc5606705acc76fcad002bba
results/full_frozen_outputs/01_target_projection/target_space_pairwise_similarity_v1_1.csv,3112,f369c989b6cca8ca4c133baedce63cf89686da0079e94dc1adf421f29038b7ca
results/full_frozen_outputs/01_target_projection/target_space_topk_overlap_v1_1.csv,3508,c0459c52db8eb6d964e73a8d69bfabff5cdd6ffaff9c61da6aa9d0e0de8c433d
results/full_frozen_outputs/01_target_projection/top100_ubiquity_corrected_targets_v1_1.csv,103796,a0d2da18c2661ccc43db9b1a0a15078830421d32b5e9f693d359b17ba73b45b1
results/full_frozen_outputs/01_target_projection/unmapped_frozen_herbs_v1_1.csv,3573,2b1741c1b9c246594077f3df35c23b83086ad4f266ac392784079917d6247608
results/full_frozen_outputs/01_target_projection/weighted_herb_target_projection_run_metadata_v1_1.json,2285,86790eecb05d3b3fd4c0051b38813567d07352aa9c9763799975fed9904c7b21
results/full_frozen_outputs/01_target_projection/weighted_herb_target_projection_v1_1_summary.xlsx,99000,53a4c48426169099461732c07c9a9fef2ebe5c92d3f5c064d239a66bc3bf650f
results/full_frozen_outputs/02_topology_null/PHASE12A_FINAL_AUDIT_v1_0.txt,4642,ae219e45dd117ee1f9f35728c597d17ffe7aed421066bb14abe14ceed30464f3
results/full_frozen_outputs/02_topology_null/PHASE12A_FINAL_FREEZE_STATEMENT_v1_0.txt,2801,9ca246e68036006803f30485a1e9b4051ba4d0b9e8c369835b215c53ae803e5a
results/full_frozen_outputs/02_topology_null/PHASE12A_PRESPECIFICATION_FREEZE_v1_0.txt,6842,7a8da56d5d57854a061bbe9c1959fb9a28e1d7a6125972a1662f92c34206c025
results/full_frozen_outputs/02_topology_null/PHASE12A_RESULT_FREEZE_CANDIDATE_v1_0.txt,934,ec0f45e3c517b3d74ed479b60c701fbafd74c314c023e2bd881e995beaeceab1
results/full_frozen_outputs/02_topology_null/SHA256_MANIFEST_FINAL_v1_0.txt,2217,2f0b935761fec3174732a76c7b447501e704e524a05aede74d92148012273b29
results/full_frozen_outputs/02_topology_null/SHA256_MANIFEST_v1_0.csv,1782,2315c4fec6651801e06ffaae2daa154a24dfc39bc108a87807de3c24b7c19cca
results/full_frozen_outputs/02_topology_null/phase12A_chain1_first_retained_null_graph_v1_0.csv,200410,f8c55105f03a9bae68799f8846e3db9089725b41f10491f15d673c66d008776b
results/full_frozen_outputs/02_topology_null/phase12A_chain2_first_retained_null_graph_v1_0.csv,200410,1984b39302e3e5bbf84072de6d7afc1c18303336c503594e0ca20194856b7a20
results/full_frozen_outputs/02_topology_null/phase12A_chain3_first_retained_null_graph_v1_0.csv,200410,520ce3352846822656b75f50a21bdefab60c078a90eb5e68ef17b677c53ebfb3
results/full_frozen_outputs/02_topology_null/phase12A_chain4_first_retained_null_graph_v1_0.csv,200410,9e957acb2d9365b63aaf10ad10a46399ce912b78cf25887b75d0b848bae034e6
results/full_frozen_outputs/02_topology_null/phase12A_chain_mixing_QA_v1_0.csv,725,f09d5ea76b1b4245b43ba8470bb39f7fe99b5aac626e0c432c92ef2325d553b5
results/full_frozen_outputs/02_topology_null/phase12A_convergence_null_summary_v1_0.csv,2748,49616587d4ac30917384ce6065ca0f4c8bb7aac4c499ad8d28594e2a35c5e341
results/full_frozen_outputs/02_topology_null/phase12A_curveball_trade_QA_v1_0.csv,472,b392f3035c618cbd5e4cf65b0980e346f34c196593510f8f7c2b607a9a8f1660
results/full_frozen_outputs/02_topology_null/phase12A_degree_preservation_QA_v1_0.csv,1199,d922ec66b76ab8bf7f40ad3396295610fe3f308e28ec5d709c81db1a111debaf
results/full_frozen_outputs/02_topology_null/phase12A_degree_preserving_null_distribution_v1_0.csv,2090397,250a935a7d746c50e8ee330db3aa345b873f0b3d0419147d66b8fadd788efcb5
results/full_frozen_outputs/02_topology_null/phase12A_frozen_LOPO_herb_coefficients_v1_0.csv,18495,fafeb1ef7fa943619015eaba8b08a98f3ae1c91b11d5fef8b595275734e69f36
results/full_frozen_outputs/02_topology_null/phase12A_frozen_primary_reconstruction_QA_v1_0.csv,237,e47d9f5fb73bed02501f23ee292efdd144bb8930aac8ac4a6e7ec51e99915071
results/full_frozen_outputs/02_topology_null/phase12A_observed_convergence_metrics_v1_0.csv,394,98b4bd8f218b99b676444e8a2209ae57cdeaa1ecf0aafce04cfaf040cd5928b1
results/full_frozen_outputs/02_topology_null/phase12A_observed_target_profiles_crosscheck_v1_0.csv,78814,61643ac75cc4314511bf1b3a06aaeff6b16836f1f0e420e900b8b0f587eb36f0
results/full_frozen_outputs/02_topology_null/phase12A_run_metadata_v1_0.json,3129,7a41e1cd4130d1072e84fac56a1ce25954f88f51bb1414bf15c46eac2e3f38b0
results/full_frozen_outputs/02_topology_null/run_degree_preserving_herb_target_convergence_null_v1_0.py,32504,5c8790c9f62db625bbdc91a0552a01db15ed9e85497fbc5bd694af1ba60c708b
results/full_frozen_outputs/03_functional_characterization/ANNOTATION_AND_INPUT_QA.csv,374,8e6e228eac32e2035945d77553c26423c4c1d76e9ea0b7b1ed6e15b9cb75056f
results/full_frozen_outputs/03_functional_characterization/BIAS_AWARE_GO_KEGG_PRESPEC_FREEZE_v1_0.txt,6513,694be211656f9c1760d504746e2b683081156c1198a46462f48c3877524e1ce7
results/full_frozen_outputs/03_functional_characterization/EXECUTION_MANIFEST.json,1641,b7df88dfeea0ef9c5e584541e2dcf19208b296cbd8d37bb2ab43becbc0bafc15
results/full_frozen_outputs/03_functional_characterization/FINAL_EXECUTION_QA.csv,675,7cf81d92a48c9e717bae3879d610a2fd4fb9922a488ee44601a99eeafec088f5
results/full_frozen_outputs/03_functional_characterization/GO_BP_COMPLETE_ABSOLUTE_STRUCTURAL_NULL.csv,808394,beac177a12337026408f9d9ad27cb38b3790ab7d61851af95a66497a472696b2
results/full_frozen_outputs/03_functional_characterization/GO_BP_COMPLETE_PRIMARY_DIFFERENTIAL.csv,867604,d21cddcbaea32a034d61e49240d60c2207918f7fb738a5673851cd2445da18b6
results/full_frozen_outputs/03_functional_characterization/GO_BP_SHARED_DESCRIPTIVE.csv,275461,181511e2d40a28dc6d23a5b2417f2cf4375a921d4eb005d2d2f8ffd9bbfd62ee
results/full_frozen_outputs/03_functional_characterization/GO_BP_SPECIFIC_ONLY_DIFFERENTIAL_SENSITIVITY.csv,681221,e285bb38a3420cd9f732adb224369cf5ea47f75ce69755dedca02458979458d9
results/full_frozen_outputs/03_functional_characterization/GO_BP_TERM_ELIGIBILITY_AUDIT.csv,392281,99670b5f185320ed8689a5c32f2e29fae27ab970859a133c107000d4ed4c22cf
results/full_frozen_outputs/03_functional_characterization/KEGG_COMPLETE_ABSOLUTE_STRUCTURAL_NULL.csv,107634,c700488c6057d01ffd9cb612de3ff23e81abe309bac0e421531eb920e2913018
results/full_frozen_outputs/03_functional_characterization/KEGG_COMPLETE_PRIMARY_DIFFERENTIAL.csv,106359,6047112d63029967f85723243213f7de8f44db865cdaff2c4f778217d7b982cd
results/full_frozen_outputs/03_functional_characterization/KEGG_SHARED_DESCRIPTIVE.csv,33661,fc9b76c87914e79c739a80b638649256b5f9add61e605f5c583e35d526d69c24
results/full_frozen_outputs/03_functional_characterization/KEGG_SPECIFIC_ONLY_DIFFERENTIAL_SENSITIVITY.csv,81739,74471b94107a3bc19ac801d2b1e30bdae7c0c58b7442b1edcda8258a3e1ee945
results/full_frozen_outputs/03_functional_characterization/KEGG_TERM_ELIGIBILITY_AUDIT.csv,17065,4f908dd5f9ed47da4decec1b883b67803a50fa701cc3fc172b3062e4b9f9dc62
results/full_frozen_outputs/03_functional_characterization/PRIMARY_FUNCTIONAL_RESULT_SUMMARY.csv,239,a17c2d4f8b4ccc703d4506285991ad9e2b5d5c578fb4fed3c4e0477119512952
results/full_frozen_outputs/03_functional_characterization/README.md,373,9b893bac57c87b7c0245ccad1f69099bdf2467e700cde9c6f4eae6775ad2d8f9
results/full_frozen_outputs/03_functional_characterization/SCIENTIFIC_INTERPRETATION.md,1217,404404b2aebb49113e96c4f1d8fc8028ec7013a32a72b7d6d47ed7228a773fdd
results/full_frozen_outputs/03_functional_characterization/SCIENTIFIC_VERDICT.json,904,c0634f823042b746fc1b495bf5c5489a5e7dec377da4e02a02b4e53683693eea
results/full_frozen_outputs/03_functional_characterization/SHA256SUMS.txt,1993,93d449bcfdeaea1fba35cbe430e74f1fdc9b3d0338787504fb30b922b53ed4bf
results/full_frozen_outputs/03_functional_characterization/TOP_PRIMARY_DIFFERENTIAL_RESULTS.csv,18205,16c3dd73d7dc7a0112f17c72757ad42db9450270db2ce95a33a1c5e6c90ec69a
results/full_frozen_outputs/03_functional_characterization/run_functional_v1_0_EXECUTED.py,13190,fb27ac4048a17d4033f8a5065ef16ca202329f8281f1905e5bfd75f783e68b71
results/full_frozen_outputs/04_CAP_metaZ/CAP_CONTINUOUS_PRIMARY_equal_weight_metaZ_v1_0_1.csv,2262598,168d9a23c06df388b69f73d92b2e7811b1f5332dfb507893511367fd752be58e
results/full_frozen_outputs/04_CAP_metaZ/CAP_META_Z_FINAL_FREEZE_STATEMENT_v1_0_1.txt,4538,ff1cdb56caed80d4c3a43ded2af66cdd2e4a2fafe222861f6fd32aa8a855582c
results/full_frozen_outputs/04_CAP_metaZ/CAP_META_Z_FREEZE_CANDIDATE_v1_0_1.txt,1271,ab43f898a27de8dfe2597dd38737c6bc9469e9dcfa7607e86d2e6b542711c56d
results/full_frozen_outputs/04_CAP_metaZ/CAP_direction_consistent_metaFDR05_module_v1_0_1.csv,3084562,c296f917f250cb2c3377912ac94a1ded3e9dad2c70196273dce03c65e411659c
results/full_frozen_outputs/04_CAP_metaZ/CAP_equal_vs_neff_weighted_metaZ_sensitivity_v1_0_1.csv,1283602,4726bd1207b052445db04a4a38c14b9369c4b667f20e5d53b818f0aaad35f149
results/full_frozen_outputs/04_CAP_metaZ/CAP_legacy_684_discrepancy_audit_v1_0_1.csv,718,45c29a4396ff2b90c120e6958821124a109b288c13c85758a3a9c82b9d309459
results/full_frozen_outputs/04_CAP_metaZ/CAP_metaZ_all_shared_genes_v1_0_1.csv,4577778,cccb14e83fef3ac7dcd7abb480c16ff46d9214b3200dfb173cc04202eb5d16cc
results/full_frozen_outputs/04_CAP_metaZ/CAP_metaZ_cohort_input_QA_v1_0_1.csv,565,d6da3985fda3c754271377670c18c6f974b85598925c25c26ad94cd6bcb926a9
results/full_frozen_outputs/04_CAP_metaZ/CAP_metaZ_reproducibility_summary_v1_0_1.csv,828,f944aea5df3df64e4bbbf384a738a2d4d191433d5d67157dbaafd1ce148f9172
results/full_frozen_outputs/04_CAP_metaZ/CAP_strict_replicated_DEG_sensitivity_module_v1_0_1.csv,199214,f80210e0f40d36754e54bf3b7d82c9249d3238f28c6da94714f58af662fd0c6e
results/full_frozen_outputs/04_CAP_metaZ/CAP_top200_up_down_by_equal_metaZ_v1_0_1.csv,167694,ff2ce71ba3d1d670d37b7be509492f904c31d3942964626c85ed37923d724db1
results/full_frozen_outputs/04_CAP_metaZ/CAP_transcriptomic_metaZ_run_metadata_v1_0_1.json,4185,b32422108b4d203cae349ef44aad0821c6bd1cab712c4f6e72d0baa17bcaaac6
results/full_frozen_outputs/05_CAP_matched_null/CAP_alignment_RAW_gene_contributions_v1_0_1.csv,138041,f856d48cb220aa18cd4ca997bb972320bb59daac282fa89e6cf95fd3fcb43989
results/full_frozen_outputs/05_CAP_matched_null/CAP_alignment_full_matched_null_distribution_v1_0_1.csv.gz,1390047,7062555f8443581a46c3d328d77afa8d1a08095db411ea60e4e68f6cdf744f09
results/full_frozen_outputs/05_CAP_matched_null/CAP_alignment_matched_null_summary_v1_0_1.csv,2259,f2e67bc857e7d7d5055ac3b1a9062571b15e5cc07e028a6d0bd43644578a040a
results/full_frozen_outputs/05_CAP_matched_null/CAP_alignment_neff_metaZ_sensitivity_v1_0_1.csv,1021,46a4d605c5ec9cd03a969adedfb68775af69fb6de0b542628f3cd843c81d4b1e
results/full_frozen_outputs/05_CAP_matched_null/CAP_alignment_observed_RAW_primary_v1_0_1.csv,750,4e7689a56fdff4512f1bcdde1d884bbef90a4aa53bada6b0eafa6fe085d3df6e
results/full_frozen_outputs/05_CAP_matched_null/CAP_alignment_observed_RWR_secondary_v1_0_1.csv,504,add68d920ff8bb9d7e80b289546ec2137f3d873b2abb5afed71c20117cbfc24e
results/full_frozen_outputs/05_CAP_matched_null/CAP_alignment_paired_syndrome_difference_null_v1_0_1.csv,1886,5b99a442258df7cdd40e50cb76bac86ee90dbf798e02d21d767d6d2b14ea47cb
results/full_frozen_outputs/05_CAP_matched_null/RWR_alignment_adjoint_crosscheck_QA_v1_0_1.csv,770,3b449c8df7f5cf173e1a1497af3e1c19f14a0ec1d1d202dcb7f5f2b5d44f95d8
results/full_frozen_outputs/05_CAP_matched_null/SHA256_MANIFEST_v1_0_1.csv,1945,a01503bdcab0b0fa363bf0a5954c9357d68f5241e0ee825aa95cc0fb9aeb05ae
results/full_frozen_outputs/05_CAP_matched_null/SYNDROME_DISEASE_ALIGNMENT_FINAL_AUDIT_v1_0_1.csv,1451,f7f72c12c18b4df209977f8fbde090d416bb019de9bd0a6b1227dab2e1185477
results/full_frozen_outputs/05_CAP_matched_null/SYNDROME_DISEASE_ALIGNMENT_FINAL_FREEZE_STATEMENT_v1_0_1.txt,4932,d39728c16d4c51f4d3b56d01652111e3cefce5edbfb784cdd64307346621136b
results/full_frozen_outputs/05_CAP_matched_null/SYNDROME_DISEASE_ALIGNMENT_FREEZE_CANDIDATE_v1_0_1.txt,1795,aec3abee82376d777c480f7c4ddb66a5aaba829f15b1c5a15028e1b2f8e0d4da
results/full_frozen_outputs/05_CAP_matched_null/alignment_target_coverage_QA_v1_0_1.csv,575,da6f3399939512ba2f44111c0d39dc0620ad53ca3d0d79f66a4f8027901d4b89
results/full_frozen_outputs/05_CAP_matched_null/matched_null_strata_QA_v1_0_1.csv,992,34044ff058694d1581e5a599e715e5ce9a9c725ca1f97d5af107b544231eed3b
results/full_frozen_outputs/05_CAP_matched_null/matched_null_target_universe_and_strata_v1_0_1.csv,35635,a3871d4da3b3f4005833875f4e8d7c11e529214f6f93a95255f5acc5fffef297
results/full_frozen_outputs/05_CAP_matched_null/matched_null_weight_invariant_QA_v1_0_1.csv,4005,ed1b8d79a8a8c8c589ef0ee25f09b2b0f86e6712c81da9e6f0936fd69b8a2c75
results/full_frozen_outputs/05_CAP_matched_null/syndrome_disease_alignment_matched_null_run_metadata_v1_0_1.json,4332,f427a71e2c8d3d27d6356ecdc7309ac18cecc7a60541c870e868df13aa61eea8
results/full_frozen_outputs/06_psoriasis_external_validation/CODE_FREEZE_MANIFEST_v1_0_1.json,547,e16653a611a08eaee1a74a299883a6ce176c997e7e3c1432d498db207147c337
results/full_frozen_outputs/06_psoriasis_external_validation/DCSMI_psoriasis_Mtilde.csv,3013,58c41892c968921d9e662a766e1e2c933c9c907f628a59a3daa8d4ce079d7a85
results/full_frozen_outputs/06_psoriasis_external_validation/DCSMI_psoriasis_O_recomputed.csv,4332,510532ccff83d7fab729617adc22ae38e26502a1a71cc52a6ad0b1fd6b212529
results/full_frozen_outputs/06_psoriasis_external_validation/DCSMI_psoriasis_primary_endpoints.csv,829,cd3457fe246ac2dadf8fadb32a921c8e2b05debd23475ff9d2356e90f4010d01
results/full_frozen_outputs/06_psoriasis_external_validation/DCSMI_v1_0_PRESPECIFICATION_FREEZE.txt,32167,9c5cfdfd62ff500e715ae81cb1b0f0060b718128cedd48a685f88c8d1361d7a0
results/full_frozen_outputs/06_psoriasis_external_validation/ENDPOINT_RUN_MANIFEST.json,732,8979a6573fbc0f4a2b9953c6ddc967d8738b32f97320f1fe1bb2e02b59401b00
results/full_frozen_outputs/06_psoriasis_external_validation/P2_bootstrap_distribution.csv,113572,4deb937c36c05d9c640e383995ef7f4a70f48588ab7a7b063ece8511110a4be0
results/full_frozen_outputs/06_psoriasis_external_validation/SCIENTIFIC_VERDICT.json,847,7d33638fce785d9b7e0cf5c5dc10031a898b34b43b4222d783c25dda2e2d179a
results/full_frozen_outputs/06_psoriasis_external_validation/SHA256SUMS.txt,1002,0d2c06c2de72bd53c842d39b41851fba844808aa000d8b8917e2b36b9120a4a1
results/full_frozen_outputs/06_psoriasis_external_validation/matched_null_target_universe_and_strata_v1_0_1.csv,35635,a3871d4da3b3f4005833875f4e8d7c11e529214f6f93a95255f5acc5fffef297
results/full_frozen_outputs/07_URTI_external_validation/DCSMI_URTI_Mtilde.csv,2706,c60586009ecdf29d4120961ff53b1bcd9a57341defd508b2e84abfaf49394f15
results/full_frozen_outputs/07_URTI_external_validation/DCSMI_URTI_O.csv,3344,9c36c155129d914e4516586c51f3db58d7a37f21910217b562c5c66bf38f6898
results/full_frozen_outputs/07_URTI_external_validation/DCSMI_URTI_P1_null_distribution.csv,408177,c50f3209a45cb7a09a70907b6b4034d723a6216d865b3b39b57b33580b76ed59
results/full_frozen_outputs/07_URTI_external_validation/DCSMI_URTI_P2_bootstrap_distribution.csv,96893,5e1c2712655a290332a2789a7300a0ebf4d5143cc3442229b788f6e1b4b7c7b5
results/full_frozen_outputs/07_URTI_external_validation/DCSMI_URTI_primary_endpoints_rawP.csv,514,5dbf1eb4cc2f7246b4e6aa95b0a9d1e94e3fb1114fc8ba825a72c4267fe4d2d8
results/full_frozen_outputs/07_URTI_external_validation/README.txt,113,9ba6519290163be35cf082c5b36d13228ec41fbac16e867abf4e4d0fb7f88396
results/full_frozen_outputs/07_URTI_external_validation/WindHeat_WindCold_target_prior_374_FROZEN.csv,17847,3772b10f65acb69a495f52b779ed971bb7ba8f559f5ace7d7efc804eb023c72f
results/full_frozen_outputs/08_cross_layer_contraction/EXACT_CURVEBALL_CROSS_LAYER_NULL_10000.csv.gz,767503,67f2ebc03351de44dff1cc5065ab7eded5f18ad7fa9a480a752e16b32311341e
results/full_frozen_outputs/08_cross_layer_contraction/EXECUTION_QA.csv,191,f21d3d0f756e15f852bb99ed5205d83061901123506093ad18d47ca4d5da9537
results/full_frozen_outputs/08_cross_layer_contraction/FINAL_MANUSCRIPT_DECISION.md,2455,ef48c12effcdd3b8df308965b44d0459af39bd8a5ca0b546afd28b58edc505fa
results/full_frozen_outputs/08_cross_layer_contraction/GO_BP_TERM_ELIGIBILITY_AUDIT.csv,392281,99670b5f185320ed8689a5c32f2e29fae27ab970859a133c107000d4ed4c22cf
results/full_frozen_outputs/08_cross_layer_contraction/INFORMATION_COMPRESSION_PRESPEC_FREEZE_v1_0.txt,4417,98c9c616365039255755734c2b6474d192d4997d4a15deeedaac5c1311f90e19
results/full_frozen_outputs/08_cross_layer_contraction/KEGG_TERM_ELIGIBILITY_AUDIT.csv,17065,4f908dd5f9ed47da4decec1b883b67803a50fa701cc3fc172b3062e4b9f9dc62
results/full_frozen_outputs/08_cross_layer_contraction/MANUSCRIPT_DECISION.json,797,bc6107f58d39c7d83e01037864e606d8ab4526a4969bbebdda0de96a80fc472c
results/full_frozen_outputs/08_cross_layer_contraction/OBSERVED_CROSS_LAYER_DISCRIMINATION.csv,311,ceaad0e8b83f098408d71923f9b8cfa5ecae5ba38b7a9e204de7cb23c44f7ab9
results/full_frozen_outputs/08_cross_layer_contraction/RETENTION_RATIO_NULL_SUMMARY.csv,1001,ab33a4eb167c90bb66bcb11c14820043e09a7e905a95b7c83462c39e75f12183
results/full_frozen_outputs/08_cross_layer_contraction/SCIENTIFIC_INTERPRETATION.md,2030,6a34cbb235bd309bd77abbca34ffa9b6dc609c705bb5b374ea2ccce33eb73ae1
results/full_frozen_outputs/08_cross_layer_contraction/SHA256SUMS.txt,1985,98be737caee626c7ade50312c26374f2ffe641902c969952782ff198502d842c
results/full_frozen_outputs/08_cross_layer_contraction/STRUCTURAL_NULL_CROSS_LAYER_SUMMARY.csv,461,10a70db201f8207bbe2582355b05c129936edea9cee1b12a9925bb64ce75b423
results/full_frozen_outputs/08_cross_layer_contraction/run.log,850,beaba701c35dc72d1ddd0c138a7800a99a08ae5d65687db261a35d4bebec4f09
results/full_frozen_outputs/08_cross_layer_contraction/run_information_compression_v1_0.py,9365,d39a0e814277263466e2ef5925ec612eafbc6950398dfa26ec0e4cb6d11b1ee2
results/secondary_summaries/CAP_shared_specific_alignment_matched_null_summary_v1_0.csv,3269,f60dbcf0e346922049f795b9d679dce2c3323f3b921b1a444acdfdf5cbc9765c
results/secondary_summaries/RWR_pairwise_similarity_v1_0.csv,1071,994edd69040b06fc111eb61c3a2f9151903195089cb47202f38e6cd517f38af9
results/secondary_summaries/RWR_restart_sensitivity_stability_v1_0.csv,448,fbc0a147b235c1c179c56503e49bb5b4f193eab364fde7636c6bb59c265934c2
results/secondary_summaries/phase12B_PRIMARY_SHARED_meta_absZ_result_v1_0.csv,731,5145c7d228d5faeca1bbe88b75e3dcb8d9b6deb2b43a9ad62a706c2d1f93a6f0
results/secondary_summaries/projection_method_ablation_matched_null_summary_v1_0.csv,10029,516a2c5a55236b01384cad3b6d10d2063cdcf44172fd6a04401e3e1a04c841b4
scripts/01_target_projection/README.md,341,3427f5a0dbed82720538b38e15c0937ddca87efd34432ba0f109bc69e47ab89e
scripts/01_target_projection/weighted_herb_target_projection_v1_1_PORTABLE.py,36898,514b54c1cab8436fa1d135c049a246af4400387c61b51e1473ea174faa981413
scripts/02_topology_null/PHASE12A_PRESPECIFICATION_FREEZE_v1_0.txt,6842,7a8da56d5d57854a061bbe9c1959fb9a28e1d7a6125972a1662f92c34206c025
scripts/02_topology_null/README.md,415,e30521e80f9718bc7abe39387cddf91f9acc005e1bab4577d6b9e3492698b957
scripts/02_topology_null/run_degree_preserving_herb_target_convergence_null_v1_0_PORTABLE.py,32541,779eb26349195bd7a13e8c6451cadfd3092a50c5549003550a90231627a9ff19
scripts/03_functional_characterization/README.md,347,62675c4add507ade023e333ef48894ee65a050ed118892fdfc613ab2401cdf0b
scripts/03_functional_characterization/run_functional_v1_0_PORTABLE.py,13613,6407d18b6bf75280d5793fabf00ed2af455191c4f2412c14e3ecaafe319d9d4c
scripts/04_CAP_stress_tests/README.md,426,86ab0200f87850f5b50ef59da671a8dc4db08b4d21e5e78d2783c12855d326d7
scripts/04_CAP_stress_tests/reconstruct_CAP_transcriptomic_metaZ_v1_0_1_PORTABLE.py,30731,92e5cf544bafac868f3ca86f86d8ca8118f2d362a1b509f668d681e8ad7220f8
scripts/04_CAP_stress_tests/run_direction_agnostic_CAP_perturbation_localization_v1_0_PORTABLE.py,41886,0743902f4717cff71d26dbde212b4b8fe3cad43b686c52a9fb43276d0f425279
scripts/04_CAP_stress_tests/run_projection_method_matched_null_ablation_v1_0_PORTABLE.py,42547,0e64204cd66fb4da0e902660603d35ce3aa9a47820672b85e6d1d97f968c485c
scripts/04_CAP_stress_tests/run_shared_specific_CAP_alignment_matched_null_v1_0_PORTABLE.py,57247,21a7c6a9bed9f67bcaf517ba4e71c2d2712d5e644bb5c22cd8babbabe457acfc
scripts/04_CAP_stress_tests/run_string_rwr_frozen_v1_0_PORTABLE.py,49987,d93f4163ed7a151b28ef9b1cca39fb39042c37f17a82f858ec36a0b4dba1ea0a
scripts/04_CAP_stress_tests/run_syndrome_disease_alignment_matched_null_v1_0_1_PORTABLE.py,56608,7e46a08323c9f737cd5169e3596177e3e7394c2ebe0fc1fb6dca9098835b7f34
scripts/05_psoriasis_validation/README.md,411,89f0dfd01f34140f65ea7a258e5674f3802a27e81b9f676a948fc037738bfdee
scripts/05_psoriasis_validation/run_DCSMI_psoriasis_endpoints_v1_0_1.py,10585,384a6fdba1532bd08a40c7d4155afa230f7d58e558ff3b0fb3d34516fdf6a799
scripts/06_URTI_validation/DCSMI_URTI_endpoint_runner_EXECUTION_v1_0_SCAFFOLD.py,3410,53eacd680689432375c4d9812b89ac5f8202e208b21850742c5833b15ee930d9
scripts/06_URTI_validation/README.md,1074,c853acc0482665b0f06651da63b4c962a6105efdf3a1706e7d3567ff157683f5
scripts/06_URTI_validation/reconstructed/README.md,2691,a553c11ff61e105850e63261415a3f36d3dafaf4340ea8724d593bcbb11f0a26
scripts/06_URTI_validation/reconstructed/reconstruct_DCSMI_URTI_endpoints_REPLAY_v1_0.py,9472,7bcc3f3dd3388fedf44ee2f8a7d5d2b7b85085c78e70e7011f114a2fb45fd38a
scripts/06_URTI_validation/reconstructed/reconstruct_URTI_partial_disease_D_from_frozen_outputs_v1_0.py,3309,195a357bd73fbb8ddd1ac178ee14c9ceb493eaa2fbf0041fba516caee97c3b7f
scripts/06_URTI_validation/reconstructed/run_DCSMI_URTI_endpoints_FUNCTIONAL_RECONSTRUCTION_v1_0.py,19286,3af8501dfaa0c301d22e3cd9c30fc78eedc5ed84a765b45a782d1501078737e3
scripts/07_cross_layer_analysis/README.md,312,bbeb09e6ae26d7c7433c81b3ed05903238a658e6232fa68b988ef6e4a799a10a
scripts/07_cross_layer_analysis/run_information_compression_v1_0_PORTABLE.py,9812,ec09719fe13788f543f8cca13d59701cad3ab1be46d3684baa4b838510d10db9
scripts/data_preparation_reference/01_treatment/audit_and_extend_herb_target_mapping_v1_0.py,30043,6554e8c2dc29f3a85a2804552f65bc0f2321534cc4494106da338f8382110903
scripts/data_preparation_reference/01_treatment/complete_herb_target_from_tcmid_web_v1_0.py,27323,775d2c65d6393a6395a7bf49b7185d513fa9678abf8b0def16c8a32b9b7653be
scripts/data_preparation_reference/02_CAP/figure2.R,23950,69d700385c3891873855249aa39a2c3193869dd01d469fd2aec416ecab88901d
scripts/data_preparation_reference/03_psoriasis/00A_prepare_verified_composition_csv.py,2835,a7df6d7491e00df78048a7adf6badea7b6f0caa1604e032d002682f3a0729940
scripts/data_preparation_reference/03_psoriasis/00B_prepare_GPL23126_annotation.py,2584,8dbdee458fff13979c07bd2014075694afba51f9f7a9e55f701f91f143288f82
scripts/data_preparation_reference/03_psoriasis/00_freeze_uploaded_inputs.py,4362,70e0d7cbfd4a9a7c52dcf378609630aae629a306bb305c0f0aaa432dca6fc0e1
scripts/data_preparation_reference/03_psoriasis/01_build_psoriasis_prior_from_frozen_composition.py,4332,cc2f94ea9ffd0a078e95210543984733d2de615d6d43ffd8b1f081437e1bc231
scripts/data_preparation_reference/03_psoriasis/02_prepare_GSE192867_within_disease.py,4490,c123a869b340b90a10cbb99a9a360ce037505dcc218a7cdd5b5dcb3a009ef1ca
scripts/data_preparation_reference/03_psoriasis/03_build_independent_disease_background.py,2291,3ead91baead26f738126a6f91ab4710e3c1459ea9206e713fa7cc86b1d0824bd
scripts/data_preparation_reference/03_psoriasis/prepare_GSE61281_ALL_GENES.py,2192,375f9b0f404069ca305db32d2c9ff3f90a3b628062de832e3cd0e4263fd40902
scripts/data_preparation_reference/04_URTI/DCSMI_URTI_endpoint_runner_EXECUTION_v1_0.py,3410,53eacd680689432375c4d9812b89ac5f8202e208b21850742c5833b15ee930d9
scripts/data_preparation_reference/04_URTI/audit_external_formula_sources_WindHeat_WindCold_v1_0.py,7177,f3444e377908aa302e2508770ea1b4105bab606a21804b2bf80f7e683ca27ea2
scripts/data_preparation_reference/04_URTI/audit_external_syndrome_prior_quality_v1_0.py,5624,7db0f8b681c4f0c5d1f7938173e0c43169f7e9e5f3434f125c3efb19b5e9774f
scripts/data_preparation_reference/04_URTI/build_external_syndrome_prior_WindHeat_WindCold_v1_1.py,3520,1af6040de97b536b01f43e62e15e4ec54bd6046ff2af26d6638a89821ed8c4c1
scripts/data_preparation_reference/04_URTI/external_formula_herb_alias_audit_v1_0.py,4564,5c04c6fb3fcd1b637140ce0a576198acaae7da4e5bec3a0c4abe5461688ed65f
scripts/data_preparation_reference/04_URTI/external_formula_herb_canonical_mapping_v1_0.py,2588,9a160ffc2b0f2c238332e596e6680b1ef5059e802fe2fb63f661a582b2583c5a
scripts/data_preparation_reference/04_URTI/freeze_external_formula_composition_WindHeat_WindCold_v1_0.py,4449,925bdc13eebd9ea3487d33d81b992ccdab96b68737c9f66d549fb1815ccf8f71
scripts/data_preparation_reference/04_URTI/freeze_external_formula_herb_canonicalization_v1_0.py,3694,c5ffd9a1f044f7bf9d51c02ef784d85f69972203ecf4476e06b2b0da9cd82f73
scripts/data_preparation_reference/04_URTI/rebuild_DCSMI_external_target_prior_v1_2.py,5712,422468bd405eaeb5c0f239f985824107c0ec88d8a0fb40b787be52e0fd361845
scripts/data_preparation_reference/05_provenance/build_DCSMI_Master_Asset_Audit_and_Final_Freeze_v1_0.py,3698,6b19d8f5e8592a567659809ae903aa828c5a925f153b4d5dd1f436637b206896
scripts/data_preparation_reference/README.md,344,5c7e45c626b0f020843dc8401ff53cccfaa32618ac523c3246dc3a0a23c4c0e5
scripts/data_preparation_reference/secondary/build_LOPO_shared_specific_projection_v1_0.py,43096,e04bc20551dad619d062ca8003fd75735b86ba01d637eda88d864f976449f6ce
scripts/utilities/check_repository_integrity.py,944,986341b698fb11e62dff671858eabb63b16060a700332cb1d9a77206a7fd9265
scripts/utilities/reconstruct_global_holm_from_frozen_raw_p.py,1795,298b4f0338cbed7b04994c0f15a5f45f212172e5ae10bed881738281c8755315
